# NEST version: 3.9.0
# RecordingBackendASCII version: 2
sender	time_ms
2002	33.930
2038	34.860
2090	35.280
2094	34.860
2019	37.180
2036	37.500
2039	37.150
2082	36.550
2090	37.460
2098	37.420
2002	37.600
2013	38.030
2023	37.900
2027	38.820
2032	38.840
2047	38.480
2051	38.020
2094	37.970
2097	38.150
2002	40.180
2017	40.010
2028	39.410
2031	40.430
2033	40.230
2034	40.370
2040	39.850
2049	40.150
2059	40.360
2070	39.890
2071	39.990
2082	40.340
2085	39.400
2090	39.470
2004	41.840
2008	41.860
2010	41.150
2012	41.730
2019	41.670
2021	41.360
2027	40.830
2028	41.420
2035	41.260
2039	41.870
2048	40.710
2058	41.220
2064	41.200
2065	41.190
2069	41.740
2070	41.900
2075	41.470
2080	41.300
2083	41.200
2090	41.480
2091	41.170
2094	40.650
2095	40.650
2096	41.550
2099	41.200
2005	42.530
2006	42.460
2010	43.160
2021	43.370
2024	42.980
2027	42.840
2028	43.430
2030	42.390
2031	43.230
2034	42.630
2035	43.270
2036	42.470
2037	42.830
2042	43.170
2045	43.420
2048	43.470
2049	42.160
2050	42.670
2051	43.340
2055	42.420
2058	43.230
2061	42.260
2063	43.220
2065	43.200
2068	42.970
2071	42.030
2075	43.480
2078	42.850
2079	42.100
2080	43.310
2082	42.350
2085	42.520
2087	43.240
2091	43.180
2093	42.970
2095	42.660
2002	44.800
2004	44.630
2005	44.540
2006	44.470
2007	44.930
2012	44.450
2016	44.580
2018	44.840
2019	44.420
2020	44.690
2024	44.990
2027	44.850
2030	44.400
2032	44.660
2034	44.640
2036	44.990
2037	44.840
2039	43.880
2041	44.150
2044	44.950
2049	44.170
2050	44.680
2056	43.980
2059	43.970
2061	44.270
2062	44.580
2068	44.980
2069	43.750
2070	43.910
2071	44.040
2074	43.720
2079	44.110
2082	44.360
2083	44.350
2085	44.530
2086	44.510
2090	43.950
2095	44.670
2096	43.560
2097	44.610
2098	43.530
2099	44.090
2100	44.540
2003	46.010
2006	46.480
2008	45.960
2009	45.440
2010	45.840
2011	45.160
2012	46.460
2015	45.780
2017	45.320
2019	46.430
2021	45.940
2023	45.330
2028	45.440
2029	45.890
2030	46.410
2031	45.240
2035	45.280
2039	45.890
2041	46.160
2042	46.040
2043	45.590
2048	45.480
2049	46.180
2051	45.350
2052	45.050
2055	45.740
2056	45.990
2057	45.840
2058	45.240
2061	46.280
2063	45.230
2064	45.350
2065	45.230
2069	45.760
2070	45.920
2071	46.050
2073	45.920
2074	45.730
2075	45.490
2078	45.210
2079	46.120
2080	45.320
2083	46.360
2088	45.710
2090	45.960
2091	45.190
2093	46.340
2094	46.190
2096	45.570
2098	45.540
2099	46.100
2001	46.570
2002	46.810
2004	46.700
2005	46.550
2007	46.940
2008	47.970
2009	47.450
2011	47.170
2013	47.440
2014	47.360
2015	47.790
2016	46.820
2017	47.330
2018	46.850
2020	46.700
2021	47.950
2023	47.340
2024	47.000
2025	47.980
2027	46.860
2028	47.450
2029	47.900
2031	47.250
2032	46.670
2034	46.650
2035	47.290
2036	47.000
2037	46.850
2039	47.900
2043	47.600
2044	46.960
2048	47.490
2050	46.690
2051	47.360
2052	47.060
2053	46.850
2055	47.750
2056	48.000
2057	47.850
2058	47.250
2059	46.840
2062	46.590
2063	47.680
2064	47.360
2065	47.240
2068	46.990
2069	47.770
2070	47.930
2073	47.930
2074	47.740
2075	47.500
2077	46.960
2078	47.220
2080	47.330
2081	47.210
2085	46.540
2086	46.520
2088	47.720
2090	47.970
2091	47.200
2092	46.630
2095	46.680
2096	47.580
2097	46.620
2098	47.550
2100	46.550
2001	48.580
2002	48.820
2003	48.020
2004	48.710
2005	48.560
2006	48.490
2007	48.950
2009	49.460
2010	48.350
2011	49.180
2012	48.470
2013	49.450
2014	49.370
2016	48.830
2017	49.340
2018	48.860
2019	48.440
2020	48.710
2023	49.350
2024	49.010
2026	48.610
2027	48.870
2028	49.460
2030	48.420
2031	49.260
2032	48.680
2034	48.660
2036	49.010
2037	48.860
2038	48.680
2041	48.170
2042	48.190
2044	48.970
2045	49.180
2047	48.680
2048	49.500
2049	48.190
2050	48.700
2051	49.370
2052	49.070
2053	48.860
2054	48.850
2058	49.260
2059	48.850
2060	48.740
2061	48.290
2062	48.600
2064	49.370
2065	49.250
2068	49.000
2071	48.060
2072	48.530
2076	48.890
2077	49.080
2078	49.230
2079	48.130
2080	49.340
2081	49.220
2083	48.370
2084	48.790
2085	48.550
2086	48.530
2087	48.310
2089	49.390
2091	49.210
2092	48.640
2093	48.350
2094	48.200
2095	48.690
2097	48.630
2099	48.110
2100	48.560
2001	50.590
2002	50.830
2003	50.030
2004	50.720
2005	50.570
2006	50.500
2007	50.960
2008	49.980
2010	50.360
2012	50.480
2015	49.800
2016	50.840
2018	50.870
2019	50.450
2020	50.720
2021	49.960
2022	50.180
2025	49.990
2026	50.620
2027	50.880
2029	49.910
2030	50.430
2032	50.690
2033	50.020
2034	50.670
2037	50.870
2038	50.690
2039	49.910
2040	49.630
2041	50.180
2042	50.200
2043	49.610
2044	50.980
2047	50.690
2049	50.200
2050	50.710
2053	50.870
2054	50.860
2055	49.760
2056	50.010
2057	49.860
2059	50.860
2060	50.750
2061	50.300
2062	50.610
2063	50.310
2067	50.820
2069	49.780
2070	49.940
2071	50.070
2072	50.540
2073	49.940
2074	49.750
2075	49.510
2076	50.900
2079	50.140
2082	50.240
2083	50.380
2084	50.800
2085	50.560
2086	50.540
2087	50.320
2088	49.730
2090	49.980
2092	50.650
2093	50.360
2094	50.210
2095	50.700
2096	49.590
2097	50.640
2098	49.560
2099	50.120
2100	50.570
2003	52.040
2008	51.990
2009	51.470
2010	52.370
2011	51.190
2012	52.490
2013	51.460
2014	51.380
2015	51.810
2017	51.350
2019	52.460
2021	51.970
2022	52.190
2023	51.360
2024	51.020
2025	52.000
2028	51.470
2029	51.920
2030	52.440
2031	51.270
2033	52.030
2035	52.270
2036	51.020
2039	51.920
2040	51.640
2041	52.190
2042	52.210
2043	51.620
2045	51.190
2046	52.330
2048	51.510
2049	52.210
2051	51.380
2052	51.080
2055	51.770
2056	52.020
2057	51.870
2058	51.270
2061	52.310
2063	52.320
2064	51.380
2065	51.260
2066	52.450
2068	51.010
2069	51.790
2070	51.950
2071	52.080
2073	51.950
2074	51.760
2075	51.520
2077	51.090
2078	51.240
2079	52.150
2080	51.350
2081	51.230
2082	52.250
2083	52.390
2087	52.330
2088	51.740
2089	51.400
2090	51.990
2091	51.220
2093	52.370
2094	52.220
2096	51.600
2098	51.570
2099	52.130
2001	52.600
2002	52.840
2004	52.730
2005	52.580
2006	52.510
2007	52.970
2008	54.000
2009	53.480
2011	53.200
2013	53.470
2014	53.390
2015	53.820
2016	52.850
2017	53.360
2018	52.880
2020	52.730
2021	53.980
2023	53.370
2024	53.030
2026	52.630
2027	52.890
2028	53.480
2029	53.930
2031	53.280
2032	52.700
2034	52.680
2036	53.030
2037	52.880
2038	52.700
2039	53.930
2040	53.650
2043	53.630
2044	52.990
2045	53.200
2047	52.700
2048	53.520
2050	52.720
2051	53.390
2052	53.090
2053	52.880
2054	52.870
2055	53.780
2057	53.880
2058	53.280
2059	52.870
2060	52.760
2062	52.620
2064	53.390
2065	53.270
2067	52.830
2068	53.020
2069	53.800
2070	53.960
2072	52.550
2073	53.960
2074	53.770
2075	53.530
2076	52.910
2077	53.100
2078	53.250
2080	53.360
2081	53.240
2084	52.810
2085	52.570
2086	52.550
2088	53.750
2089	53.410
2090	54.000
2091	53.230
2092	52.660
2095	52.710
2096	53.610
2097	52.650
2098	53.580
2100	52.580
2001	54.610
2002	54.850
2003	54.050
2004	54.740
2005	54.590
2006	54.520
2007	54.980
2009	55.490
2010	54.380
2011	55.210
2012	54.500
2013	55.480
2014	55.400
2016	54.860
2017	55.370
2018	54.890
2019	54.470
2020	54.740
2022	54.200
2023	55.380
2024	55.040
2025	54.010
2026	54.640
2027	54.900
2028	55.490
2030	54.450
2031	55.290
2032	54.710
2033	54.040
2034	54.690
2035	54.280
2036	55.040
2037	54.890
2038	54.710
2041	54.200
2042	54.220
2044	55.000
2045	55.210
2046	54.340
2047	54.710
2049	54.220
2050	54.730
2051	55.400
2052	55.100
2053	54.890
2054	54.880
2056	54.030
2058	55.290
2059	54.880
2060	54.770
2061	54.320
2062	54.630
2063	54.330
2064	55.400
2065	55.280
2066	54.460
2067	54.840
2068	55.030
2071	54.090
2072	54.560
2076	54.920
2077	55.110
2078	55.260
2079	54.160
2080	55.370
2081	55.250
2082	54.260
2083	54.400
2084	54.820
2085	54.580
2086	54.560
2087	54.340
2089	55.420
2091	55.240
2092	54.670
2093	54.380
2094	54.230
2095	54.720
2097	54.660
2099	54.140
2100	54.590
2001	56.620
2002	56.860
2003	56.060
2004	56.750
2005	56.600
2006	56.530
2007	56.990
2008	56.010
2010	56.390
2012	56.510
2015	55.830
2016	56.870
2018	56.900
2019	56.480
2020	56.750
2021	55.990
2022	56.210
2025	56.020
2026	56.650
2027	56.910
2029	55.940
2030	56.460
2032	56.720
2033	56.050
2034	56.700
2035	56.290
2037	56.900
2038	56.720
2039	55.940
2040	55.660
2041	56.210
2042	56.230
2043	55.640
2046	56.350
2047	56.720
2048	55.530
2049	56.230
2050	56.740
2053	56.900
2054	56.890
2055	55.790
2056	56.040
2057	55.890
2059	56.890
2060	56.780
2061	56.330
2062	56.640
2063	56.340
2066	56.470
2067	56.850
2069	55.810
2070	55.970
2071	56.100
2072	56.570
2073	55.970
2074	55.780
2075	55.540
2076	56.930
2079	56.170
2082	56.270
2083	56.410
2084	56.830
2085	56.590
2086	56.570
2087	56.350
2088	55.760
2090	56.010
2092	56.680
2093	56.390
2094	56.240
2095	56.730
2096	55.620
2097	56.670
2098	55.590
2099	56.150
2100	56.600
2003	58.070
2008	58.020
2009	57.500
2010	58.400
2011	57.220
2013	57.490
2014	57.410
2015	57.840
2017	57.380
2019	58.490
2021	58.000
2022	58.220
2023	57.390
2024	57.050
2025	58.030
2028	57.500
2029	57.950
2030	58.470
2031	57.300
2033	58.060
2035	58.300
2036	57.050
2039	57.950
2040	57.670
2041	58.220
2042	58.240
2043	57.650
2044	57.010
2045	57.220
2046	58.360
2048	57.540
2049	58.240
2051	57.410
2052	57.110
2055	57.800
2056	58.050
2057	57.900
2058	57.300
2061	58.340
2063	58.350
2064	57.410
2065	57.290
2066	58.480
2068	57.040
2069	57.820
2070	57.980
2071	58.110
2073	57.980
2074	57.790
2075	57.550
2077	57.120
2078	57.270
2079	58.180
2080	57.380
2081	57.260
2082	58.280
2083	58.420
2087	58.360
2088	57.770
2089	57.430
2090	58.020
2091	57.250
2093	58.400
2094	58.250
2096	57.630
2098	57.600
2099	58.160
2001	58.630
2002	58.870
2004	58.760
2005	58.610
2006	58.540
2007	59.000
2009	59.510
2011	59.230
2012	58.520
2013	59.500
2014	59.420
2015	59.850
2016	58.880
2017	59.390
2018	58.910
2020	58.760
2023	59.400
2024	59.060
2026	58.660
2027	58.920
2028	59.510
2029	59.960
2031	59.310
2032	58.730
2034	58.710
2036	59.060
2037	58.910
2038	58.730
2039	59.960
2040	59.680
2043	59.660
2044	59.020
2045	59.230
2047	58.730
2048	59.550
2050	58.750
2051	59.420
2052	59.120
2053	58.910
2054	58.900
2055	59.810
2057	59.910
2058	59.310
2059	58.900
2060	58.790
2062	58.650
2064	59.420
2065	59.300
2067	58.860
2068	59.050
2069	59.830
2070	59.990
2072	58.580
2073	59.990
2074	59.800
2075	59.560
2076	58.940
2077	59.130
2078	59.280
2080	59.390
2081	59.270
2084	58.840
2085	58.600
2086	58.580
2088	59.780
2089	59.440
2091	59.260
2092	58.690
2095	58.740
2096	59.640
2097	58.680
2098	59.610
2100	58.610
2001	60.640
2002	60.880
2003	60.080
2004	60.770
2005	60.620
2006	60.550
2007	61.010
2008	60.030
2010	60.410
2011	61.240
2012	60.530
2014	61.430
2016	60.890
2017	61.400
2018	60.920
2019	60.500
2020	60.770
2021	60.010
2022	60.230
2023	61.410
2024	61.070
2025	60.040
2026	60.670
2027	60.930
2030	60.480
2031	61.320
2032	60.740
2033	60.070
2034	60.720
2035	60.310
2036	61.070
2037	60.920
2038	60.740
2041	60.230
2042	60.250
2044	61.030
2045	61.240
2046	60.370
2047	60.740
2049	60.250
2050	60.760
2051	61.430
2052	61.130
2053	60.920
2054	60.910
2056	60.060
2058	61.320
2059	60.910
2060	60.800
2061	60.350
2062	60.660
2063	60.360
2064	61.430
2065	61.310
2066	60.490
2067	60.870
2068	61.060
2071	60.120
2072	60.590
2076	60.950
2077	61.140
2078	61.290
2079	60.190
2080	61.400
2081	61.280
2082	60.290
2083	60.430
2084	60.850
2085	60.610
2086	60.590
2087	60.370
2089	61.450
2090	60.030
2091	61.270
2092	60.700
2093	60.410
2094	60.260
2095	60.750
2097	60.690
2099	60.170
2100	60.620
2001	62.650
2002	62.890
2003	62.090
2004	62.780
2005	62.630
2006	62.560
2008	62.040
2009	61.520
2010	62.420
2012	62.540
2013	61.510
2015	61.860
2016	62.900
2018	62.930
2019	62.510
2020	62.780
2021	62.020
2022	62.240
2025	62.050
2026	62.680
2027	62.940
2028	61.520
2029	61.970
2030	62.490
2032	62.750
2033	62.080
2034	62.730
2035	62.320
2037	62.930
2038	62.750
2039	61.970
2040	61.690
2041	62.240
2042	62.260
2043	61.670
2046	62.380
2047	62.750
2048	61.560
2049	62.260
2050	62.770
2053	62.930
2054	62.920
2055	61.820
2056	62.070
2057	61.920
2059	62.920
2060	62.810
2061	62.360
2062	62.670
2063	62.370
2066	62.500
2067	62.880
2069	61.840
2070	62.000
2071	62.130
2072	62.600
2073	62.000
2074	61.810
2075	61.570
2076	62.960
2079	62.200
2082	62.300
2083	62.440
2084	62.860
2085	62.620
2086	62.600
2087	62.380
2088	61.790
2090	62.040
2092	62.710
2093	62.420
2094	62.270
2095	62.760
2096	61.650
2097	62.700
2098	61.620
2099	62.180
2100	62.630
2003	64.100
2007	63.020
2008	64.050
2009	63.530
2010	64.430
2011	63.250
2013	63.520
2014	63.440
2015	63.870
2017	63.410
2021	64.030
2022	64.250
2023	63.420
2024	63.080
2025	64.060
2028	63.530
2029	63.980
2030	64.500
2031	63.330
2033	64.090
2035	64.330
2036	63.080
2039	63.980
2040	63.700
2041	64.250
2042	64.270
2043	63.680
2044	63.040
2045	63.250
2046	64.390
2048	63.570
2049	64.270
2051	63.440
2052	63.140
2055	63.830
2056	64.080
2057	63.930
2058	63.330
2061	64.370
2063	64.380
2064	63.440
2065	63.320
2068	63.070
2069	63.850
2070	64.010
2071	64.140
2073	64.010
2074	63.820
2075	63.580
2077	63.150
2078	63.300
2079	64.210
2080	63.410
2081	63.290
2082	64.310
2083	64.450
2087	64.390
2088	63.800
2089	63.460
2090	64.050
2091	63.280
2093	64.430
2094	64.280
2096	63.660
2098	63.630
2099	64.190
2001	64.660
2002	64.900
2004	64.790
2005	64.640
2006	64.570
2007	65.030
2009	65.540
2011	65.260
2012	64.550
2013	65.530
2014	65.450
2015	65.880
2016	64.910
2017	65.420
2018	64.940
2019	64.520
2020	64.790
2023	65.430
2024	65.090
2026	64.690
2027	64.950
2028	65.540
2029	65.990
2031	65.340
2032	64.760
2034	64.740
2036	65.090
2037	64.940
2038	64.760
2039	65.990
2040	65.710
2043	65.690
2044	65.050
2045	65.260
2047	64.760
2048	65.580
2050	64.780
2051	65.450
2052	65.150
2053	64.940
2054	64.930
2055	65.840
2057	65.940
2058	65.340
2059	64.930
2060	64.820
2062	64.680
2064	65.450
2065	65.330
2066	64.510
2067	64.890
2068	65.080
2069	65.860
2072	64.610
2074	65.830
2075	65.590
2076	64.970
2077	65.160
2078	65.310
2080	65.420
2081	65.300
2084	64.870
2085	64.630
2086	64.610
2088	65.810
2089	65.470
2091	65.290
2092	64.720
2095	64.770
2096	65.670
2097	64.710
2098	65.640
2100	64.640
2001	66.670
2002	66.910
2003	66.110
2004	66.800
2005	66.650
2006	66.580
2007	67.040
2008	66.060
2010	66.440
2011	67.270
2012	66.560
2014	67.460
2016	66.920
2017	67.430
2018	66.950
2019	66.530
2020	66.800
2021	66.040
2022	66.260
2023	67.440
2024	67.100
2025	66.070
2026	66.700
2027	66.960
2030	66.510
2031	67.350
2032	66.770
2033	66.100
2034	66.750
2035	66.340
2036	67.100
2037	66.950
2038	66.770
2041	66.260
2042	66.280
2044	67.060
2045	67.270
2046	66.400
2047	66.770
2049	66.280
2050	66.790
2051	67.460
2052	67.160
2053	66.950
2054	66.940
2056	66.090
2058	67.350
2059	66.940
2060	66.830
2061	66.380
2062	66.690
2063	66.390
2064	67.460
2065	67.340
2066	66.520
2067	66.900
2068	67.090
2070	66.020
2071	66.150
2072	66.620
2073	66.020
2076	66.980
2077	67.170
2078	67.320
2079	66.220
2080	67.430
2081	67.310
2082	66.320
2083	66.460
2084	66.880
2085	66.640
2086	66.620
2087	66.400
2089	67.480
2090	66.060
2091	67.300
2092	66.730
2093	66.440
2094	66.290
2095	66.780
2097	66.720
2099	66.200
2100	66.650
2001	68.680
2002	68.920
2003	68.120
2004	68.810
2005	68.660
2006	68.590
2008	68.070
2009	67.550
2010	68.450
2012	68.570
2013	67.540
2015	67.890
2016	68.930
2018	68.960
2019	68.540
2020	68.810
2021	68.050
2022	68.270
2025	68.080
2026	68.710
2027	68.970
2028	67.550
2029	68.000
2030	68.520
2032	68.780
2033	68.110
2034	68.760
2035	68.350
2037	68.960
2038	68.780
2039	68.000
2040	67.720
2041	68.270
2042	68.290
2043	67.700
2046	68.410
2047	68.780
2048	67.590
2049	68.290
2050	68.800
2053	68.960
2054	68.950
2055	67.850
2056	68.100
2057	67.950
2059	68.950
2060	68.840
2061	68.390
2062	68.700
2063	68.400
2066	68.530
2067	68.910
2069	67.870
2070	68.030
2071	68.160
2072	68.630
2073	68.030
2074	67.840
2075	67.600
2076	68.990
2079	68.230
2082	68.330
2083	68.470
2084	68.890
2085	68.650
2086	68.630
2087	68.410
2088	67.820
2090	68.070
2092	68.740
2093	68.450
2094	68.300
2095	68.790
2096	67.680
2097	68.730
2098	67.650
2099	68.210
2100	68.660
2003	70.130
2007	69.050
2008	70.080
2009	69.560
2010	70.460
2011	69.280
2013	69.550
2014	69.470
2015	69.900
2017	69.440
2021	70.060
2022	70.280
2023	69.450
2024	69.110
2025	70.090
2028	69.560
2029	70.010
2031	69.360
2033	70.120
2035	70.360
2036	69.110
2039	70.010
2040	69.730
2041	70.280
2042	70.300
2043	69.710
2044	69.070
2045	69.280
2046	70.420
2048	69.600
2049	70.300
2051	69.470
2052	69.170
2055	69.860
2056	70.110
2057	69.960
2058	69.360
2061	70.400
2063	70.410
2064	69.470
2065	69.350
2068	69.100
2069	69.880
2070	70.040
2071	70.170
2073	70.040
2074	69.850
2075	69.610
2077	69.180
2078	69.330
2079	70.240
2080	69.440
2081	69.320
2082	70.340
2083	70.480
2087	70.420
2088	69.830
2089	69.490
2090	70.080
2091	69.310
2093	70.460
2094	70.310
2096	69.690
2098	69.660
2099	70.220
2001	70.690
2002	70.930
2004	70.820
2005	70.670
2006	70.600
2007	71.060
2009	71.570
2011	71.290
2012	70.580
2013	71.560
2014	71.480
2015	71.910
2016	70.940
2017	71.450
2018	70.970
2019	70.550
2020	70.820
2023	71.460
2024	71.120
2026	70.720
2027	70.980
2028	71.570
2030	70.530
2031	71.370
2032	70.790
2034	70.770
2036	71.120
2037	70.970
2038	70.790
2040	71.740
2043	71.720
2044	71.080
2045	71.290
2047	70.790
2048	71.610
2050	70.810
2051	71.480
2052	71.180
2053	70.970
2054	70.960
2055	71.870
2057	71.970
2058	71.370
2059	70.960
2060	70.850
2062	70.710
2064	71.480
2065	71.360
2066	70.540
2067	70.920
2068	71.110
2069	71.890
2072	70.640
2074	71.860
2075	71.620
2076	71.000
2077	71.190
2078	71.340
2080	71.450
2081	71.330
2084	70.900
2085	70.660
2086	70.640
2088	71.840
2089	71.500
2091	71.320
2092	70.750
2095	70.800
2096	71.700
2097	70.740
2098	71.670
2100	70.670
2001	72.700
2002	72.940
2003	72.140
2004	72.830
2005	72.680
2006	72.610
2007	73.070
2008	72.090
2010	72.470
2011	73.300
2012	72.590
2014	73.490
2016	72.950
2017	73.460
2018	72.980
2019	72.560
2020	72.830
2021	72.070
2022	72.290
2023	73.470
2024	73.130
2025	72.100
2026	72.730
2027	72.990
2029	72.020
2030	72.540
2031	73.380
2032	72.800
2033	72.130
2034	72.780
2035	72.370
2036	73.130
2037	72.980
2038	72.800
2039	72.020
2041	72.290
2042	72.310
2044	73.090
2045	73.300
2046	72.430
2047	72.800
2049	72.310
2050	72.820
2051	73.490
2052	73.190
2053	72.980
2054	72.970
2056	72.120
2058	73.380
2059	72.970
2060	72.860
2061	72.410
2062	72.720
2063	72.420
2064	73.490
2065	73.370
2066	72.550
2067	72.930
2068	73.120
2070	72.050
2071	72.180
2072	72.650
2073	72.050
2076	73.010
2077	73.200
2078	73.350
2079	72.250
2080	73.460
2081	73.340
2082	72.350
2083	72.490
2084	72.910
2085	72.670
2086	72.650
2087	72.430
2090	72.090
2091	73.330
2092	72.760
2093	72.470
2094	72.320
2095	72.810
2097	72.750
2099	72.230
2100	72.680
2001	74.710
2002	74.950
2003	74.150
2004	74.840
2005	74.690
2006	74.620
2008	74.100
2009	73.580
2010	74.480
2012	74.600
2013	73.570
2015	73.920
2016	74.960
2019	74.570
2020	74.840
2021	74.080
2022	74.300
2025	74.110
2026	74.740
2027	75.000
2028	73.580
2029	74.030
2030	74.550
2032	74.810
2033	74.140
2034	74.790
2035	74.380
2037	74.990
2038	74.810
2039	74.030
2040	73.750
2041	74.300
2042	74.320
2043	73.730
2046	74.440
2047	74.810
2048	73.620
2049	74.320
2053	74.990
2054	74.980
2055	73.880
2056	74.130
2057	73.980
2059	74.980
2060	74.870
2061	74.420
2062	74.730
2063	74.430
2066	74.560
2067	74.940
2069	73.900
2070	74.060
2071	74.190
2072	74.660
2073	74.060
2074	73.870
2082	74.360
2083	74.500
2084	74.920
2085	74.680
2086	74.660
2087	74.440
2088	73.850
2089	73.510
2090	74.100
2092	74.770
2093	74.480
2094	74.330
2095	74.820
2096	73.710
2097	74.760
2098	73.680
2099	74.240
2100	74.690
2007	75.080
2008	76.110
2009	75.590
2010	76.490
2011	75.310
2013	75.580
2014	75.500
2015	75.930
2017	75.470
2021	76.090
2022	76.310
2024	75.140
2025	76.120
2028	75.590
2029	76.040
2033	76.150
2035	76.390
2036	75.140
2040	75.760
2042	76.330
2043	75.740
2044	75.100
2045	75.310
2046	76.450
2048	75.630
2049	76.330
2051	75.500
2052	75.200
2056	76.140
2058	75.390
2061	76.430
2063	76.440
2064	75.500
2065	75.380
2069	75.910
2070	76.070
2074	75.880
2076	75.020
2077	75.210
2078	75.360
2080	75.470
2081	75.350
2082	76.370
2087	76.450
2088	75.860
2089	75.520
2090	76.110
2091	75.340
2099	76.250
2004	76.850
2007	77.090
2009	77.600
2014	77.510
2016	76.970
2019	76.580
2020	76.850
2026	76.750
2027	77.010
2038	76.820
2040	77.770
2045	77.320
2047	76.820
2048	77.640
2053	77.000
2054	76.990
2059	76.990
2060	76.880
2062	76.740
2064	77.510
2066	76.570
2067	76.950
2069	77.920
2072	76.670
2076	77.030
2077	77.220
2078	77.370
2080	77.480
2081	77.360
2084	76.930
2089	77.530
2091	77.350
2092	76.780
2095	76.830
2008	78.120
2010	78.500
2016	78.980
2021	78.100
2022	78.320
2025	78.130
2033	78.160
2035	78.400
2046	78.460
2054	79.000
2059	79.000
2060	78.890
2063	78.450
2066	78.580
2067	78.960
2077	79.230
2081	79.370
2082	78.380
2090	78.120
2095	78.840
2099	78.260
2014	79.520
2022	80.330
2033	80.170
2035	80.410
2046	80.470
2066	80.590
2035	82.420
2031	144.040
2065	147.060
2093	147.140
2100	147.580
2028	149.640
2093	149.920
2005	150.320
2008	151.410
2015	151.480
2030	150.370
2052	150.760
2065	151.210
2083	151.220
2100	150.500
2075	152.810
2090	152.660
2092	151.780
2002	153.340
2005	153.960
2008	154.440
2012	154.340
2015	153.490
2040	153.990
2042	154.450
2045	154.040
2052	154.090
2058	154.030
2061	153.300
2067	153.260
2071	154.400
2083	153.230
2084	153.980
2085	154.340
2001	155.770
2002	155.350
2005	155.970
2015	155.500
2019	155.120
2024	155.830
2028	155.250
2031	155.400
2035	155.290
2040	156.000
2044	155.150
2053	155.670
2057	154.670
2061	155.600
2063	154.970
2070	154.700
2072	155.980
2073	155.270
2074	155.790
2083	155.240
2084	155.990
2087	155.830
2088	154.590
2092	154.910
2096	155.360
2002	157.360
2006	156.550
2009	156.940
2010	156.870
2012	156.350
2016	156.480
2019	157.330
2021	156.200
2028	157.260
2029	156.100
2031	157.410
2033	156.610
2035	157.300
2036	156.820
2037	156.460
2042	156.460
2045	156.550
2047	156.450
2049	157.270
2051	157.140
2055	156.170
2056	156.380
2057	156.850
2058	156.040
2063	157.110
2067	156.970
2070	156.710
2071	156.410
2079	157.330
2080	157.450
2082	157.300
2083	157.250
2085	156.810
2088	156.600
2092	157.400
2094	156.430
2095	156.860
2096	157.370
2001	157.780
2005	158.700
2006	158.760
2011	157.740
2012	158.360
2013	158.040
2015	157.510
2016	158.490
2020	158.220
2021	158.210
2023	157.740
2029	158.110
2030	158.260
2033	158.620
2037	158.470
2038	158.150
2040	158.010
2041	158.590
2042	158.820
2044	158.220
2045	158.560
2047	158.460
2048	158.310
2053	157.680
2055	158.440
2056	158.390
2058	158.050
2061	157.610
2062	158.760
2065	158.650
2067	158.980
2070	158.720
2071	158.420
2072	157.990
2073	158.190
2074	157.800
2084	158.000
2086	158.790
2088	158.610
2089	158.440
2094	158.440
2095	158.870
2098	158.150
2099	158.530
2001	159.790
2002	159.370
2007	159.380
2010	159.460
2011	159.750
2012	160.370
2015	159.520
2016	160.500
2018	160.490
2019	159.340
2020	160.230
2021	160.220
2022	160.240
2023	159.750
2027	159.760
2028	159.270
2029	160.120
2030	160.270
2031	159.420
2032	159.090
2034	159.640
2035	159.310
2036	160.150
2037	160.480
2038	160.160
2040	160.020
2043	159.090
2044	160.230
2046	159.300
2047	160.470
2048	160.320
2049	159.280
2050	159.640
2051	159.150
2053	159.690
2054	159.360
2056	160.400
2057	159.140
2058	160.060
2061	159.760
2063	159.120
2064	159.290
2068	159.010
2071	160.430
2072	160.000
2073	160.200
2074	159.810
2075	159.410
2076	160.270
2077	159.560
2079	159.340
2080	159.460
2081	159.520
2082	159.470
2084	160.010
2085	159.570
2089	160.450
2092	159.410
2094	160.450
2096	159.380
2001	161.800
2002	161.380
2006	160.770
2007	161.630
2008	160.510
2009	161.680
2010	161.470
2011	161.760
2013	161.420
2017	160.900
2019	161.350
2023	161.760
2024	161.190
2025	160.660
2026	160.650
2027	161.770
2028	161.280
2031	161.430
2032	161.100
2033	160.630
2034	161.650
2035	161.320
2041	160.600
2042	160.850
2043	161.100
2045	160.570
2046	161.310
2049	161.290
2050	161.650
2051	161.160
2053	161.700
2054	161.370
2055	161.540
2057	161.150
2060	161.590
2061	161.770
2062	160.770
2063	161.130
2064	161.300
2065	161.740
2066	160.910
2067	160.990
2068	161.020
2069	161.190
2070	160.730
2074	161.820
2075	161.420
2077	161.570
2078	161.050
2079	161.350
2080	161.470
2081	161.530
2082	161.480
2085	161.580
2086	160.800
2088	160.620
2092	161.420
2093	160.570
2095	160.880
2096	161.390
2097	160.780
2098	161.540
2099	160.540
2002	163.390
2003	162.420
2006	162.780
2008	162.520
2010	163.480
2012	162.380
2013	163.430
2014	163.330
2015	163.220
2016	162.510
2017	162.990
2018	162.500
2019	163.360
2020	162.240
2021	162.230
2022	162.250
2024	163.200
2025	162.670
2026	162.660
2028	163.290
2029	162.130
2030	162.280
2031	163.440
2032	163.110
2033	162.640
2035	163.330
2036	162.160
2037	162.490
2038	162.170
2040	162.030
2041	162.610
2042	162.860
2043	163.110
2044	162.240
2045	162.580
2046	163.320
2047	162.480
2048	162.330
2049	163.300
2051	163.170
2054	163.380
2056	162.410
2057	163.160
2058	162.070
2059	162.470
2062	162.780
2063	163.140
2064	163.310
2066	162.920
2067	163.000
2068	163.030
2069	163.200
2070	162.740
2071	162.440
2072	162.010
2073	162.210
2075	163.430
2076	162.280
2078	163.060
2079	163.360
2080	163.480
2082	163.490
2083	162.850
2084	162.020
2086	162.810
2087	162.130
2088	162.630
2089	162.460
2090	162.240
2091	162.410
2092	163.430
2093	162.580
2094	162.460
2095	162.890
2096	163.400
2097	162.790
2099	162.550
2100	163.340
2001	163.810
2003	164.430
2005	163.840
2006	164.790
2007	163.640
2008	164.530
2009	163.690
2011	163.770
2012	164.390
2016	164.520
2017	165.000
2018	164.510
2020	164.250
2021	164.240
2022	164.260
2023	163.770
2025	164.680
2026	164.670
2027	163.780
2029	164.140
2030	164.290
2033	164.650
2034	163.660
2036	164.170
2037	164.500
2038	164.180
2040	164.040
2041	164.620
2042	164.870
2044	164.250
2045	164.590
2047	164.490
2048	164.340
2050	163.660
2052	164.220
2053	163.710
2055	164.970
2056	164.420
2058	164.080
2059	164.480
2060	163.600
2061	163.780
2062	164.790
2065	163.750
2066	164.930
2070	164.750
2071	164.450
2072	164.020
2073	164.220
2074	163.830
2076	164.290
2077	163.580
2081	163.540
2083	164.860
2084	164.030
2085	163.590
2086	164.820
2087	164.140
2088	164.640
2089	164.470
2090	164.250
2091	164.420
2093	164.590
2094	164.470
2095	164.900
2097	164.800
2098	163.550
2099	164.560
2001	165.820
2002	165.400
2003	166.440
2004	165.740
2005	165.850
2007	165.650
2009	165.700
2010	165.490
2011	165.780
2012	166.400
2013	165.440
2014	165.340
2015	165.230
2019	165.370
2020	166.260
2021	166.250
2022	166.270
2023	165.780
2024	165.210
2027	165.790
2028	165.300
2029	166.150
2030	166.300
2031	165.450
2032	165.120
2034	165.670
2035	165.340
2036	166.180
2038	166.190
2039	165.130
2040	166.050
2043	165.120
2044	166.260
2046	165.330
2047	166.500
2048	166.350
2049	165.310
2050	165.670
2051	165.180
2052	166.230
2053	165.720
2054	165.390
2056	166.430
2057	165.170
2058	166.090
2059	166.490
2060	165.610
2061	165.790
2063	165.150
2064	165.320
2065	165.760
2067	165.010
2068	165.040
2069	165.210
2071	166.460
2072	166.030
2073	166.230
2074	165.840
2075	165.440
2076	166.300
2077	165.590
2078	165.070
2079	165.370
2080	165.490
2081	165.550
2082	165.500
2084	166.040
2085	165.600
2087	166.150
2089	166.480
2090	166.260
2091	166.430
2092	165.440
2094	166.480
2096	165.410
2098	165.560
2100	165.350
2001	167.830
2002	167.410
2004	167.750
2005	167.860
2006	166.800
2007	167.660
2008	166.540
2009	167.710
2010	167.500
2011	167.790
2013	167.450
2014	167.350
2015	167.240
2016	166.530
2017	167.010
2018	166.520
2019	167.380
2023	167.790
2024	167.220
2025	166.690
2026	166.680
2027	167.800
2028	167.310
2031	167.460
2032	167.130
2033	166.660
2034	167.680
2035	167.350
2037	166.510
2039	167.140
2041	166.630
2042	166.880
2043	167.130
2045	166.600
2046	167.340
2049	167.320
2050	167.680
2051	167.190
2053	167.730
2054	167.400
2055	166.980
2057	167.180
2060	167.620
2061	167.800
2062	166.800
2063	167.160
2064	167.330
2065	167.770
2066	166.940
2067	167.020
2068	167.050
2069	167.220
2070	166.760
2074	167.850
2075	167.450
2077	167.600
2078	167.080
2079	167.380
2080	167.500
2081	167.560
2082	167.510
2083	166.870
2085	167.610
2086	166.830
2088	166.650
2092	167.450
2093	166.600
2095	166.910
2096	167.420
2097	166.810
2098	167.570
2099	166.570
2100	167.360
2002	169.420
2003	168.450
2006	168.810
2008	168.550
2012	168.410
2013	169.460
2014	169.360
2015	169.250
2016	168.540
2017	169.020
2018	168.530
2019	169.390
2020	168.270
2021	168.260
2022	168.280
2024	169.230
2025	168.700
2026	168.690
2028	169.320
2029	168.160
2030	168.310
2031	169.470
2032	169.140
2033	168.670
2035	169.360
2036	168.190
2037	168.520
2038	168.200
2039	169.150
2040	168.060
2041	168.640
2042	168.890
2043	169.140
2044	168.270
2045	168.610
2046	169.350
2047	168.510
2048	168.360
2049	169.330
2051	169.200
2052	168.240
2054	169.410
2055	168.990
2056	168.440
2057	169.190
2058	168.100
2059	168.500
2062	168.810
2063	169.170
2064	169.340
2066	168.950
2067	169.030
2068	169.060
2069	169.230
2070	168.770
2071	168.470
2072	168.040
2073	168.240
2075	169.460
2076	168.310
2078	169.090
2079	169.390
2083	168.880
2084	168.050
2086	168.840
2087	168.160
2088	168.660
2089	168.490
2090	168.270
2091	168.440
2092	169.460
2093	168.610
2094	168.490
2095	168.920
2096	169.430
2097	168.820
2099	168.580
2100	169.370
2001	169.840
2003	170.460
2004	169.760
2005	169.870
2006	170.820
2007	169.670
2008	170.560
2009	169.720
2010	169.510
2011	169.800
2012	170.420
2016	170.550
2018	170.540
2020	170.280
2021	170.270
2022	170.290
2023	169.800
2025	170.710
2026	170.700
2027	169.810
2029	170.170
2030	170.320
2033	170.680
2034	169.690
2036	170.200
2037	170.530
2038	170.210
2040	170.070
2041	170.650
2042	170.900
2044	170.280
2045	170.620
2047	170.520
2048	170.370
2050	169.690
2052	170.250
2053	169.740
2055	171.000
2056	170.450
2058	170.110
2059	170.510
2060	169.630
2061	169.810
2062	170.820
2065	169.780
2066	170.960
2070	170.780
2071	170.480
2072	170.050
2073	170.250
2074	169.860
2076	170.320
2077	169.610
2080	169.510
2081	169.570
2082	169.520
2083	170.890
2084	170.060
2085	169.620
2086	170.850
2087	170.170
2088	170.670
2089	170.500
2090	170.280
2091	170.450
2093	170.620
2094	170.500
2095	170.930
2097	170.830
2098	169.580
2099	170.590
2001	171.850
2002	171.430
2003	172.470
2004	171.770
2005	171.880
2007	171.680
2009	171.730
2010	171.520
2011	171.810
2012	172.430
2013	171.470
2014	171.370
2015	171.260
2017	171.030
2019	171.400
2020	172.290
2021	172.280
2022	172.300
2023	171.810
2024	171.240
2027	171.820
2028	171.330
2029	172.180
2030	172.330
2031	171.480
2032	171.150
2034	171.700
2035	171.370
2036	172.210
2038	172.220
2039	171.160
2040	172.080
2043	171.150
2044	172.290
2046	171.360
2048	172.380
2049	171.340
2050	171.700
2051	171.210
2052	172.260
2053	171.750
2054	171.420
2056	172.460
2057	171.200
2058	172.120
2060	171.640
2061	171.820
2063	171.180
2064	171.350
2065	171.790
2067	171.040
2068	171.070
2069	171.240
2071	172.490
2072	172.060
2073	172.260
2074	171.870
2075	171.470
2076	172.330
2077	171.620
2078	171.100
2079	171.400
2080	171.520
2081	171.580
2082	171.530
2084	172.070
2085	171.630
2087	172.180
2090	172.290
2091	172.460
2092	171.470
2096	171.440
2098	171.590
2100	171.380
2001	173.860
2002	173.440
2004	173.780
2005	173.890
2006	172.830
2007	173.690
2008	172.570
2009	173.740
2010	173.530
2011	173.820
2013	173.480
2014	173.380
2015	173.270
2016	172.560
2017	173.040
2018	172.550
2019	173.410
2023	173.820
2024	173.250
2025	172.720
2026	172.710
2027	173.830
2028	173.340
2031	173.490
2032	173.160
2033	172.690
2034	173.710
2035	173.380
2037	172.540
2039	173.170
2041	172.660
2042	172.910
2043	173.160
2045	172.630
2046	173.370
2047	172.530
2049	173.350
2050	173.710
2051	173.220
2053	173.760
2054	173.430
2055	173.010
2057	173.210
2059	172.520
2060	173.650
2061	173.830
2062	172.830
2063	173.190
2064	173.360
2065	173.800
2066	172.970
2067	173.050
2068	173.080
2069	173.250
2070	172.790
2074	173.880
2075	173.480
2077	173.630
2078	173.110
2079	173.410
2080	173.530
2081	173.590
2082	173.540
2083	172.900
2085	173.640
2086	172.860
2088	172.680
2089	172.510
2092	173.480
2093	172.630
2094	172.510
2095	172.940
2096	173.450
2097	172.840
2098	173.600
2099	172.600
2100	173.390
2002	175.450
2003	174.480
2006	174.840
2008	174.580
2012	174.440
2013	175.490
2014	175.390
2015	175.280
2016	174.570
2017	175.050
2018	174.560
2019	175.420
2020	174.300
2021	174.290
2022	174.310
2024	175.260
2025	174.730
2026	174.720
2028	175.350
2029	174.190
2030	174.340
2031	175.500
2032	175.170
2033	174.700
2035	175.390
2036	174.220
2037	174.550
2038	174.230
2039	175.180
2040	174.090
2041	174.670
2042	174.920
2043	175.170
2044	174.300
2045	174.640
2046	175.380
2047	174.540
2048	174.390
2049	175.360
2051	175.230
2052	174.270
2054	175.440
2055	175.020
2056	174.470
2057	175.220
2058	174.130
2059	174.530
2062	174.840
2063	175.200
2064	175.370
2066	174.980
2067	175.060
2068	175.090
2069	175.260
2070	174.800
2071	174.500
2072	174.070
2073	174.270
2075	175.490
2076	174.340
2078	175.120
2079	175.420
2083	174.910
2084	174.080
2086	174.870
2087	174.190
2088	174.690
2089	174.520
2090	174.300
2091	174.470
2092	175.490
2093	174.640
2094	174.520
2095	174.950
2096	175.460
2097	174.850
2099	174.610
2100	175.400
2001	175.870
2003	176.490
2004	175.790
2005	175.900
2006	176.850
2007	175.700
2008	176.590
2009	175.750
2010	175.540
2011	175.830
2012	176.450
2016	176.580
2018	176.570
2020	176.310
2021	176.300
2022	176.320
2023	175.830
2025	176.740
2026	176.730
2027	175.840
2029	176.200
2030	176.350
2033	176.710
2034	175.720
2036	176.230
2037	176.560
2038	176.240
2040	176.100
2041	176.680
2042	176.930
2044	176.310
2045	176.650
2047	176.550
2048	176.400
2050	175.720
2052	176.280
2053	175.770
2056	176.480
2058	176.140
2059	176.540
2060	175.660
2061	175.840
2062	176.850
2065	175.810
2066	176.990
2070	176.810
2071	176.510
2072	176.080
2073	176.280
2074	175.890
2076	176.350
2077	175.640
2080	175.540
2081	175.600
2082	175.550
2083	176.920
2084	176.090
2085	175.650
2086	176.880
2087	176.200
2088	176.700
2089	176.530
2090	176.310
2091	176.480
2093	176.650
2094	176.530
2095	176.960
2097	176.860
2098	175.610
2099	176.620
2001	177.880
2002	177.460
2003	178.500
2004	177.800
2005	177.910
2007	177.710
2009	177.760
2010	177.550
2011	177.840
2012	178.460
2013	177.500
2014	177.400
2015	177.290
2017	177.060
2019	177.430
2020	178.320
2021	178.310
2022	178.330
2023	177.840
2024	177.270
2027	177.850
2028	177.360
2029	178.210
2030	178.360
2031	177.510
2032	177.180
2034	177.730
2035	177.400
2036	178.240
2038	178.250
2039	177.190
2040	178.110
2043	177.180
2044	178.320
2046	177.390
2048	178.410
2049	177.370
2050	177.730
2051	177.240
2052	178.290
2053	177.780
2054	177.450
2055	177.030
2056	178.490
2057	177.230
2058	178.150
2060	177.670
2061	177.850
2063	177.210
2064	177.380
2065	177.820
2067	177.070
2068	177.100
2069	177.270
2072	178.090
2073	178.290
2074	177.900
2075	177.500
2076	178.360
2077	177.650
2078	177.130
2079	177.430
2080	177.550
2081	177.610
2082	177.560
2084	178.100
2085	177.660
2087	178.210
2090	178.320
2091	178.490
2092	177.500
2096	177.470
2098	177.620
2100	177.410
2001	179.890
2002	179.470
2004	179.810
2005	179.920
2006	178.860
2007	179.720
2008	178.600
2009	179.770
2010	179.560
2011	179.850
2013	179.510
2014	179.410
2015	179.300
2016	178.590
2017	179.070
2018	178.580
2019	179.440
2023	179.850
2024	179.280
2025	178.750
2026	178.740
2027	179.860
2028	179.370
2031	179.520
2032	179.190
2033	178.720
2034	179.740
2035	179.410
2037	178.570
2039	179.200
2041	178.690
2042	178.940
2043	179.190
2045	178.660
2046	179.400
2047	178.560
2049	179.380
2050	179.740
2051	179.250
2053	179.790
2054	179.460
2055	179.040
2057	179.240
2059	178.550
2060	179.680
2061	179.860
2062	178.860
2063	179.220
2064	179.390
2065	179.830
2066	179.000
2067	179.080
2068	179.110
2069	179.280
2070	178.820
2071	178.520
2074	179.910
2075	179.510
2077	179.660
2078	179.140
2079	179.440
2080	179.560
2081	179.620
2082	179.570
2083	178.930
2085	179.670
2086	178.890
2088	178.710
2089	178.540
2092	179.510
2093	178.660
2094	178.540
2095	178.970
2096	179.480
2097	178.870
2098	179.630
2099	178.630
2100	179.420
2002	181.480
2003	180.510
2006	180.870
2008	180.610
2012	180.470
2014	181.420
2015	181.310
2016	180.600
2017	181.080
2018	180.590
2019	181.450
2020	180.330
2021	180.320
2022	180.340
2024	181.290
2025	180.760
2026	180.750
2028	181.380
2029	180.220
2030	180.370
2032	181.200
2033	180.730
2035	181.420
2036	180.250
2037	180.580
2038	180.260
2039	181.210
2040	180.120
2041	180.700
2042	180.950
2043	181.200
2044	180.330
2045	180.670
2046	181.410
2047	180.570
2048	180.420
2049	181.390
2051	181.260
2052	180.300
2054	181.470
2055	181.050
2056	180.500
2057	181.250
2058	180.160
2059	180.560
2062	180.870
2063	181.230
2064	181.400
2066	181.010
2067	181.090
2068	181.120
2069	181.290
2070	180.830
2071	180.530
2072	180.100
2073	180.300
2076	180.370
2078	181.150
2079	181.450
2083	180.940
2084	180.110
2086	180.900
2087	180.220
2088	180.720
2089	180.550
2090	180.330
2091	180.500
2093	180.670
2094	180.550
2095	180.980
2096	181.490
2097	180.880
2099	180.640
2100	181.430
2001	181.900
2003	182.520
2004	181.820
2005	181.930
2006	182.880
2007	181.730
2008	182.620
2009	181.780
2010	181.570
2011	181.860
2012	182.480
2013	181.520
2016	182.610
2018	182.600
2020	182.340
2021	182.330
2022	182.350
2023	181.860
2025	182.770
2026	182.760
2027	181.870
2029	182.230
2030	182.380
2031	181.530
2033	182.740
2034	181.750
2036	182.260
2037	182.590
2038	182.270
2040	182.130
2041	182.710
2042	182.960
2044	182.340
2045	182.680
2047	182.580
2048	182.430
2050	181.750
2052	182.310
2053	181.800
2056	182.510
2058	182.170
2059	182.570
2060	181.690
2061	181.870
2062	182.880
2065	181.840
2070	182.840
2071	182.540
2072	182.110
2073	182.310
2074	181.920
2075	181.520
2076	182.380
2077	181.670
2080	181.570
2081	181.630
2082	181.580
2083	182.950
2084	182.120
2085	181.680
2086	182.910
2087	182.230
2088	182.730
2089	182.560
2090	182.340
2091	182.510
2092	181.520
2093	182.680
2094	182.560
2095	182.990
2097	182.890
2098	181.640
2099	182.650
2001	183.910
2002	183.490
2004	183.830
2005	183.940
2007	183.740
2009	183.790
2010	183.580
2011	183.870
2012	184.490
2013	183.530
2014	183.430
2015	183.320
2017	183.090
2019	183.460
2020	184.350
2021	184.340
2022	184.360
2023	183.870
2024	183.300
2027	183.880
2028	183.390
2029	184.240
2030	184.390
2031	183.540
2032	183.210
2034	183.760
2035	183.430
2036	184.270
2038	184.280
2039	183.220
2040	184.140
2043	183.210
2044	184.350
2046	183.420
2048	184.440
2049	183.400
2050	183.760
2051	183.270
2052	184.320
2053	183.810
2054	183.480
2055	183.060
2057	183.260
2058	184.180
2060	183.700
2061	183.880
2063	183.240
2064	183.410
2065	183.850
2066	183.020
2067	183.100
2068	183.130
2069	183.300
2072	184.120
2073	184.320
2074	183.930
2075	183.530
2076	184.390
2077	183.680
2078	183.160
2079	183.460
2080	183.580
2081	183.640
2082	183.590
2084	184.130
2085	183.690
2087	184.240
2090	184.350
2092	183.530
2096	183.500
2098	183.650
2100	183.440
2001	185.920
2002	185.500
2003	184.530
2004	185.840
2005	185.950
2006	184.890
2007	185.750
2008	184.630
2009	185.800
2010	185.590
2011	185.880
2013	185.540
2014	185.440
2015	185.330
2016	184.620
2017	185.100
2018	184.610
2019	185.470
2023	185.880
2024	185.310
2025	184.780
2026	184.770
2027	185.890
2028	185.400
2031	185.550
2032	185.220
2033	184.750
2034	185.770
2035	185.440
2037	184.600
2039	185.230
2041	184.720
2042	184.970
2043	185.220
2045	184.690
2046	185.430
2047	184.590
2049	185.410
2050	185.770
2051	185.280
2053	185.820
2054	185.490
2055	185.070
2056	184.520
2057	185.270
2059	184.580
2060	185.710
2061	185.890
2062	184.890
2063	185.250
2064	185.420
2065	185.860
2066	185.030
2067	185.110
2068	185.140
2069	185.310
2070	184.850
2071	184.550
2074	185.940
2075	185.540
2077	185.690
2078	185.170
2079	185.470
2080	185.590
2081	185.650
2082	185.600
2083	184.960
2085	185.700
2086	184.920
2088	184.740
2089	184.570
2091	184.520
2092	185.540
2093	184.690
2094	184.570
2095	185.000
2096	185.510
2097	184.900
2098	185.660
2099	184.660
2100	185.450
2003	186.540
2006	186.900
2008	186.640
2012	186.500
2014	187.450
2015	187.340
2016	186.630
2017	187.110
2018	186.620
2019	187.480
2020	186.360
2021	186.350
2022	186.370
2024	187.320
2025	186.790
2026	186.780
2028	187.410
2029	186.250
2030	186.400
2032	187.230
2033	186.760
2035	187.450
2036	186.280
2037	186.610
2038	186.290
2039	187.240
2040	186.150
2041	186.730
2042	186.980
2043	187.230
2044	186.360
2045	186.700
2046	187.440
2047	186.600
2048	186.450
2049	187.420
2051	187.290
2052	186.330
2054	187.500
2055	187.080
2056	186.530
2057	187.280
2058	186.190
2059	186.590
2062	186.900
2063	187.260
2064	187.430
2066	187.040
2067	187.120
2068	187.150
2069	187.320
2070	186.860
2071	186.560
2072	186.130
2073	186.330
2076	186.400
2078	187.180
2079	187.480
2083	186.970
2084	186.140
2086	186.930
2087	186.250
2088	186.750
2089	186.580
2090	186.360
2091	186.530
2093	186.700
2094	186.580
2095	187.010
2097	186.910
2099	186.670
2100	187.460
2001	187.930
2002	187.510
2003	188.550
2004	187.850
2005	187.960
2006	188.910
2007	187.760
2008	188.650
2009	187.810
2010	187.600
2011	187.890
2013	187.550
2016	188.640
2018	188.630
2020	188.370
2021	188.360
2022	188.380
2023	187.890
2025	188.800
2026	188.790
2027	187.900
2029	188.260
2030	188.410
2031	187.560
2033	188.770
2034	187.780
2036	188.290
2037	188.620
2038	188.300
2040	188.160
2041	188.740
2042	188.990
2044	188.370
2045	188.710
2048	188.460
2050	187.780
2052	188.340
2053	187.830
2056	188.540
2058	188.200
2059	188.600
2060	187.720
2061	187.900
2062	188.910
2065	187.870
2070	188.870
2072	188.140
2073	188.340
2075	187.550
2076	188.410
2077	187.700
2080	187.600
2081	187.660
2082	187.610
2083	188.980
2084	188.150
2085	187.710
2086	188.940
2087	188.260
2088	188.760
2089	188.590
2090	188.370
2091	188.540
2092	187.550
2093	188.710
2094	188.590
2096	187.520
2097	188.920
2098	187.670
2099	188.680
2002	189.520
2004	189.860
2005	189.970
2007	189.770
2009	189.820
2010	189.610
2013	189.560
2014	189.460
2015	189.350
2017	189.120
2024	189.330
2027	189.910
2028	189.420
2029	190.270
2032	189.240
2035	189.460
2036	190.300
2039	189.250
2040	190.170
2043	189.240
2044	190.380
2046	189.450
2048	190.470
2049	189.430
2050	189.790
2051	189.300
2052	190.350
2054	189.510
2055	189.090
2057	189.290
2058	190.210
2060	189.730
2061	189.910
2064	189.440
2065	189.880
2066	189.050
2067	189.130
2068	189.160
2069	189.330
2072	190.150
2075	189.560
2076	190.420
2077	189.710
2078	189.190
2080	189.610
2082	189.620
2087	190.270
2090	190.380
2092	189.560
2098	189.680
2100	189.470
2003	190.560
2004	191.870
2005	191.980
2009	191.830
2014	191.470
2015	191.360
2017	191.130
2018	190.640
2025	190.810
2033	190.780
2039	191.260
2042	191.000
2045	190.720
2055	191.100
2059	190.610
2060	191.740
2066	191.060
2068	191.170
2069	191.340
2070	190.880
2077	191.720
2078	191.200
2083	190.990
2088	190.770
2091	190.550
2093	190.720
2098	191.690
2039	193.270
2052	192.360
2055	193.110
2004	193.880
2098	193.700
2039	195.280
2025	263.720
2007	264.920
2012	264.350
2030	264.580
2002	266.950
2007	267.630
2014	268.070
2039	267.290
2051	267.930
2057	267.610
2068	267.870
2085	267.760
2094	267.250
2100	268.490
2005	269.420
2030	268.710
2035	268.950
2039	269.300
2049	268.810
2068	269.880
2087	269.080
2011	270.960
2038	271.440
2039	271.310
2040	270.520
2046	271.080
2049	270.820
2057	270.400
2063	270.470
2064	271.160
2070	270.920
2078	271.060
2085	270.280
2087	271.190
2092	271.360
2094	270.250
2001	272.630
2003	272.150
2005	272.090
2011	272.970
2013	272.420
2016	272.010
2023	272.730
2026	272.490
2028	272.020
2033	272.520
2035	272.260
2036	272.000
2041	272.370
2044	272.020
2047	272.830
2049	272.830
2050	272.660
2056	272.740
2057	272.410
2058	272.460
2059	272.000
2062	272.380
2066	272.400
2068	271.890
2069	271.790
2071	272.550
2072	272.280
2073	271.930
2076	272.960
2083	272.280
2085	272.290
2091	272.790
2094	272.260
2096	272.280
2013	274.430
2015	273.070
2016	274.020
2018	274.220
2026	274.500
2027	273.390
2028	274.130
2029	273.640
2031	273.170
2034	273.280
2035	274.270
2036	274.010
2037	273.070
2038	274.130
2039	273.320
2040	273.940
2041	274.380
2042	273.650
2046	273.490
2048	273.650
2054	274.210
2057	274.420
2058	274.470
2059	274.010
2062	274.390
2063	273.690
2064	273.490
2065	273.480
2066	274.410
2068	273.900
2069	273.850
2070	273.180
2072	274.290
2073	274.290
2074	273.030
2078	273.070
2079	274.330
2083	274.290
2085	274.300
2087	273.200
2092	273.670
2094	274.270
2096	274.290
2097	273.100
2098	274.000
2099	274.140
2001	274.640
2005	274.510
2006	275.270
2007	275.620
2008	275.530
2010	275.790
2011	274.980
2015	275.650
2023	274.810
2027	275.540
2029	275.800
2030	275.230
2031	275.620
2032	275.910
2033	274.530
2034	275.290
2039	275.330
2040	275.950
2042	275.810
2043	274.790
2044	275.170
2046	275.500
2047	275.910
2049	274.840
2050	274.670
2052	275.800
2056	274.750
2060	275.670
2064	275.500
2065	275.490
2069	275.860
2070	275.550
2071	274.560
2074	275.040
2075	274.820
2076	274.970
2077	275.320
2078	275.080
2080	275.580
2087	275.210
2088	274.990
2090	274.960
2091	274.800
2092	275.680
2097	275.110
2100	274.550
2001	276.650
2004	276.150
2005	276.520
2006	277.280
2009	277.040
2011	277.270
2012	276.520
2013	276.440
2016	276.030
2018	276.230
2021	276.340
2023	276.820
2025	276.770
2026	276.510
2028	276.140
2030	277.240
2033	276.540
2034	277.300
2035	276.280
2036	276.020
2038	276.140
2039	277.340
2041	276.390
2043	276.800
2044	277.180
2048	276.140
2049	276.850
2050	276.680
2053	277.070
2054	276.220
2055	276.700
2056	276.760
2057	276.430
2058	276.480
2059	276.020
2062	276.400
2065	277.500
2066	276.420
2071	276.570
2072	276.300
2073	276.300
2074	277.050
2075	276.830
2076	276.980
2077	277.330
2078	277.090
2079	276.370
2081	276.060
2082	277.390
2083	276.300
2085	276.310
2086	276.690
2087	277.220
2088	277.000
2090	276.970
2091	276.810
2093	277.190
2094	276.280
2096	276.300
2097	277.120
2098	276.010
2099	276.150
2001	278.660
2002	277.790
2003	278.770
2004	278.160
2005	278.530
2007	277.630
2008	277.540
2010	277.800
2012	278.530
2013	278.450
2014	277.990
2015	277.660
2016	278.040
2017	278.460
2018	278.240
2020	278.570
2021	278.350
2023	278.830
2024	277.550
2025	279.000
2026	278.520
2027	277.550
2028	278.150
2029	278.270
2031	277.630
2032	277.920
2033	278.550
2035	278.290
2036	278.030
2037	278.600
2038	278.150
2040	277.960
2041	278.400
2042	277.820
2043	278.810
2045	277.830
2046	277.510
2047	277.920
2048	278.150
2049	278.860
2050	278.690
2051	278.320
2052	277.810
2054	278.230
2055	278.710
2056	278.770
2057	278.440
2058	278.490
2059	278.030
2060	277.680
2061	278.260
2062	278.410
2064	277.510
2066	278.430
2067	278.260
2069	277.870
2070	277.560
2071	278.580
2072	278.310
2073	278.310
2075	278.840
2076	278.990
2079	278.380
2080	277.590
2081	278.100
2083	278.310
2084	277.510
2085	278.320
2086	278.700
2089	277.510
2090	278.980
2091	278.820
2092	277.690
2094	278.290
2095	278.330
2096	278.310
2098	278.020
2099	278.160
2100	277.830
2002	279.800
2004	280.170
2006	279.290
2007	279.640
2008	279.550
2009	279.050
2010	279.810
2011	279.670
2013	280.460
2014	280.000
2015	279.670
2016	280.050
2017	280.470
2018	280.250
2019	280.470
2021	280.360
2022	279.710
2024	279.560
2027	279.560
2028	280.160
2029	280.280
2030	279.250
2031	279.640
2032	279.930
2034	279.310
2035	280.300
2036	280.040
2038	280.160
2039	279.350
2040	279.970
2041	280.410
2042	279.830
2044	279.190
2045	279.840
2046	279.520
2047	279.930
2048	280.160
2051	280.330
2052	279.820
2053	280.420
2054	280.240
2057	280.450
2058	280.500
2059	280.040
2060	279.690
2061	280.270
2062	280.420
2063	279.050
2064	279.520
2065	279.510
2066	280.440
2067	280.270
2069	279.880
2070	279.570
2072	280.320
2073	280.320
2074	279.060
2077	279.340
2078	279.100
2079	280.390
2080	279.600
2081	280.110
2082	279.400
2083	280.320
2084	279.520
2085	280.330
2087	279.230
2088	279.010
2089	279.520
2092	279.700
2093	279.200
2094	280.300
2095	280.340
2096	280.320
2097	279.130
2098	280.030
2099	280.170
2100	279.840
2001	280.670
2002	281.810
2003	280.780
2005	280.540
2006	281.300
2007	281.650
2008	281.560
2009	281.060
2010	281.820
2011	281.680
2012	280.540
2015	281.680
2020	280.580
2022	281.720
2023	280.840
2024	281.570
2025	281.010
2026	280.530
2027	281.570
2030	281.260
2031	281.650
2032	281.940
2033	280.560
2034	281.320
2037	280.610
2039	281.360
2040	281.980
2042	281.840
2043	280.820
2044	281.200
2045	281.850
2047	281.940
2049	280.870
2050	280.700
2052	281.830
2055	280.720
2056	280.780
2060	281.700
2063	281.060
2064	281.530
2065	281.520
2068	281.050
2069	281.890
2070	281.580
2071	280.590
2074	281.070
2075	280.850
2076	281.000
2077	281.350
2078	281.110
2080	281.610
2082	281.410
2084	281.530
2086	280.710
2087	281.240
2088	281.020
2089	281.530
2090	280.990
2091	280.830
2092	281.710
2093	281.210
2097	281.140
2100	281.850
2001	282.680
2003	282.790
2004	282.180
2005	282.550
2006	283.310
2009	283.070
2012	282.550
2013	282.470
2014	282.010
2016	282.060
2017	282.480
2018	282.260
2019	282.480
2020	282.590
2021	282.370
2023	282.850
2025	283.020
2026	282.540
2028	282.170
2029	282.290
2030	283.270
2033	282.570
2034	283.330
2035	282.310
2036	282.050
2037	282.620
2038	282.170
2039	283.370
2041	282.420
2043	282.830
2044	283.210
2048	282.170
2049	282.880
2050	282.710
2051	282.340
2053	282.430
2054	282.250
2055	282.730
2056	282.790
2057	282.460
2058	282.510
2059	282.050
2061	282.280
2062	282.430
2063	283.070
2066	282.450
2067	282.280
2068	283.060
2071	282.600
2072	282.330
2073	282.330
2074	283.080
2075	282.860
2076	283.010
2077	283.360
2078	283.120
2079	282.400
2081	282.120
2082	283.420
2083	282.330
2085	282.340
2086	282.720
2087	283.250
2088	283.030
2090	283.000
2091	282.840
2093	283.220
2094	282.310
2095	282.350
2096	282.330
2097	283.150
2098	282.040
2099	282.180
2001	284.690
2002	283.820
2003	284.800
2004	284.190
2005	284.560
2007	283.660
2008	283.570
2010	283.830
2011	283.690
2012	284.560
2013	284.480
2014	284.020
2015	283.690
2016	284.070
2017	284.490
2018	284.270
2019	284.490
2020	284.600
2021	284.380
2022	283.730
2023	284.860
2024	283.580
2026	284.550
2027	283.580
2028	284.180
2029	284.300
2031	283.660
2032	283.950
2033	284.580
2035	284.320
2036	284.060
2037	284.630
2038	284.180
2040	283.990
2041	284.430
2042	283.850
2043	284.840
2045	283.860
2046	283.900
2047	283.950
2048	284.180
2049	284.890
2050	284.720
2051	284.350
2052	283.840
2053	284.440
2054	284.260
2055	284.740
2056	284.800
2057	284.470
2058	284.520
2059	284.060
2060	283.710
2061	284.290
2062	284.440
2064	283.540
2065	283.530
2066	284.460
2067	284.290
2069	283.900
2070	283.590
2071	284.610
2072	284.340
2073	284.340
2075	284.870
2079	284.410
2080	283.620
2081	284.130
2083	284.340
2084	283.540
2085	284.350
2086	284.730
2089	283.540
2091	284.850
2092	283.720
2094	284.320
2095	284.360
2096	284.340
2098	284.050
2099	284.190
2100	283.860
2002	285.830
2004	286.200
2006	285.320
2007	285.670
2008	285.580
2009	285.080
2010	285.840
2011	285.700
2013	286.490
2014	286.030
2015	285.700
2016	286.080
2017	286.500
2018	286.280
2019	286.500
2021	286.390
2022	285.740
2024	285.590
2025	285.030
2027	285.590
2028	286.190
2029	286.310
2030	285.280
2031	285.670
2032	285.960
2034	285.340
2035	286.330
2036	286.070
2038	286.190
2039	285.380
2040	286.000
2041	286.440
2042	285.860
2044	285.220
2045	285.870
2046	285.910
2047	285.960
2048	286.190
2051	286.360
2052	285.850
2053	286.450
2054	286.270
2057	286.480
2059	286.070
2060	285.720
2061	286.300
2062	286.450
2063	285.080
2064	285.550
2065	285.540
2066	286.470
2067	286.300
2068	285.070
2069	285.910
2070	285.600
2072	286.350
2073	286.350
2074	285.090
2076	285.020
2077	285.370
2078	285.130
2079	286.420
2080	285.630
2081	286.140
2082	285.430
2083	286.350
2084	285.550
2085	286.360
2087	285.260
2088	285.040
2089	285.550
2090	285.010
2092	285.730
2093	285.230
2094	286.330
2095	286.370
2096	286.350
2097	285.160
2098	286.060
2099	286.200
2100	285.870
2001	286.700
2002	287.840
2003	286.810
2005	286.570
2006	287.330
2007	287.680
2008	287.590
2009	287.090
2010	287.850
2011	287.710
2012	286.570
2015	287.710
2020	286.610
2022	287.750
2023	286.870
2024	287.600
2025	287.040
2026	286.560
2027	287.600
2030	287.290
2031	287.680
2032	287.970
2033	286.590
2034	287.350
2037	286.640
2039	287.390
2042	287.870
2043	286.850
2044	287.230
2045	287.880
2046	287.920
2047	287.970
2049	286.900
2050	286.730
2052	287.860
2055	286.750
2056	286.810
2058	286.530
2060	287.730
2063	287.090
2064	287.560
2065	287.550
2068	287.080
2069	287.920
2070	287.610
2071	286.620
2074	287.100
2075	286.880
2076	287.030
2077	287.380
2078	287.140
2080	287.640
2082	287.440
2084	287.560
2086	286.740
2087	287.270
2088	287.050
2089	287.560
2090	287.020
2091	286.860
2092	287.740
2093	287.240
2097	287.170
2100	287.880
2001	288.710
2003	288.820
2004	288.210
2005	288.580
2006	289.340
2009	289.100
2012	288.580
2013	288.500
2014	288.040
2016	288.090
2017	288.510
2018	288.290
2019	288.510
2020	288.620
2021	288.400
2023	288.880
2025	289.050
2026	288.570
2028	288.200
2029	288.320
2030	289.300
2033	288.600
2034	289.360
2035	288.340
2036	288.080
2037	288.650
2038	288.200
2039	289.400
2040	288.010
2041	288.450
2043	288.860
2044	289.240
2048	288.200
2049	288.910
2050	288.740
2051	288.370
2053	288.460
2054	288.280
2055	288.760
2056	288.820
2057	288.490
2058	288.540
2059	288.080
2061	288.310
2062	288.460
2063	289.100
2066	288.480
2067	288.310
2068	289.090
2071	288.630
2072	288.360
2073	288.360
2074	289.110
2075	288.890
2076	289.040
2077	289.390
2078	289.150
2079	288.430
2081	288.150
2082	289.450
2083	288.360
2085	288.370
2086	288.750
2087	289.280
2088	289.060
2090	289.030
2091	288.870
2093	289.250
2094	288.340
2095	288.380
2096	288.360
2097	289.180
2098	288.070
2099	288.210
2001	290.720
2002	289.850
2003	290.830
2004	290.220
2005	290.590
2007	289.690
2008	289.600
2010	289.860
2011	289.720
2012	290.590
2013	290.510
2014	290.050
2015	289.720
2016	290.100
2017	290.520
2018	290.300
2019	290.520
2020	290.630
2021	290.410
2022	289.760
2023	290.890
2024	289.610
2026	290.580
2027	289.610
2028	290.210
2029	290.330
2031	289.690
2032	289.980
2033	290.610
2035	290.350
2036	290.090
2037	290.660
2038	290.210
2040	290.020
2041	290.460
2042	289.880
2043	290.870
2045	289.890
2046	289.930
2047	289.980
2048	290.210
2049	290.920
2050	290.750
2051	290.380
2052	289.870
2053	290.470
2054	290.290
2055	290.770
2056	290.830
2057	290.500
2058	290.550
2059	290.090
2060	289.740
2061	290.320
2062	290.470
2064	289.570
2065	289.560
2066	290.490
2067	290.320
2069	289.930
2070	289.620
2071	290.640
2072	290.370
2073	290.370
2075	290.900
2079	290.440
2080	289.650
2081	290.160
2083	290.370
2084	289.570
2085	290.380
2086	290.760
2089	289.570
2091	290.880
2092	289.750
2094	290.350
2095	290.390
2096	290.370
2098	290.080
2099	290.220
2100	289.890
2002	291.860
2004	292.230
2006	291.350
2007	291.700
2008	291.610
2009	291.110
2010	291.870
2011	291.730
2014	292.060
2015	291.730
2016	292.110
2018	292.310
2021	292.420
2022	291.770
2024	291.620
2025	291.060
2027	291.620
2028	292.220
2029	292.340
2030	291.310
2031	291.700
2032	291.990
2034	291.370
2035	292.360
2036	292.100
2038	292.220
2039	291.410
2040	292.030
2041	292.470
2042	291.890
2044	291.250
2045	291.900
2046	291.940
2047	291.990
2048	292.220
2051	292.390
2052	291.880
2053	292.480
2054	292.300
2059	292.100
2060	291.750
2061	292.330
2062	292.480
2063	291.110
2064	291.580
2065	291.570
2066	292.500
2067	292.330
2068	291.100
2069	291.940
2070	291.630
2072	292.380
2073	292.380
2074	291.120
2076	291.050
2077	291.400
2078	291.160
2079	292.450
2080	291.660
2081	292.170
2082	291.460
2083	292.380
2084	291.580
2085	292.390
2087	291.290
2088	291.070
2089	291.580
2090	291.040
2092	291.760
2093	291.260
2094	292.360
2095	292.400
2096	292.380
2097	291.190
2098	292.090
2099	292.230
2100	291.900
2001	292.730
2002	293.870
2003	292.840
2005	292.600
2006	293.360
2007	293.710
2008	293.620
2009	293.120
2010	293.880
2011	293.740
2012	292.600
2013	292.520
2015	293.740
2017	292.530
2019	292.530
2020	292.640
2022	293.780
2023	292.900
2024	293.630
2025	293.070
2026	292.590
2027	293.630
2030	293.320
2031	293.710
2032	294.000
2033	292.620
2034	293.380
2037	292.670
2039	293.420
2042	293.900
2043	292.880
2044	293.260
2045	293.910
2046	293.950
2047	294.000
2049	292.930
2050	292.760
2052	293.890
2055	292.780
2056	292.840
2057	292.510
2058	292.560
2060	293.760
2063	293.120
2064	293.590
2065	293.580
2068	293.110
2069	293.950
2070	293.640
2071	292.650
2074	293.130
2075	292.910
2076	293.060
2077	293.410
2078	293.170
2080	293.670
2082	293.470
2084	293.590
2086	292.770
2087	293.300
2088	293.080
2089	293.590
2090	293.050
2091	292.890
2092	293.770
2093	293.270
2097	293.200
2100	293.910
2001	294.740
2003	294.850
2004	294.240
2005	294.610
2006	295.370
2009	295.130
2012	294.610
2013	294.530
2014	294.070
2016	294.120
2017	294.540
2018	294.320
2019	294.540
2020	294.650
2021	294.430
2023	294.910
2025	295.080
2026	294.600
2028	294.230
2029	294.350
2030	295.330
2033	294.630
2034	295.390
2035	294.370
2036	294.110
2037	294.680
2038	294.230
2039	295.430
2040	294.040
2041	294.480
2043	294.890
2044	295.270
2048	294.230
2049	294.940
2050	294.770
2051	294.400
2053	294.490
2054	294.310
2055	294.790
2056	294.850
2057	294.520
2058	294.570
2059	294.110
2061	294.340
2062	294.490
2063	295.130
2066	294.510
2067	294.340
2068	295.120
2071	294.660
2072	294.390
2073	294.390
2074	295.140
2075	294.920
2076	295.070
2077	295.420
2078	295.180
2079	294.460
2081	294.180
2082	295.480
2083	294.390
2085	294.400
2086	294.780
2087	295.310
2088	295.090
2090	295.060
2091	294.900
2093	295.280
2094	294.370
2095	294.410
2096	294.390
2097	295.210
2098	294.100
2099	294.240
2001	296.750
2002	295.880
2003	296.860
2004	296.250
2005	296.620
2007	295.720
2008	295.630
2010	295.890
2011	295.750
2012	296.620
2013	296.540
2014	296.080
2015	295.750
2016	296.130
2017	296.550
2018	296.330
2019	296.550
2020	296.660
2021	296.440
2022	295.790
2023	296.920
2024	295.640
2026	296.610
2027	295.640
2028	296.240
2029	296.360
2031	295.720
2032	296.010
2033	296.640
2035	296.380
2036	296.120
2037	296.690
2038	296.240
2040	296.050
2041	296.490
2042	295.910
2043	296.900
2045	295.920
2046	295.960
2047	296.010
2048	296.240
2049	296.950
2050	296.780
2051	296.410
2052	295.900
2053	296.500
2054	296.320
2055	296.800
2056	296.860
2057	296.530
2058	296.580
2059	296.120
2060	295.770
2061	296.350
2062	296.500
2064	295.600
2065	295.590
2066	296.520
2067	296.350
2069	295.960
2070	295.650
2071	296.670
2072	296.400
2073	296.400
2075	296.930
2079	296.470
2080	295.680
2081	296.190
2083	296.400
2084	295.600
2085	296.410
2086	296.790
2089	295.600
2091	296.910
2092	295.780
2094	296.380
2095	296.420
2096	296.400
2098	296.110
2099	296.250
2100	295.920
2002	297.890
2004	298.260
2006	297.380
2007	297.730
2008	297.640
2009	297.140
2010	297.900
2011	297.760
2014	298.090
2015	297.760
2016	298.140
2018	298.340
2021	298.450
2022	297.800
2024	297.650
2025	297.090
2027	297.650
2028	298.250
2029	298.370
2030	297.340
2031	297.730
2032	298.020
2034	297.400
2035	298.390
2036	298.130
2038	298.250
2039	297.440
2040	298.060
2041	298.500
2042	297.920
2044	297.280
2045	297.930
2046	297.970
2047	298.020
2048	298.250
2051	298.420
2052	297.910
2054	298.330
2059	298.130
2060	297.780
2061	298.360
2063	297.140
2064	297.610
2065	297.600
2067	298.360
2068	297.130
2069	297.970
2070	297.660
2072	298.410
2073	298.410
2074	297.150
2076	297.080
2077	297.430
2078	297.190
2079	298.480
2080	297.690
2081	298.200
2082	297.490
2083	298.410
2084	297.610
2085	298.420
2087	297.320
2088	297.100
2089	297.610
2090	297.070
2092	297.790
2093	297.290
2094	298.390
2095	298.430
2096	298.410
2097	297.220
2098	298.120
2099	298.260
2100	297.930
2001	298.760
2002	299.900
2003	298.870
2005	298.630
2006	299.390
2007	299.740
2008	299.650
2009	299.150
2010	299.910
2011	299.770
2012	298.630
2013	298.550
2015	299.770
2017	298.560
2019	298.560
2020	298.670
2022	299.810
2023	298.930
2024	299.660
2025	299.100
2026	298.620
2027	299.660
2030	299.350
2031	299.740
2033	298.650
2034	299.410
2037	298.700
2039	299.450
2042	299.930
2043	298.910
2044	299.290
2045	299.940
2046	299.980
2049	298.960
2050	298.790
2052	299.920
2053	298.510
2055	298.810
2056	298.870
2057	298.540
2058	298.590
2060	299.790
2062	298.510
2063	299.150
2064	299.620
2065	299.610
2066	298.530
2068	299.140
2069	299.980
2070	299.670
2071	298.680
2074	299.160
2075	298.940
2076	299.090
2077	299.440
2078	299.200
2080	299.700
2082	299.500
2084	299.620
2086	298.800
2087	299.330
2088	299.110
2089	299.620
2090	299.080
2091	298.920
2092	299.800
2093	299.300
2097	299.230
2100	299.940
2001	300.770
2003	300.880
2004	300.270
2005	300.640
2006	301.400
2009	301.160
2012	300.640
2013	300.560
2014	300.100
2016	300.150
2017	300.570
2018	300.350
2019	300.570
2020	300.680
2021	300.460
2023	300.940
2025	301.110
2026	300.630
2028	300.260
2029	300.380
2030	301.360
2032	300.030
2033	300.660
2034	301.420
2035	300.400
2036	300.140
2037	300.710
2038	300.260
2039	301.460
2040	300.070
2041	300.510
2043	300.920
2044	301.300
2047	300.030
2048	300.260
2049	300.970
2050	300.800
2051	300.430
2053	300.520
2054	300.340
2055	300.820
2056	300.880
2057	300.550
2058	300.600
2059	300.140
2061	300.370
2062	300.520
2063	301.160
2066	300.540
2067	300.370
2068	301.150
2071	300.690
2072	300.420
2073	300.420
2074	301.170
2075	300.950
2076	301.100
2077	301.450
2078	301.210
2079	300.490
2081	300.210
2083	300.420
2085	300.430
2086	300.810
2087	301.340
2088	301.120
2090	301.090
2091	300.930
2093	301.310
2094	300.400
2095	300.440
2096	300.420
2097	301.240
2098	300.130
2099	300.270
2001	302.780
2002	301.910
2003	302.890
2004	302.280
2005	302.650
2007	301.750
2008	301.660
2010	301.920
2011	301.780
2012	302.650
2013	302.570
2014	302.110
2015	301.780
2016	302.160
2017	302.580
2018	302.360
2019	302.580
2020	302.690
2021	302.470
2022	301.820
2023	302.950
2024	301.670
2026	302.640
2027	301.670
2028	302.270
2029	302.390
2031	301.750
2032	302.040
2033	302.670
2035	302.410
2036	302.150
2037	302.720
2038	302.270
2040	302.080
2041	302.520
2042	301.940
2043	302.930
2045	301.950
2046	301.990
2047	302.040
2048	302.270
2050	302.810
2051	302.440
2052	301.930
2053	302.530
2054	302.350
2055	302.830
2056	302.890
2057	302.560
2058	302.610
2059	302.150
2060	301.800
2061	302.380
2062	302.530
2064	301.630
2065	301.620
2066	302.550
2067	302.380
2069	301.990
2070	301.680
2071	302.700
2072	302.430
2073	302.430
2075	302.960
2079	302.500
2080	301.710
2081	302.220
2082	301.510
2083	302.430
2084	301.630
2085	302.440
2086	302.820
2089	301.630
2091	302.940
2092	301.810
2094	302.410
2095	302.450
2096	302.430
2098	302.140
2099	302.280
2100	301.950
2002	303.920
2004	304.290
2006	303.410
2007	303.760
2008	303.670
2009	303.170
2010	303.930
2011	303.790
2014	304.120
2015	303.790
2016	304.170
2018	304.370
2021	304.480
2022	303.830
2024	303.680
2025	303.120
2027	303.680
2028	304.280
2029	304.400
2030	303.370
2031	303.760
2032	304.050
2035	304.420
2038	304.280
2039	303.470
2040	304.090
2042	303.950
2044	303.310
2045	303.960
2046	304.000
2047	304.050
2048	304.280
2051	304.450
2052	303.940
2054	304.360
2059	304.160
2060	303.810
2061	304.390
2063	303.170
2064	303.640
2065	303.630
2067	304.390
2068	303.160
2069	304.000
2070	303.690
2072	304.440
2073	304.440
2074	303.180
2076	303.110
2077	303.460
2078	303.220
2080	303.720
2081	304.230
2082	303.520
2083	304.440
2084	303.640
2085	304.450
2087	303.350
2088	303.130
2089	303.640
2090	303.100
2092	303.820
2093	303.320
2094	304.420
2095	304.460
2096	304.440
2097	303.250
2098	304.150
2099	304.290
2100	303.960
2001	304.790
2002	305.930
2003	304.900
2005	304.660
2006	305.420
2007	305.770
2009	305.180
2010	305.940
2011	305.800
2012	304.660
2013	304.580
2015	305.800
2017	304.590
2019	304.590
2020	304.700
2022	305.840
2023	304.960
2024	305.690
2025	305.130
2026	304.650
2027	305.690
2030	305.380
2033	304.680
2037	304.730
2039	305.480
2041	304.530
2042	305.960
2043	304.940
2044	305.320
2045	305.970
2050	304.820
2052	305.950
2053	304.540
2055	304.840
2056	304.900
2057	304.570
2058	304.620
2060	305.820
2062	304.540
2063	305.180
2064	305.650
2065	305.640
2066	304.560
2068	305.170
2074	305.190
2075	304.970
2076	305.120
2077	305.470
2079	304.510
2080	305.730
2082	305.530
2084	305.650
2086	304.830
2087	305.360
2088	305.140
2089	305.650
2091	304.950
2093	305.330
2097	305.260
2100	305.970
2003	306.910
2004	306.300
2005	306.670
2009	307.190
2012	306.670
2014	306.130
2016	306.180
2017	306.600
2019	306.600
2020	306.710
2021	306.490
2025	307.140
2026	306.660
2028	306.290
2029	306.410
2032	306.060
2037	306.740
2040	306.100
2044	307.330
2046	306.010
2047	306.060
2048	306.290
2051	306.460
2053	306.550
2055	306.850
2056	306.910
2057	306.580
2059	306.170
2061	306.400
2063	307.190
2067	306.400
2068	307.180
2069	306.010
2077	307.480
2079	306.520
2081	306.240
2083	306.450
2086	306.840
2087	307.370
2088	307.150
2093	307.340
2094	306.430
2095	306.470
2099	306.300
2002	307.940
2003	308.920
2011	307.810
2012	308.680
2014	308.140
2015	307.810
2017	308.610
2019	308.610
2022	307.850
2024	307.700
2037	308.750
2045	307.980
2046	308.020
2048	308.300
2051	308.470
2053	308.560
2061	308.410
2067	308.410
2080	307.740
2081	308.250
2082	307.540
2084	307.660
2095	308.480
2100	307.980
2015	309.820
2046	310.030
2063	309.200
2093	309.350
2015	311.830
2019	310.620
2053	310.570
2089	375.720
2003	380.510
2024	380.820
2029	380.080
2046	380.830
2056	379.880
2067	380.270
2085	380.650
2021	382.010
2029	382.350
2056	382.300
2063	381.190
2067	382.280
2069	381.680
2078	382.150
2080	381.170
2003	383.750
2010	383.650
2013	383.150
2014	383.320
2016	383.650
2019	383.750
2024	382.830
2042	383.210
2046	382.840
2047	383.840
2057	383.130
2080	383.220
2085	382.990
2089	383.240
2001	385.230
2002	384.390
2014	385.330
2021	384.020
2023	385.300
2024	384.840
2029	384.360
2033	385.430
2036	384.130
2042	385.350
2043	384.790
2046	384.850
2048	384.420
2057	385.140
2058	384.580
2065	384.100
2067	384.290
2076	384.240
2078	384.450
2090	384.570
2093	384.930
2095	384.590
2002	386.400
2006	386.740
2010	386.070
2011	385.640
2016	386.150
2019	386.310
2021	386.030
2024	386.850
2025	386.330
2026	385.760
2027	386.130
2029	386.370
2030	386.250
2034	386.800
2035	386.620
2036	386.140
2047	385.850
2048	386.430
2049	386.140
2052	386.910
2058	386.590
2059	386.750
2067	386.300
2070	386.410
2071	386.490
2072	385.840
2076	386.250
2078	386.460
2079	386.410
2080	385.520
2083	386.730
2085	386.150
2088	386.700
2089	386.160
2093	386.970
2095	386.600
2001	387.240
2002	388.410
2005	387.750
2007	387.280
2008	388.390
2010	388.080
2011	387.650
2014	387.340
2016	388.160
2019	388.320
2021	388.040
2022	387.360
2023	387.310
2025	388.340
2027	388.140
2029	388.380
2030	388.260
2033	387.850
2036	388.150
2037	388.030
2041	387.830
2042	387.360
2043	387.300
2045	387.130
2048	388.440
2049	388.150
2050	387.970
2055	387.900
2057	387.150
2063	387.550
2067	388.310
2069	387.100
2070	388.420
2071	388.500
2072	387.850
2076	388.260
2078	388.470
2080	387.740
2082	387.420
2085	388.160
2087	388.390
2089	388.170
2097	388.450
2001	389.250
2003	389.740
2005	389.760
2006	388.750
2007	389.290
2011	389.660
2014	389.350
2015	388.820
2020	389.930
2022	389.370
2023	389.320
2024	388.860
2028	388.730
2031	388.680
2034	388.810
2035	388.630
2041	389.840
2042	389.370
2045	389.140
2050	389.980
2052	388.920
2054	389.740
2055	389.910
2057	389.160
2058	388.600
2060	389.830
2063	389.860
2064	388.930
2065	388.850
2068	389.450
2069	389.730
2072	389.860
2073	388.850
2074	389.960
2077	389.810
2079	388.690
2082	389.430
2083	388.740
2088	388.710
2091	389.820
2093	388.980
2094	389.240
2095	388.610
2001	391.260
2002	390.420
2004	390.610
2006	390.760
2007	391.300
2008	390.400
2010	390.090
2012	391.490
2014	391.360
2015	390.830
2016	390.170
2019	390.330
2021	390.050
2022	391.380
2023	391.330
2024	390.870
2025	390.350
2027	390.150
2028	390.740
2030	390.270
2031	390.690
2034	390.820
2035	390.640
2036	390.160
2037	390.700
2042	391.380
2045	391.150
2046	390.570
2048	390.450
2049	390.160
2052	390.930
2053	391.320
2057	391.170
2058	390.610
2064	390.940
2065	390.860
2066	391.330
2067	390.320
2068	391.460
2070	390.430
2071	390.510
2073	390.860
2076	390.270
2078	390.480
2079	391.160
2080	390.750
2082	391.440
2083	390.750
2085	390.170
2086	391.190
2087	390.400
2088	390.720
2089	390.180
2093	390.990
2094	391.250
2095	390.620
2097	390.460
2098	390.640
2002	392.430
2003	391.750
2004	392.620
2005	391.770
2006	392.770
2008	392.410
2010	392.100
2011	391.670
2013	392.410
2015	392.840
2016	392.180
2018	392.770
2019	392.340
2020	391.940
2021	392.060
2024	392.880
2025	392.360
2026	391.710
2027	392.160
2028	392.750
2030	392.280
2031	392.700
2033	392.710
2034	392.830
2035	392.650
2036	392.170
2037	392.710
2038	392.280
2040	391.780
2041	391.850
2043	391.530
2044	392.440
2046	392.580
2048	392.460
2049	392.170
2050	391.990
2052	392.940
2054	391.750
2055	391.920
2058	392.620
2060	391.840
2063	391.870
2064	392.950
2065	392.870
2067	392.330
2069	391.740
2070	392.440
2071	392.520
2072	391.870
2073	392.870
2074	391.970
2075	392.590
2076	392.280
2077	391.820
2078	392.490
2080	392.950
2083	392.760
2085	392.180
2087	392.410
2088	392.730
2089	392.190
2090	392.710
2091	391.830
2092	392.690
2093	393.000
2095	392.630
2096	391.960
2097	392.470
2098	392.650
2100	392.720
2001	393.270
2002	394.440
2003	393.760
2005	393.780
2007	393.310
2008	394.420
2009	393.870
2010	394.110
2011	393.680
2012	393.500
2013	394.420
2014	393.370
2016	394.190
2017	393.040
2019	394.350
2020	393.950
2021	394.070
2022	393.390
2023	393.340
2025	394.370
2026	393.720
2027	394.170
2029	393.540
2030	394.290
2032	393.410
2036	394.180
2038	394.290
2039	394.370
2041	393.860
2042	393.390
2043	393.540
2044	394.450
2045	393.160
2048	394.470
2049	394.180
2050	394.000
2051	394.110
2053	393.330
2054	393.760
2055	393.930
2057	393.180
2060	393.850
2061	393.350
2062	393.520
2063	393.880
2066	393.340
2067	394.340
2068	393.470
2069	393.750
2070	394.450
2072	393.880
2074	393.980
2076	394.290
2077	393.830
2078	394.500
2082	393.450
2085	394.190
2086	393.200
2087	394.420
2089	394.200
2091	393.840
2094	393.260
2096	393.970
2097	394.480
2099	393.470
2001	395.280
2003	395.770
2004	394.630
2005	395.790
2006	394.780
2007	395.320
2009	395.880
2011	395.690
2012	395.510
2014	395.380
2015	394.850
2017	395.050
2018	394.780
2020	395.960
2022	395.400
2023	395.350
2024	394.890
2026	395.730
2028	394.760
2029	395.940
2031	394.710
2032	395.420
2033	394.720
2034	394.840
2035	394.660
2037	394.720
2040	395.700
2041	395.870
2042	395.400
2043	395.550
2045	395.170
2046	394.590
2047	395.850
2052	394.950
2053	395.340
2054	395.770
2055	395.940
2056	395.760
2057	395.190
2058	394.630
2059	395.520
2060	395.860
2061	395.360
2062	395.530
2063	395.890
2064	394.960
2065	394.880
2066	395.350
2068	395.480
2069	395.760
2071	394.530
2072	395.890
2073	394.880
2074	395.990
2075	394.600
2077	395.840
2079	394.610
2080	394.960
2081	395.550
2082	395.460
2083	394.770
2084	394.710
2086	395.210
2088	394.740
2090	394.720
2091	395.850
2092	394.700
2093	395.010
2094	395.270
2095	394.640
2096	395.980
2098	394.660
2099	395.480
2100	394.730
2001	397.290
2002	396.450
2004	396.640
2006	396.790
2007	397.330
2008	396.430
2010	396.120
2013	396.430
2014	397.390
2015	396.860
2016	396.200
2017	397.060
2018	396.790
2019	396.360
2021	396.080
2022	397.410
2023	397.360
2024	396.900
2025	396.380
2027	396.180
2028	396.770
2030	396.300
2031	396.720
2032	397.430
2033	396.730
2034	396.850
2035	396.670
2036	396.190
2037	396.730
2038	396.300
2039	396.380
2042	397.410
2044	396.460
2045	397.180
2046	396.600
2048	396.480
2049	396.190
2050	396.010
2051	396.120
2052	396.960
2053	397.350
2057	397.200
2058	396.640
2061	397.370
2064	396.970
2065	396.890
2066	397.360
2067	396.350
2068	397.490
2070	396.460
2071	396.540
2073	396.890
2075	396.610
2076	396.300
2078	396.510
2079	396.620
2080	396.970
2082	397.470
2083	396.780
2084	396.720
2085	396.200
2086	397.220
2087	396.430
2088	396.750
2089	396.210
2090	396.730
2092	396.710
2093	397.020
2094	397.280
2095	396.650
2097	396.490
2098	396.670
2099	397.490
2100	396.740
2002	398.460
2003	397.780
2004	398.650
2005	397.800
2006	398.800
2008	398.440
2009	397.890
2010	398.130
2011	397.700
2012	397.520
2013	398.440
2015	398.870
2016	398.210
2018	398.800
2019	398.370
2020	397.970
2021	398.090
2024	398.910
2025	398.390
2026	397.740
2027	398.190
2028	398.780
2029	397.950
2030	398.310
2031	398.730
2033	398.740
2034	398.860
2035	398.680
2036	398.200
2037	398.740
2038	398.310
2039	398.390
2040	397.710
2041	397.880
2043	397.560
2044	398.470
2046	398.610
2047	397.860
2048	398.490
2049	398.200
2050	398.020
2051	398.130
2052	398.970
2054	397.780
2055	397.950
2056	397.770
2058	398.650
2059	397.530
2060	397.870
2062	397.540
2063	397.900
2064	398.980
2065	398.900
2067	398.360
2069	397.770
2070	398.470
2071	398.550
2072	397.900
2073	398.900
2074	398.000
2075	398.620
2076	398.310
2077	397.850
2078	398.520
2079	398.630
2080	398.980
2081	397.560
2083	398.790
2084	398.730
2085	398.210
2087	398.440
2088	398.760
2089	398.220
2090	398.740
2091	397.860
2092	398.720
2095	398.660
2096	397.990
2097	398.500
2098	398.680
2100	398.750
2001	399.300
2002	400.470
2003	399.790
2005	399.810
2007	399.340
2008	400.450
2009	399.900
2010	400.140
2011	399.710
2012	399.530
2013	400.450
2014	399.400
2016	400.220
2017	399.070
2019	400.380
2020	399.980
2021	400.100
2022	399.420
2023	399.370
2025	400.400
2026	399.750
2027	400.200
2029	399.960
2030	400.320
2032	399.440
2036	400.210
2038	400.320
2039	400.400
2040	399.720
2041	399.890
2042	399.420
2043	399.570
2044	400.480
2045	399.190
2047	399.870
2048	400.500
2049	400.210
2050	400.030
2051	400.140
2053	399.360
2054	399.790
2055	399.960
2056	399.780
2057	399.210
2059	399.540
2060	399.880
2061	399.380
2062	399.550
2063	399.910
2066	399.370
2067	400.370
2068	399.500
2069	399.780
2070	400.480
2072	399.910
2074	400.010
2076	400.320
2077	399.860
2081	399.570
2082	399.480
2085	400.220
2086	399.230
2087	400.450
2089	400.230
2091	399.870
2093	399.030
2094	399.290
2096	400.000
2099	399.500
2001	401.310
2003	401.800
2004	400.660
2005	401.820
2006	400.810
2007	401.350
2009	401.910
2011	401.720
2012	401.540
2014	401.410
2015	400.880
2017	401.080
2018	400.810
2020	401.990
2022	401.430
2023	401.380
2024	400.920
2026	401.760
2028	400.790
2029	401.970
2031	400.740
2032	401.450
2033	400.750
2034	400.870
2035	400.690
2037	400.750
2040	401.730
2041	401.900
2042	401.430
2043	401.580
2045	401.200
2046	400.620
2047	401.880
2052	400.980
2053	401.370
2054	401.800
2055	401.970
2056	401.790
2057	401.220
2058	400.660
2059	401.550
2060	401.890
2061	401.390
2062	401.560
2063	401.920
2064	400.990
2065	400.910
2066	401.380
2068	401.510
2069	401.790
2071	400.560
2072	401.920
2073	400.910
2075	400.630
2077	401.870
2078	400.530
2079	400.640
2080	400.990
2081	401.580
2082	401.490
2083	400.800
2084	400.740
2086	401.240
2088	400.770
2090	400.750
2091	401.880
2092	400.730
2093	401.040
2094	401.300
2095	400.670
2097	400.510
2098	400.690
2099	401.510
2100	400.760
2001	403.320
2002	402.480
2004	402.670
2006	402.820
2007	403.360
2008	402.460
2010	402.150
2013	402.460
2014	403.420
2015	402.890
2016	402.230
2017	403.090
2018	402.820
2019	402.390
2021	402.110
2022	403.440
2023	403.390
2024	402.930
2025	402.410
2027	402.210
2028	402.800
2030	402.330
2031	402.750
2032	403.460
2033	402.760
2034	402.880
2035	402.700
2036	402.220
2037	402.760
2038	402.330
2039	402.410
2042	403.440
2044	402.490
2045	403.210
2046	402.630
2048	402.510
2049	402.220
2050	402.040
2051	402.150
2052	402.990
2053	403.380
2057	403.230
2058	402.670
2061	403.400
2064	403.000
2065	402.920
2066	403.390
2067	402.380
2070	402.490
2071	402.570
2073	402.920
2074	402.020
2075	402.640
2076	402.330
2078	402.540
2079	402.650
2080	403.000
2082	403.500
2083	402.810
2084	402.750
2085	402.230
2086	403.250
2087	402.460
2088	402.780
2089	402.240
2090	402.760
2092	402.740
2093	403.050
2094	403.310
2095	402.680
2096	402.010
2097	402.520
2098	402.700
2100	402.770
2002	404.490
2003	403.810
2004	404.680
2005	403.830
2006	404.830
2008	404.470
2009	403.920
2010	404.160
2011	403.730
2012	403.550
2013	404.470
2015	404.900
2016	404.240
2018	404.830
2019	404.400
2020	404.000
2021	404.120
2024	404.940
2025	404.420
2026	403.770
2027	404.220
2028	404.810
2029	403.980
2030	404.340
2031	404.760
2033	404.770
2034	404.890
2035	404.710
2036	404.230
2037	404.770
2038	404.340
2039	404.420
2040	403.740
2041	403.910
2043	403.590
2044	404.500
2046	404.640
2047	403.890
2048	404.520
2049	404.230
2050	404.050
2051	404.160
2052	405.000
2054	403.810
2055	403.980
2056	403.800
2058	404.680
2059	403.560
2060	403.900
2062	403.570
2063	403.930
2065	404.930
2067	404.390
2068	403.520
2069	403.800
2070	404.500
2071	404.580
2072	403.930
2073	404.930
2074	404.030
2075	404.650
2076	404.340
2077	403.880
2078	404.550
2079	404.660
2081	403.590
2083	404.820
2084	404.760
2085	404.240
2087	404.470
2088	404.790
2089	404.250
2090	404.770
2091	403.890
2092	404.750
2095	404.690
2096	404.020
2097	404.530
2098	404.710
2099	403.520
2100	404.780
2001	405.330
2002	406.500
2003	405.820
2005	405.840
2007	405.370
2008	406.480
2009	405.930
2010	406.170
2011	405.740
2012	405.560
2013	406.480
2014	405.430
2016	406.250
2017	405.100
2019	406.410
2020	406.010
2021	406.130
2022	405.450
2023	405.400
2025	406.430
2026	405.780
2027	406.230
2029	405.990
2030	406.350
2032	405.470
2036	406.240
2038	406.350
2039	406.430
2040	405.750
2041	405.920
2042	405.450
2043	405.600
2045	405.220
2047	405.900
2049	406.240
2050	406.060
2051	406.170
2053	405.390
2054	405.820
2055	405.990
2056	405.810
2057	405.240
2059	405.570
2060	405.910
2061	405.410
2062	405.580
2063	405.940
2064	405.010
2066	405.400
2067	406.400
2068	405.530
2069	405.810
2072	405.940
2074	406.040
2076	406.350
2077	405.890
2080	405.010
2081	405.600
2082	405.510
2085	406.250
2086	405.260
2087	406.480
2089	406.260
2091	405.900
2093	405.060
2094	405.320
2096	406.030
2099	405.530
2001	407.340
2003	407.830
2004	406.690
2005	407.850
2006	406.840
2007	407.380
2009	407.940
2011	407.750
2012	407.570
2014	407.440
2015	406.910
2017	407.110
2018	406.840
2022	407.460
2023	407.410
2024	406.950
2026	407.790
2028	406.820
2029	408.000
2031	406.770
2032	407.480
2033	406.780
2034	406.900
2035	406.720
2037	406.780
2040	407.760
2041	407.930
2042	407.460
2043	407.610
2044	406.510
2045	407.230
2046	406.650
2047	407.910
2048	406.530
2052	407.010
2053	407.400
2054	407.830
2055	408.000
2056	407.820
2057	407.250
2058	406.690
2059	407.580
2060	407.920
2061	407.420
2062	407.590
2063	407.950
2064	407.020
2065	406.940
2066	407.410
2068	407.540
2069	407.820
2070	406.510
2071	406.590
2072	407.950
2073	406.940
2075	406.660
2077	407.900
2078	406.560
2079	406.670
2080	407.020
2081	407.610
2082	407.520
2083	406.830
2084	406.770
2086	407.270
2088	406.800
2090	406.780
2091	407.910
2092	406.760
2093	407.070
2094	407.330
2095	406.700
2097	406.540
2098	406.720
2099	407.540
2100	406.790
2001	409.350
2002	408.510
2004	408.700
2006	408.850
2007	409.390
2008	408.490
2010	408.180
2013	408.490
2014	409.450
2015	408.920
2016	408.260
2017	409.120
2018	408.850
2019	408.420
2020	408.020
2021	408.140
2022	409.470
2023	409.420
2024	408.960
2025	408.440
2027	408.240
2028	408.830
2030	408.360
2031	408.780
2032	409.490
2033	408.790
2034	408.910
2035	408.730
2036	408.250
2037	408.790
2038	408.360
2039	408.440
2042	409.470
2044	408.520
2045	409.240
2046	408.660
2048	408.540
2049	408.250
2050	408.070
2051	408.180
2052	409.020
2053	409.410
2057	409.260
2058	408.700
2061	409.430
2064	409.030
2065	408.950
2066	409.420
2067	408.410
2070	408.520
2071	408.600
2073	408.950
2074	408.050
2075	408.670
2076	408.360
2078	408.570
2079	408.680
2080	409.030
2083	408.840
2084	408.780
2085	408.260
2086	409.280
2087	408.490
2088	408.810
2089	408.270
2090	408.790
2092	408.770
2093	409.080
2094	409.340
2095	408.710
2096	408.040
2097	408.550
2098	408.730
2100	408.800
2002	410.520
2003	409.840
2004	410.710
2005	409.860
2006	410.860
2008	410.500
2009	409.950
2010	410.190
2011	409.760
2012	409.580
2013	410.500
2015	410.930
2016	410.270
2018	410.860
2019	410.430
2020	410.030
2021	410.150
2024	410.970
2025	410.450
2026	409.800
2027	410.250
2028	410.840
2029	410.010
2030	410.370
2031	410.790
2033	410.800
2034	410.920
2035	410.740
2036	410.260
2037	410.800
2038	410.370
2039	410.450
2040	409.770
2041	409.940
2043	409.620
2044	410.530
2046	410.670
2047	409.920
2048	410.550
2049	410.260
2050	410.080
2051	410.190
2054	409.840
2055	410.010
2056	409.830
2058	410.710
2059	409.590
2060	409.930
2062	409.600
2063	409.960
2065	410.960
2067	410.420
2068	409.550
2069	409.830
2070	410.530
2071	410.610
2072	409.960
2073	410.960
2074	410.060
2075	410.680
2076	410.370
2077	409.910
2078	410.580
2079	410.690
2081	409.620
2082	409.530
2083	410.850
2084	410.790
2085	410.270
2087	410.500
2088	410.820
2089	410.280
2090	410.800
2091	409.920
2092	410.780
2095	410.720
2096	410.050
2097	410.560
2098	410.740
2099	409.550
2100	410.810
2001	411.360
2003	411.850
2005	411.870
2007	411.400
2009	411.960
2010	412.200
2011	411.770
2012	411.590
2014	411.460
2016	412.280
2017	411.130
2019	412.440
2020	412.040
2021	412.160
2022	411.480
2023	411.430
2025	412.460
2026	411.810
2027	412.260
2029	412.020
2030	412.380
2032	411.500
2036	412.270
2038	412.380
2039	412.460
2040	411.780
2041	411.950
2042	411.480
2043	411.630
2045	411.250
2047	411.930
2049	412.270
2050	412.090
2051	412.200
2052	411.030
2053	411.420
2054	411.850
2055	412.020
2056	411.840
2057	411.270
2059	411.600
2060	411.940
2061	411.440
2062	411.610
2063	411.970
2064	411.040
2066	411.430
2067	412.430
2068	411.560
2069	411.840
2072	411.970
2074	412.070
2076	412.380
2077	411.920
2080	411.040
2081	411.630
2082	411.540
2085	412.280
2086	411.290
2089	412.290
2091	411.930
2093	411.090
2094	411.350
2096	412.060
2099	411.560
2001	413.370
2002	412.530
2003	413.860
2004	412.720
2005	413.880
2006	412.870
2007	413.410
2008	412.510
2009	413.970
2011	413.780
2012	413.600
2013	412.510
2014	413.470
2015	412.940
2017	413.140
2018	412.870
2022	413.490
2023	413.440
2024	412.980
2026	413.820
2028	412.850
2031	412.800
2032	413.510
2033	412.810
2034	412.930
2035	412.750
2037	412.810
2040	413.790
2041	413.960
2042	413.490
2043	413.640
2044	412.540
2045	413.260
2046	412.680
2047	413.940
2048	412.560
2052	413.040
2053	413.430
2054	413.860
2056	413.850
2057	413.280
2058	412.720
2059	413.610
2060	413.950
2061	413.450
2062	413.620
2063	413.980
2064	413.050
2065	412.970
2066	413.440
2068	413.570
2069	413.850
2070	412.540
2071	412.620
2072	413.980
2073	412.970
2075	412.690
2077	413.930
2078	412.590
2079	412.700
2080	413.050
2081	413.640
2082	413.550
2083	412.860
2084	412.800
2086	413.300
2087	412.510
2088	412.830
2090	412.810
2091	413.940
2092	412.790
2093	413.100
2094	413.360
2095	412.730
2097	412.570
2098	412.750
2099	413.570
2100	412.820
2001	415.380
2002	414.540
2004	414.730
2006	414.880
2007	415.420
2008	414.520
2010	414.210
2013	414.520
2014	415.480
2015	414.950
2016	414.290
2017	415.150
2018	414.880
2019	414.450
2020	414.050
2021	414.170
2022	415.500
2023	415.450
2024	414.990
2025	414.470
2027	414.270
2028	414.860
2029	414.030
2030	414.390
2031	414.810
2033	414.820
2034	414.940
2035	414.760
2036	414.280
2037	414.820
2038	414.390
2039	414.470
2042	415.500
2044	414.550
2045	415.270
2046	414.690
2048	414.570
2049	414.280
2050	414.100
2051	414.210
2052	415.050
2053	415.440
2055	414.030
2057	415.290
2058	414.730
2061	415.460
2064	415.060
2065	414.980
2066	415.450
2067	414.440
2070	414.550
2071	414.630
2073	414.980
2074	414.080
2075	414.700
2076	414.390
2078	414.600
2079	414.710
2080	415.060
2083	414.870
2084	414.810
2085	414.290
2086	415.310
2087	414.520
2088	414.840
2089	414.300
2090	414.820
2092	414.800
2093	415.110
2094	415.370
2095	414.740
2096	414.070
2097	414.580
2098	414.760
2100	414.830
2002	416.550
2003	415.870
2004	416.740
2005	415.890
2006	416.890
2008	416.530
2009	415.980
2010	416.220
2011	415.790
2012	415.610
2013	416.530
2015	416.960
2016	416.300
2018	416.890
2019	416.460
2020	416.060
2021	416.180
2024	417.000
2025	416.480
2026	415.830
2027	416.280
2028	416.870
2029	416.040
2030	416.400
2031	416.820
2032	415.520
2033	416.830
2034	416.950
2035	416.770
2037	416.830
2038	416.400
2039	416.480
2040	415.800
2041	415.970
2043	415.650
2044	416.560
2046	416.700
2047	415.950
2048	416.580
2049	416.290
2050	416.110
2051	416.220
2054	415.870
2055	416.040
2056	415.860
2058	416.740
2059	415.620
2060	415.960
2062	415.630
2063	415.990
2065	416.990
2067	416.450
2068	415.580
2069	415.860
2070	416.560
2071	416.640
2072	415.990
2073	416.990
2074	416.090
2075	416.710
2076	416.400
2077	415.940
2078	416.610
2079	416.720
2081	415.650
2082	415.560
2083	416.880
2084	416.820
2085	416.300
2087	416.530
2088	416.850
2089	416.310
2090	416.830
2091	415.950
2092	416.810
2096	416.080
2097	416.590
2098	416.770
2099	415.580
2100	416.840
2003	417.880
2005	417.900
2007	417.430
2009	417.990
2010	418.230
2011	417.800
2012	417.620
2014	417.490
2016	418.310
2017	417.160
2019	418.470
2020	418.070
2021	418.190
2022	417.510
2025	418.490
2026	417.840
2027	418.290
2029	418.050
2030	418.410
2032	417.530
2038	418.410
2039	418.490
2040	417.810
2041	417.980
2042	417.510
2043	417.660
2045	417.280
2047	417.960
2049	418.300
2051	418.230
2052	417.060
2053	417.450
2054	417.880
2055	418.050
2056	417.870
2057	417.300
2059	417.630
2060	417.970
2061	417.470
2062	417.640
2063	418.000
2064	417.070
2066	417.460
2067	418.460
2068	417.590
2069	417.870
2072	418.000
2074	418.100
2076	418.410
2077	417.950
2080	417.070
2081	417.660
2086	417.320
2089	418.320
2091	417.960
2093	417.120
2094	417.380
2096	418.090
2099	417.590
2003	419.890
2004	418.750
2005	419.910
2006	418.900
2007	419.440
2008	418.540
2009	420.000
2011	419.810
2012	419.630
2013	418.540
2014	419.500
2015	418.970
2017	419.170
2018	418.900
2024	419.010
2026	419.850
2031	418.830
2032	419.540
2033	418.840
2034	418.960
2035	418.780
2037	418.840
2040	419.820
2043	419.670
2044	418.570
2045	419.290
2046	418.710
2047	419.970
2048	418.590
2052	419.070
2053	419.460
2054	419.890
2056	419.880
2057	419.310
2058	418.750
2059	419.640
2060	419.980
2061	419.480
2062	419.650
2064	419.080
2065	419.000
2066	419.470
2068	419.600
2069	419.880
2070	418.570
2073	419.000
2075	418.720
2077	419.960
2078	418.620
2079	418.730
2080	419.080
2081	419.670
2083	418.890
2084	418.830
2086	419.330
2088	418.860
2090	418.840
2091	419.970
2092	418.820
2093	419.130
2097	418.600
2098	418.780
2099	419.600
2100	418.850
2004	420.760
2007	421.450
2010	420.240
2013	420.550
2017	421.180
2018	420.910
2020	420.080
2027	420.300
2029	420.060
2030	420.420
2033	420.850
2035	420.790
2037	420.850
2038	420.420
2039	420.500
2044	420.580
2051	420.240
2052	421.080
2055	420.060
2061	421.490
2064	421.090
2065	421.010
2066	421.480
2067	420.470
2074	420.110
2075	420.730
2078	420.630
2079	420.740
2084	420.840
2089	420.330
2090	420.850
2092	420.830
2093	421.140
2096	420.100
2098	420.790
2100	420.860
2003	421.900
2005	421.920
2009	422.010
2013	422.560
2014	421.510
2029	422.070
2030	422.430
2032	421.550
2033	422.860
2035	422.800
2039	422.510
2040	421.830
2043	421.680
2047	421.980
2051	422.250
2054	421.900
2056	421.890
2059	421.650
2062	421.660
2079	422.750
2081	421.680
2084	422.850
2089	422.340
2090	422.860
2096	422.110
2099	421.610
2007	423.460
2009	424.020
2017	423.190
2040	423.840
2047	423.990
2051	424.260
2056	423.900
2059	423.660
2081	423.690
2013	424.570
2039	424.520
2040	425.850
2059	425.670
2079	424.760
2084	424.860
2039	426.530
2052	492.670
2042	494.310
2028	495.460
2060	496.230
2070	495.760
2087	495.990
2032	497.970
2014	498.140
2028	498.280
2037	498.480
2042	498.400
2060	498.490
2075	499.090
2093	499.190
2010	500.620
2014	500.800
2021	500.290
2024	500.410
2035	500.300
2048	500.820
2056	499.820
2061	500.310
2065	500.600
2087	499.630
2090	499.590
2004	502.200
2008	501.370
2011	502.050
2016	501.390
2019	502.210
2021	502.300
2024	502.420
2032	501.220
2035	502.310
2037	501.880
2038	501.400
2049	501.850
2051	502.360
2053	501.560
2060	501.910
2061	502.320
2069	501.650
2075	501.580
2081	502.050
2093	501.380
2003	502.970
2005	503.780
2008	503.380
2010	502.630
2012	503.490
2013	503.950
2014	502.810
2015	503.500
2016	503.400
2022	503.580
2027	502.930
2032	503.230
2034	502.620
2036	503.900
2038	503.410
2047	503.860
2049	503.860
2065	503.150
2066	502.690
2068	503.860
2069	503.660
2078	503.290
2079	503.240
2080	503.820
2084	503.200
2087	502.660
2093	503.390
2094	503.000
2096	502.990
2099	503.330
2002	504.270
2003	504.980
2004	504.210
2008	505.390
2009	504.880
2010	504.640
2011	504.750
2012	505.500
2014	504.820
2016	505.410
2020	505.130
2021	504.310
2024	504.430
2027	504.940
2032	505.240
2033	504.540
2034	504.630
2035	504.320
2038	505.420
2039	504.340
2040	504.680
2043	504.630
2044	505.150
2048	504.830
2053	504.200
2054	504.780
2056	504.070
2061	504.330
2062	504.690
2065	505.190
2066	504.700
2072	504.860
2074	504.990
2078	505.300
2081	504.810
2083	505.320
2084	505.340
2087	504.670
2090	504.050
2091	504.080
2092	504.060
2093	505.400
2094	505.010
2099	505.340
2001	505.780
2002	506.280
2003	506.990
2004	506.220
2005	506.060
2006	506.490
2007	506.370
2009	506.890
2010	506.650
2011	506.760
2013	505.960
2014	506.830
2015	505.810
2021	506.320
2022	505.950
2023	505.990
2024	506.440
2025	506.460
2027	506.950
2031	506.890
2033	506.550
2034	506.640
2035	506.330
2036	505.910
2037	506.870
2039	506.800
2040	506.690
2043	506.640
2046	505.790
2047	505.870
2049	505.870
2051	506.390
2052	506.220
2053	506.210
2054	506.790
2055	505.790
2056	506.080
2058	506.480
2059	506.590
2061	506.340
2062	506.700
2066	506.710
2067	506.180
2068	505.870
2069	505.820
2071	506.070
2072	506.870
2074	507.000
2076	505.710
2079	505.540
2080	505.830
2081	506.820
2082	506.470
2087	506.680
2088	506.990
2089	506.740
2090	506.300
2091	506.090
2092	506.070
2095	505.880
2096	505.520
2001	507.790
2002	508.290
2004	508.230
2005	508.070
2006	508.500
2007	508.380
2008	507.400
2012	507.510
2013	507.970
2015	507.820
2016	507.420
2017	507.340
2018	507.200
2020	507.140
2021	508.330
2022	507.960
2023	508.000
2024	508.450
2025	508.470
2028	507.950
2029	507.980
2030	507.350
2032	507.250
2035	508.340
2036	507.920
2038	507.430
2042	507.300
2044	507.240
2045	507.360
2046	507.800
2047	507.880
2048	507.580
2049	507.880
2050	507.020
2051	508.400
2053	508.220
2055	507.800
2056	508.090
2058	508.490
2061	508.350
2065	507.200
2067	508.190
2068	507.880
2071	508.080
2076	507.720
2078	507.310
2079	507.550
2080	507.840
2083	507.330
2084	507.350
2086	508.290
2090	508.310
2091	508.100
2092	508.080
2093	507.410
2094	507.020
2095	507.890
2096	507.870
2097	507.720
2098	507.730
2099	507.350
2001	509.800
2003	509.000
2008	509.410
2009	508.900
2010	508.660
2011	508.770
2012	509.520
2013	509.980
2014	508.840
2015	509.830
2016	509.430
2017	509.350
2018	509.210
2019	509.360
2020	509.150
2022	509.970
2027	508.960
2028	509.960
2029	509.990
2030	509.360
2031	508.900
2032	509.260
2033	508.560
2034	508.650
2036	509.930
2037	508.880
2038	509.810
2039	508.810
2040	508.700
2041	508.930
2042	509.310
2043	508.650
2044	509.250
2045	509.370
2046	509.810
2047	509.890
2048	509.980
2049	509.890
2050	509.030
2052	508.760
2054	508.800
2055	509.810
2059	508.600
2062	508.710
2063	508.780
2064	509.860
2065	509.210
2066	508.720
2068	509.890
2072	508.880
2074	509.010
2076	509.730
2078	509.320
2079	509.560
2080	509.850
2081	508.830
2082	509.400
2083	509.340
2084	509.360
2085	509.750
2087	508.690
2088	509.000
2089	508.750
2093	509.420
2094	509.030
2095	509.900
2096	509.880
2097	509.730
2098	509.740
2099	509.360
2100	509.210
2002	510.300
2003	511.010
2004	510.240
2005	510.080
2006	510.510
2007	510.390
2008	511.420
2009	510.910
2010	510.670
2011	510.780
2014	510.850
2016	511.440
2017	511.360
2018	511.220
2019	511.370
2020	511.160
2021	510.340
2023	510.010
2024	510.460
2025	510.480
2026	510.120
2027	510.970
2030	511.370
2031	510.910
2032	511.270
2033	510.570
2034	510.660
2035	510.350
2037	510.890
2039	510.820
2040	510.710
2041	510.940
2042	511.320
2043	510.660
2044	511.260
2045	511.380
2050	511.040
2051	510.410
2052	510.770
2053	510.230
2054	510.810
2056	510.100
2057	510.670
2058	510.500
2059	510.610
2061	510.360
2062	510.720
2063	510.790
2065	511.220
2066	510.730
2067	510.200
2069	510.430
2071	510.090
2072	510.890
2073	510.860
2074	511.020
2075	510.770
2077	511.370
2078	511.330
2081	510.840
2082	511.410
2083	511.350
2084	511.370
2086	510.300
2087	510.700
2088	511.010
2089	510.760
2090	510.320
2091	510.110
2092	510.090
2093	511.430
2094	511.040
2099	511.370
2100	511.220
2001	511.810
2002	512.310
2004	512.250
2005	512.090
2006	512.520
2007	512.400
2009	512.920
2010	512.680
2011	512.790
2012	511.530
2013	511.990
2014	512.860
2015	511.840
2021	512.350
2022	511.980
2023	512.020
2024	512.470
2025	512.490
2026	512.130
2027	512.980
2028	511.970
2029	512.000
2031	512.920
2033	512.580
2034	512.670
2035	512.360
2036	511.940
2037	512.900
2038	511.820
2039	512.830
2040	512.720
2041	512.950
2043	512.670
2046	511.820
2047	511.900
2048	511.990
2049	511.900
2051	512.420
2052	512.780
2053	512.240
2054	512.820
2055	511.820
2056	512.110
2057	512.680
2058	512.510
2059	512.620
2060	511.940
2061	512.370
2062	512.730
2063	512.800
2064	511.870
2066	512.740
2067	512.210
2068	511.900
2069	512.440
2070	512.810
2071	512.100
2072	512.900
2073	512.870
2075	512.780
2076	511.740
2079	511.570
2080	511.860
2081	512.850
2085	511.760
2086	512.310
2087	512.710
2089	512.770
2090	512.330
2091	512.120
2092	512.100
2095	511.910
2096	511.890
2097	511.740
2098	511.750
2001	513.820
2002	514.320
2003	513.020
2004	514.260
2005	514.100
2007	514.410
2008	513.430
2012	513.540
2013	514.000
2015	513.850
2016	513.450
2017	513.370
2018	513.230
2019	513.380
2020	513.170
2021	514.360
2022	513.990
2023	514.030
2024	514.480
2025	514.500
2026	514.140
2028	513.980
2029	514.010
2030	513.380
2032	513.280
2035	514.370
2036	513.950
2038	513.830
2042	513.330
2044	513.270
2045	513.390
2046	513.830
2047	513.910
2048	514.000
2049	513.910
2050	513.050
2051	514.430
2053	514.250
2055	513.830
2056	514.120
2060	513.950
2061	514.380
2064	513.880
2065	513.230
2067	514.220
2068	513.910
2069	514.450
2071	514.110
2074	513.030
2076	513.750
2077	513.380
2078	513.340
2079	513.580
2080	513.870
2082	513.420
2083	513.360
2084	513.380
2085	513.770
2086	514.320
2088	513.020
2090	514.340
2091	514.130
2092	514.110
2093	513.440
2094	513.050
2095	513.920
2096	513.900
2097	513.750
2098	513.760
2099	513.380
2100	513.230
2001	515.830
2003	515.030
2006	514.530
2008	515.440
2009	514.930
2010	514.690
2011	514.800
2012	515.550
2014	514.870
2015	515.860
2016	515.460
2017	515.380
2018	515.240
2019	515.390
2020	515.180
2022	516.000
2027	514.990
2028	515.990
2030	515.390
2031	514.930
2032	515.290
2033	514.590
2034	514.680
2036	515.960
2037	514.910
2038	515.840
2039	514.840
2040	514.730
2041	514.960
2042	515.340
2043	514.680
2044	515.280
2045	515.400
2046	515.840
2047	515.920
2049	515.920
2050	515.060
2052	514.790
2054	514.830
2055	515.840
2057	514.690
2058	514.520
2059	514.630
2060	515.960
2062	514.740
2063	514.810
2064	515.890
2065	515.240
2066	514.750
2068	515.920
2070	514.820
2072	514.910
2073	514.880
2074	515.040
2075	514.790
2076	515.760
2077	515.390
2078	515.350
2079	515.590
2080	515.880
2081	514.860
2082	515.430
2083	515.370
2084	515.390
2085	515.780
2087	514.720
2088	515.030
2089	514.780
2093	515.450
2094	515.060
2095	515.930
2096	515.910
2097	515.760
2098	515.770
2099	515.390
2100	515.240
2002	516.330
2003	517.040
2004	516.270
2005	516.110
2006	516.540
2007	516.420
2008	517.450
2009	516.940
2010	516.700
2011	516.810
2013	516.010
2014	516.880
2016	517.470
2017	517.390
2018	517.250
2019	517.400
2020	517.190
2021	516.370
2023	516.040
2024	516.490
2025	516.510
2026	516.150
2027	517.000
2029	516.020
2030	517.400
2031	516.940
2032	517.300
2033	516.600
2034	516.690
2035	516.380
2037	516.920
2039	516.850
2040	516.740
2041	516.970
2042	517.350
2043	516.690
2044	517.290
2045	517.410
2048	516.010
2050	517.070
2051	516.440
2052	516.800
2053	516.260
2054	516.840
2056	516.130
2057	516.700
2058	516.530
2059	516.640
2061	516.390
2062	516.750
2063	516.820
2065	517.250
2066	516.760
2067	516.230
2069	516.460
2070	516.830
2071	516.120
2072	516.920
2073	516.890
2074	517.050
2075	516.800
2077	517.400
2078	517.360
2081	516.870
2082	517.440
2083	517.380
2084	517.400
2086	516.330
2087	516.730
2088	517.040
2089	516.790
2090	516.350
2091	516.140
2092	516.120
2093	517.460
2094	517.070
2099	517.400
2100	517.250
2001	517.840
2002	518.340
2004	518.280
2005	518.120
2006	518.550
2007	518.430
2009	518.950
2010	518.710
2011	518.820
2012	517.560
2013	518.020
2014	518.890
2015	517.870
2021	518.380
2022	518.010
2023	518.050
2024	518.500
2025	518.520
2026	518.160
2028	518.000
2029	518.030
2031	518.950
2033	518.610
2034	518.700
2035	518.390
2036	517.970
2037	518.930
2038	517.850
2039	518.860
2040	518.750
2041	518.980
2043	518.700
2046	517.850
2047	517.930
2048	518.020
2049	517.930
2051	518.450
2052	518.810
2053	518.270
2054	518.850
2055	517.850
2056	518.140
2057	518.710
2058	518.540
2059	518.650
2060	517.970
2061	518.400
2062	518.760
2063	518.830
2064	517.900
2066	518.770
2067	518.240
2068	517.930
2069	518.470
2070	518.840
2071	518.130
2072	518.930
2073	518.900
2075	518.810
2076	517.770
2079	517.600
2080	517.890
2081	518.880
2085	517.790
2086	518.340
2087	518.740
2089	518.800
2090	518.360
2091	518.150
2092	518.130
2095	517.940
2096	517.920
2097	517.770
2098	517.780
2001	519.850
2002	520.350
2003	519.050
2004	520.290
2005	520.130
2007	520.440
2008	519.460
2012	519.570
2013	520.030
2015	519.880
2016	519.480
2017	519.400
2018	519.260
2019	519.410
2020	519.200
2021	520.390
2022	520.020
2023	520.060
2026	520.170
2027	519.010
2028	520.010
2029	520.040
2030	519.410
2032	519.310
2035	520.400
2036	519.980
2038	519.860
2042	519.360
2044	519.300
2045	519.420
2046	519.860
2047	519.940
2048	520.030
2049	519.940
2050	519.080
2051	520.460
2053	520.280
2055	519.860
2056	520.150
2060	519.980
2061	520.410
2064	519.910
2065	519.260
2067	520.250
2068	519.940
2069	520.480
2071	520.140
2074	519.060
2076	519.780
2077	519.410
2078	519.370
2079	519.610
2080	519.900
2082	519.450
2083	519.390
2084	519.410
2085	519.800
2086	520.350
2088	519.050
2090	520.370
2091	520.160
2092	520.140
2093	519.470
2094	519.080
2095	519.950
2096	519.930
2097	519.780
2098	519.790
2099	519.410
2100	519.260
2001	521.860
2003	521.060
2006	520.560
2008	521.470
2009	520.960
2010	520.720
2011	520.830
2012	521.580
2014	520.900
2015	521.890
2016	521.490
2017	521.410
2018	521.270
2019	521.420
2020	521.210
2024	520.510
2025	520.530
2027	521.020
2030	521.420
2031	520.960
2032	521.320
2033	520.620
2034	520.710
2036	521.990
2037	520.940
2038	521.870
2039	520.870
2040	520.760
2041	520.990
2042	521.370
2043	520.710
2044	521.310
2045	521.430
2046	521.870
2047	521.950
2049	521.950
2050	521.090
2052	520.820
2054	520.860
2055	521.870
2057	520.720
2058	520.550
2059	520.660
2060	521.990
2062	520.770
2063	520.840
2064	521.920
2065	521.270
2066	520.780
2068	521.950
2070	520.850
2072	520.940
2073	520.910
2074	521.070
2075	520.820
2076	521.790
2077	521.420
2078	521.380
2079	521.620
2080	521.910
2081	520.890
2082	521.460
2083	521.400
2084	521.420
2085	521.810
2087	520.750
2088	521.060
2089	520.810
2093	521.480
2094	521.090
2095	521.960
2096	521.940
2097	521.790
2098	521.800
2099	521.420
2100	521.270
2002	522.360
2003	523.070
2004	522.300
2005	522.140
2006	522.570
2007	522.450
2008	523.480
2009	522.970
2010	522.730
2011	522.840
2013	522.040
2014	522.910
2016	523.500
2017	523.420
2018	523.280
2019	523.430
2020	523.220
2021	522.400
2022	522.030
2023	522.070
2024	522.520
2025	522.540
2026	522.180
2027	523.030
2028	522.020
2029	522.050
2030	523.430
2031	522.970
2032	523.330
2033	522.630
2034	522.720
2035	522.410
2037	522.950
2039	522.880
2040	522.770
2041	523.000
2042	523.380
2043	522.720
2044	523.320
2045	523.440
2048	522.040
2050	523.100
2051	522.470
2052	522.830
2053	522.290
2054	522.870
2056	522.160
2057	522.730
2058	522.560
2059	522.670
2061	522.420
2062	522.780
2063	522.850
2065	523.280
2066	522.790
2067	522.260
2069	522.490
2070	522.860
2071	522.150
2072	522.950
2073	522.920
2074	523.080
2075	522.830
2077	523.430
2078	523.390
2081	522.900
2082	523.470
2083	523.410
2084	523.430
2086	522.360
2087	522.760
2088	523.070
2089	522.820
2090	522.380
2091	522.170
2092	522.150
2093	523.490
2094	523.100
2099	523.430
2100	523.280
2001	523.870
2002	524.370
2004	524.310
2005	524.150
2006	524.580
2007	524.460
2009	524.980
2010	524.740
2011	524.850
2012	523.590
2013	524.050
2014	524.920
2015	523.900
2021	524.410
2022	524.040
2023	524.080
2024	524.530
2025	524.550
2026	524.190
2028	524.030
2029	524.060
2031	524.980
2033	524.640
2034	524.730
2035	524.420
2036	524.000
2037	524.960
2038	523.880
2039	524.890
2040	524.780
2043	524.730
2046	523.880
2047	523.960
2048	524.050
2049	523.960
2051	524.480
2052	524.840
2053	524.300
2054	524.880
2055	523.880
2056	524.170
2057	524.740
2058	524.570
2059	524.680
2060	524.000
2061	524.430
2062	524.790
2063	524.860
2064	523.930
2066	524.800
2067	524.270
2068	523.960
2069	524.500
2070	524.870
2071	524.160
2072	524.960
2073	524.930
2075	524.840
2076	523.800
2079	523.630
2080	523.920
2081	524.910
2085	523.820
2086	524.370
2087	524.770
2089	524.830
2090	524.390
2091	524.180
2092	524.160
2095	523.970
2096	523.950
2097	523.800
2098	523.810
2001	525.880
2002	526.380
2003	525.080
2004	526.320
2005	526.160
2007	526.470
2008	525.490
2012	525.600
2013	526.060
2015	525.910
2016	525.510
2017	525.430
2018	525.290
2019	525.440
2020	525.230
2021	526.420
2022	526.050
2023	526.090
2026	526.200
2027	525.040
2028	526.040
2029	526.070
2030	525.440
2032	525.340
2035	526.430
2036	526.010
2038	525.890
2041	525.010
2042	525.390
2044	525.330
2045	525.450
2046	525.890
2047	525.970
2048	526.060
2049	525.970
2050	525.110
2051	526.490
2053	526.310
2055	525.890
2056	526.180
2060	526.010
2061	526.440
2064	525.940
2065	525.290
2067	526.280
2068	525.970
2071	526.170
2074	525.090
2076	525.810
2077	525.440
2078	525.400
2079	525.640
2080	525.930
2082	525.480
2083	525.420
2084	525.440
2085	525.830
2086	526.380
2088	525.080
2090	526.400
2091	526.190
2092	526.170
2093	525.500
2094	525.110
2095	525.980
2096	525.960
2097	525.810
2098	525.820
2099	525.440
2100	525.290
2001	527.890
2003	527.090
2006	526.590
2008	527.500
2009	526.990
2010	526.750
2011	526.860
2012	527.610
2014	526.930
2015	527.920
2016	527.520
2017	527.440
2018	527.300
2019	527.450
2020	527.240
2024	526.540
2025	526.560
2027	527.050
2030	527.450
2031	526.990
2032	527.350
2033	526.650
2034	526.740
2037	526.970
2038	527.900
2039	526.900
2040	526.790
2041	527.020
2042	527.400
2043	526.740
2044	527.340
2045	527.460
2046	527.900
2047	527.980
2049	527.980
2050	527.120
2052	526.850
2054	526.890
2055	527.900
2057	526.750
2058	526.580
2059	526.690
2062	526.800
2063	526.870
2064	527.950
2065	527.300
2066	526.810
2068	527.980
2069	526.510
2070	526.880
2072	526.970
2073	526.940
2074	527.100
2075	526.850
2076	527.820
2077	527.450
2078	527.410
2079	527.650
2080	527.940
2081	526.920
2082	527.490
2083	527.430
2084	527.450
2085	527.840
2087	526.780
2088	527.090
2089	526.840
2093	527.510
2094	527.120
2095	527.990
2096	527.970
2097	527.820
2098	527.830
2099	527.450
2100	527.300
2002	528.390
2003	529.100
2004	528.330
2005	528.170
2006	528.600
2007	528.480
2009	529.000
2010	528.760
2011	528.870
2013	528.070
2014	528.940
2017	529.450
2018	529.310
2019	529.460
2020	529.250
2021	528.430
2022	528.060
2023	528.100
2024	528.550
2025	528.570
2026	528.210
2027	529.060
2028	528.050
2029	528.080
2030	529.460
2031	529.000
2032	529.360
2033	528.660
2034	528.750
2035	528.440
2036	528.020
2037	528.980
2039	528.910
2040	528.800
2041	529.030
2042	529.410
2043	528.750
2044	529.350
2045	529.470
2048	528.070
2050	529.130
2051	528.500
2052	528.860
2053	528.320
2054	528.900
2056	528.190
2057	528.760
2058	528.590
2059	528.700
2060	528.020
2061	528.450
2062	528.810
2063	528.880
2065	529.310
2066	528.820
2067	528.290
2069	528.520
2070	528.890
2071	528.180
2072	528.980
2073	528.950
2074	529.110
2075	528.860
2077	529.460
2078	529.420
2081	528.930
2082	529.500
2083	529.440
2084	529.460
2086	528.390
2087	528.790
2088	529.100
2089	528.850
2090	528.410
2091	528.200
2092	528.180
2094	529.130
2099	529.460
2100	529.310
2001	529.900
2002	530.400
2004	530.340
2005	530.180
2006	530.610
2007	530.490
2008	529.510
2010	530.770
2011	530.880
2012	529.620
2013	530.080
2014	530.950
2015	529.930
2016	529.530
2021	530.440
2022	530.070
2023	530.110
2024	530.560
2025	530.580
2026	530.220
2028	530.060
2029	530.090
2033	530.670
2034	530.760
2035	530.450
2036	530.030
2037	530.990
2038	529.910
2039	530.920
2040	530.810
2043	530.760
2046	529.910
2047	529.990
2048	530.080
2049	529.990
2051	530.510
2052	530.870
2053	530.330
2054	530.910
2055	529.910
2056	530.200
2057	530.770
2058	530.600
2059	530.710
2060	530.030
2061	530.460
2062	530.820
2063	530.890
2064	529.960
2066	530.830
2067	530.300
2068	529.990
2069	530.530
2070	530.900
2071	530.190
2072	530.990
2073	530.960
2075	530.870
2076	529.830
2079	529.660
2080	529.950
2081	530.940
2085	529.850
2086	530.400
2087	530.800
2089	530.860
2090	530.420
2091	530.210
2092	530.190
2093	529.520
2095	530.000
2096	529.980
2097	529.830
2098	529.840
2001	531.910
2002	532.410
2003	531.110
2004	532.350
2005	532.190
2007	532.500
2008	531.520
2009	531.010
2012	531.630
2013	532.090
2015	531.940
2016	531.540
2017	531.460
2018	531.320
2019	531.470
2020	531.260
2021	532.450
2022	532.080
2023	532.120
2026	532.230
2027	531.070
2028	532.070
2029	532.100
2030	531.470
2031	531.010
2032	531.370
2035	532.460
2036	532.040
2038	531.920
2041	531.040
2042	531.420
2044	531.360
2045	531.480
2046	531.920
2047	532.000
2048	532.090
2049	532.000
2050	531.140
2053	532.340
2055	531.920
2056	532.210
2060	532.040
2061	532.470
2064	531.970
2065	531.320
2067	532.310
2068	532.000
2071	532.200
2074	531.120
2076	531.840
2077	531.470
2078	531.430
2079	531.670
2080	531.960
2082	531.510
2083	531.450
2084	531.470
2085	531.860
2086	532.410
2088	531.110
2090	532.430
2091	532.220
2092	532.200
2093	531.530
2094	531.140
2095	532.010
2096	531.990
2097	531.840
2098	531.850
2099	531.470
2100	531.320
2001	533.920
2003	533.120
2006	532.620
2008	533.530
2009	533.020
2010	532.780
2011	532.890
2012	533.640
2014	532.960
2015	533.950
2016	533.550
2017	533.470
2018	533.330
2019	533.480
2020	533.270
2024	532.570
2025	532.590
2027	533.080
2030	533.480
2031	533.020
2032	533.380
2033	532.680
2034	532.770
2037	533.000
2038	533.930
2039	532.930
2040	532.820
2041	533.050
2042	533.430
2043	532.770
2044	533.370
2045	533.490
2046	533.930
2050	533.150
2051	532.520
2052	532.880
2054	532.920
2055	533.930
2057	532.780
2058	532.610
2059	532.720
2062	532.830
2063	532.900
2064	533.980
2065	533.330
2066	532.840
2069	532.540
2070	532.910
2072	533.000
2073	532.970
2074	533.130
2075	532.880
2076	533.850
2077	533.480
2078	533.440
2079	533.680
2080	533.970
2081	532.950
2082	533.520
2083	533.460
2084	533.480
2085	533.870
2087	532.810
2088	533.120
2089	532.870
2093	533.540
2094	533.150
2096	534.000
2097	533.850
2098	533.860
2099	533.480
2100	533.330
2002	534.420
2003	535.130
2004	534.360
2005	534.200
2006	534.630
2007	534.510
2009	535.030
2010	534.790
2011	534.900
2013	534.100
2014	534.970
2017	535.480
2018	535.340
2019	535.490
2020	535.280
2022	534.090
2023	534.130
2024	534.580
2025	534.600
2026	534.240
2027	535.090
2028	534.080
2029	534.110
2030	535.490
2031	535.030
2032	535.390
2033	534.690
2034	534.780
2036	534.050
2037	535.010
2039	534.940
2040	534.830
2041	535.060
2042	535.440
2043	534.780
2044	535.380
2045	535.500
2047	534.010
2048	534.100
2049	534.010
2050	535.160
2051	534.530
2052	534.890
2053	534.350
2054	534.930
2056	534.220
2057	534.790
2058	534.620
2059	534.730
2060	534.050
2062	534.840
2063	534.910
2065	535.340
2066	534.850
2067	534.320
2068	534.010
2069	534.550
2070	534.920
2071	534.210
2072	535.010
2073	534.980
2074	535.140
2075	534.890
2077	535.490
2078	535.450
2081	534.960
2083	535.470
2084	535.490
2086	534.420
2087	534.820
2088	535.130
2089	534.880
2090	534.440
2091	534.230
2092	534.210
2094	535.160
2095	534.020
2099	535.490
2100	535.340
2001	535.930
2004	536.370
2005	536.210
2006	536.640
2007	536.520
2008	535.540
2013	536.110
2014	536.980
2015	535.960
2023	536.140
2024	536.590
2025	536.610
2026	536.250
2028	536.090
2029	536.120
2033	536.700
2036	536.060
2038	535.940
2039	536.950
2040	536.840
2043	536.790
2046	535.940
2048	536.110
2049	536.020
2052	536.900
2053	536.360
2056	536.230
2057	536.800
2058	536.630
2059	536.740
2060	536.060
2062	536.850
2063	536.920
2064	535.990
2066	536.860
2067	536.330
2068	536.020
2069	536.560
2070	536.930
2071	536.220
2073	536.990
2075	536.900
2076	535.860
2079	535.690
2080	535.980
2082	535.530
2085	535.880
2086	536.430
2087	536.830
2089	536.890
2090	536.450
2092	536.220
2095	536.030
2096	536.010
2097	535.860
2098	535.870
2003	537.140
2004	538.380
2009	537.040
2013	538.120
2017	537.490
2018	537.350
2019	537.500
2020	537.290
2026	538.260
2027	537.100
2028	538.100
2029	538.130
2030	537.500
2032	537.400
2036	538.070
2037	537.020
2038	537.950
2041	537.070
2044	537.390
2046	537.950
2048	538.120
2050	537.170
2060	538.070
2064	538.000
2067	538.340
2068	538.030
2074	537.150
2077	537.500
2082	537.540
2085	537.890
2088	537.140
2096	538.020
2098	537.880
2100	537.350
2007	538.530
2025	538.620
2027	539.110
2052	538.910
2057	538.810
2058	538.640
2069	538.570
2070	538.940
2073	539.000
2075	538.910
2077	539.510
2082	539.550
2085	539.900
2089	538.900
2064	540.010
2070	540.950
2070	542.960
2038	606.760
2023	610.210
2033	611.510
2036	611.070
2038	611.620
2078	611.820
2022	613.170
2099	612.390
2005	614.360
2008	614.210
2033	614.460
2052	614.030
2061	613.920
2076	614.690
2078	614.430
2082	614.000
2083	614.960
2085	614.770
2006	616.060
2029	615.830
2030	615.110
2031	615.260
2036	615.960
2040	615.940
2042	615.540
2055	615.350
2061	616.180
2065	616.490
2080	615.850
2084	615.920
2099	615.650
2005	616.640
2008	617.280
2013	617.840
2022	616.740
2030	617.930
2031	617.270
2033	616.580
2042	617.550
2046	616.870
2050	617.270
2051	616.710
2052	617.930
2053	616.930
2055	617.700
2056	617.090
2063	617.410
2070	616.670
2074	617.580
2075	616.720
2076	616.870
2078	617.750
2082	617.660
2084	617.930
2095	617.590
2096	616.840
2098	616.530
2001	618.480
2003	618.130
2005	618.650
2006	618.070
2008	619.290
2011	618.910
2012	618.850
2016	618.520
2029	618.660
2031	619.280
2033	618.590
2034	619.030
2046	619.240
2047	618.690
2050	619.280
2053	618.940
2057	619.080
2061	618.190
2063	619.420
2064	618.930
2065	619.100
2070	618.680
2073	618.410
2075	619.420
2076	618.880
2079	619.400
2080	618.240
2083	619.170
2093	618.610
2096	618.850
2098	618.540
2099	618.560
2100	619.440
2001	620.490
2003	620.260
2005	620.660
2006	620.080
2010	619.970
2011	620.920
2012	620.860
2013	619.850
2016	620.530
2018	619.550
2022	619.810
2027	620.000
2028	620.660
2029	620.710
2030	619.940
2032	619.760
2035	619.850
2036	620.130
2037	620.080
2042	619.560
2047	620.700
2051	619.980
2052	619.940
2053	620.950
2054	619.860
2055	619.710
2056	619.660
2061	620.490
2070	620.690
2074	619.590
2076	620.890
2081	619.980
2082	620.070
2084	619.940
2086	619.820
2088	619.750
2089	620.650
2092	620.430
2094	620.810
2095	620.960
2098	620.730
2001	622.500
2003	622.270
2004	621.060
2006	622.090
2007	621.080
2008	621.300
2009	621.110
2010	621.980
2013	621.860
2015	622.140
2018	621.560
2020	621.950
2022	621.820
2024	621.950
2030	621.950
2031	621.290
2032	621.770
2033	621.860
2034	621.040
2035	621.860
2036	622.140
2037	622.090
2039	621.790
2042	621.570
2044	621.320
2046	621.250
2050	621.290
2052	621.950
2054	621.870
2055	621.720
2056	621.670
2057	621.090
2058	621.880
2059	621.560
2061	622.500
2063	621.430
2064	622.070
2065	622.050
2066	621.150
2071	621.300
2072	621.470
2073	621.290
2075	621.430
2079	621.410
2080	621.160
2081	621.990
2082	622.080
2084	621.950
2085	621.600
2086	621.830
2087	621.530
2088	621.760
2092	622.440
2093	622.480
2096	621.080
2100	621.450
2004	623.070
2005	622.670
2007	623.090
2008	623.310
2009	623.120
2010	623.990
2011	622.930
2012	622.870
2013	623.870
2016	622.540
2018	623.570
2019	623.860
2020	623.980
2022	623.830
2023	623.050
2024	623.960
2025	622.920
2026	622.810
2027	622.700
2028	622.670
2029	622.720
2030	623.960
2031	623.300
2032	623.780
2034	623.050
2035	623.870
2039	623.800
2042	623.580
2043	623.880
2044	623.330
2046	623.260
2047	622.710
2050	623.300
2051	623.850
2052	623.960
2053	622.960
2054	623.880
2055	623.730
2056	623.680
2057	623.100
2058	623.890
2059	623.570
2063	623.440
2066	623.160
2070	622.700
2071	623.310
2072	623.480
2074	623.510
2075	623.440
2076	623.720
2077	623.300
2079	623.420
2080	623.170
2081	624.000
2083	623.880
2084	623.960
2085	623.610
2086	623.840
2087	623.960
2088	623.770
2089	622.660
2094	622.820
2098	622.740
2100	623.460
2001	624.510
2002	624.720
2003	624.280
2004	625.080
2005	624.680
2006	624.100
2007	625.100
2008	625.320
2009	625.130
2011	624.940
2012	624.880
2015	624.150
2016	624.550
2021	624.130
2023	625.060
2025	624.930
2026	624.820
2027	624.710
2028	624.680
2029	624.730
2031	625.310
2033	624.790
2034	625.060
2036	624.150
2037	624.100
2040	624.920
2041	624.520
2044	625.340
2046	625.270
2047	624.720
2049	624.200
2050	625.310
2053	624.970
2057	625.110
2060	624.920
2061	624.510
2063	625.450
2064	624.080
2065	624.060
2066	625.170
2070	624.710
2071	625.320
2072	625.490
2073	624.340
2075	625.450
2077	625.310
2079	625.430
2080	625.180
2082	624.090
2089	624.670
2090	624.890
2092	624.450
2093	624.490
2094	624.830
2096	624.130
2097	624.450
2098	624.750
2100	625.470
2001	626.520
2002	626.730
2003	626.290
2005	626.690
2006	626.110
2010	626.000
2011	626.950
2012	626.890
2013	625.880
2014	625.810
2015	626.160
2016	626.560
2017	626.530
2018	625.580
2019	625.870
2020	625.990
2021	626.140
2022	625.840
2024	625.970
2025	626.940
2026	626.830
2027	626.720
2028	626.690
2029	626.740
2030	625.970
2032	625.790
2033	626.800
2035	625.880
2036	626.160
2037	626.110
2038	625.610
2039	625.810
2040	626.930
2041	626.550
2042	625.590
2043	625.890
2045	625.910
2047	626.730
2048	626.560
2049	626.210
2051	625.860
2052	625.970
2053	626.980
2054	625.890
2055	625.740
2056	625.690
2058	625.900
2059	625.580
2060	626.930
2061	626.520
2064	626.090
2065	626.070
2067	625.680
2068	626.870
2069	625.870
2070	626.720
2073	626.350
2074	625.520
2076	625.730
2078	626.110
2081	626.010
2082	626.100
2083	625.890
2084	625.970
2085	625.620
2086	625.850
2087	625.970
2088	625.780
2089	626.680
2090	626.900
2091	625.620
2092	626.460
2093	626.500
2094	626.840
2095	625.680
2096	626.140
2097	626.460
2098	626.760
2099	625.790
2003	628.300
2004	627.090
2006	628.120
2007	627.110
2008	627.330
2009	627.140
2010	628.010
2013	627.890
2014	627.820
2015	628.170
2018	627.590
2019	627.880
2020	628.000
2021	628.150
2022	627.850
2023	627.070
2024	627.980
2030	627.980
2031	627.320
2032	627.800
2034	627.070
2035	627.890
2036	628.170
2037	628.120
2038	627.620
2039	627.820
2042	627.600
2043	627.900
2044	627.350
2045	627.920
2046	627.280
2049	628.220
2050	627.320
2051	627.870
2052	627.980
2054	627.900
2055	627.750
2056	627.700
2057	627.120
2058	627.910
2059	627.590
2062	627.370
2063	627.460
2064	628.100
2065	628.080
2066	627.180
2067	627.690
2069	627.880
2071	627.330
2072	627.500
2073	628.360
2074	627.530
2075	627.460
2076	627.740
2077	627.320
2078	628.120
2079	627.440
2080	627.190
2081	628.020
2082	628.110
2083	627.900
2084	627.980
2085	627.630
2086	627.860
2087	627.980
2088	627.790
2091	627.630
2092	628.470
2095	627.690
2096	628.150
2097	628.470
2099	627.800
2100	627.480
2001	628.530
2002	628.740
2004	629.100
2005	628.700
2007	629.120
2008	629.340
2009	629.150
2011	628.960
2012	628.900
2013	629.900
2014	629.830
2016	628.570
2017	628.540
2018	629.600
2019	629.890
2022	629.860
2023	629.080
2024	629.990
2025	628.950
2026	628.840
2027	628.730
2028	628.700
2029	628.750
2030	629.990
2031	629.330
2032	629.810
2033	628.810
2034	629.080
2035	629.900
2038	629.630
2039	629.830
2040	628.940
2041	628.560
2042	629.610
2043	629.910
2044	629.360
2045	629.930
2046	629.290
2047	628.740
2048	628.570
2050	629.330
2051	629.880
2052	629.990
2053	628.990
2054	629.910
2055	629.760
2056	629.710
2057	629.130
2058	629.920
2059	629.600
2060	628.940
2061	628.530
2062	629.380
2063	629.470
2066	629.190
2067	629.700
2068	628.880
2069	629.890
2070	628.730
2071	629.340
2072	629.510
2074	629.540
2075	629.470
2076	629.750
2077	629.330
2079	629.450
2080	629.200
2083	629.910
2084	629.990
2085	629.640
2086	629.870
2087	629.990
2088	629.800
2089	628.690
2090	628.910
2091	629.640
2093	628.510
2094	628.850
2095	629.700
2098	628.770
2099	629.810
2100	629.490
2001	630.540
2002	630.750
2003	630.310
2004	631.110
2005	630.710
2006	630.130
2007	631.130
2008	631.350
2009	631.160
2010	630.020
2011	630.970
2012	630.910
2015	630.180
2016	630.580
2017	630.550
2020	630.010
2021	630.160
2023	631.090
2025	630.960
2026	630.850
2027	630.740
2028	630.710
2029	630.760
2031	631.340
2033	630.820
2034	631.090
2036	630.180
2037	630.130
2040	630.950
2041	630.570
2044	631.370
2046	631.300
2047	630.750
2048	630.580
2049	630.230
2050	631.340
2053	631.000
2057	631.140
2060	630.950
2061	630.540
2062	631.390
2063	631.480
2064	630.110
2065	630.090
2066	631.200
2068	630.890
2070	630.740
2071	631.350
2073	630.370
2075	631.480
2077	631.340
2078	630.130
2079	631.460
2080	631.210
2081	630.030
2082	630.120
2089	630.700
2090	630.920
2092	630.480
2093	630.520
2094	630.860
2096	630.160
2097	630.480
2098	630.780
2100	631.500
2001	632.550
2002	632.760
2003	632.320
2005	632.720
2006	632.140
2010	632.030
2011	632.980
2012	632.920
2013	631.910
2014	631.840
2015	632.190
2016	632.590
2017	632.560
2018	631.610
2019	631.900
2020	632.020
2021	632.170
2022	631.870
2024	632.000
2025	632.970
2026	632.860
2027	632.750
2028	632.720
2029	632.770
2030	632.000
2032	631.820
2033	632.830
2035	631.910
2036	632.190
2037	632.140
2038	631.640
2039	631.840
2040	632.960
2041	632.580
2042	631.620
2043	631.920
2045	631.940
2047	632.760
2048	632.590
2049	632.240
2051	631.890
2052	632.000
2054	631.920
2055	631.770
2056	631.720
2058	631.930
2059	631.610
2060	632.960
2061	632.550
2064	632.120
2065	632.100
2067	631.710
2068	632.900
2069	631.900
2070	632.750
2072	631.520
2073	632.380
2074	631.550
2076	631.760
2078	632.140
2081	632.040
2082	632.130
2083	631.920
2084	632.000
2085	631.650
2086	631.880
2087	632.000
2088	631.810
2089	632.710
2090	632.930
2091	631.650
2092	632.490
2093	632.530
2094	632.870
2095	631.710
2096	632.170
2097	632.490
2098	632.790
2099	631.820
2003	634.330
2004	633.120
2006	634.150
2007	633.140
2008	633.360
2009	633.170
2010	634.040
2013	633.920
2014	633.850
2015	634.200
2018	633.620
2019	633.910
2020	634.030
2021	634.180
2022	633.880
2023	633.100
2024	634.010
2030	634.010
2031	633.350
2032	633.830
2034	633.100
2035	633.920
2036	634.200
2037	634.150
2038	633.650
2039	633.850
2042	633.630
2043	633.930
2044	633.380
2045	633.950
2046	633.310
2049	634.250
2050	633.350
2051	633.900
2052	634.010
2053	633.010
2054	633.930
2055	633.780
2056	633.730
2057	633.150
2058	633.940
2059	633.620
2062	633.400
2063	633.490
2064	634.130
2065	634.110
2066	633.210
2067	633.720
2069	633.910
2071	633.360
2072	633.530
2073	634.390
2074	633.560
2075	633.490
2076	633.770
2077	633.350
2078	634.150
2079	633.470
2080	633.220
2081	634.050
2082	634.140
2083	633.930
2084	634.010
2085	633.660
2086	633.890
2087	634.010
2088	633.820
2091	633.660
2092	634.500
2095	633.720
2096	634.180
2097	634.500
2099	633.830
2100	633.510
2001	634.560
2002	634.770
2004	635.130
2005	634.730
2007	635.150
2008	635.370
2009	635.180
2011	634.990
2012	634.930
2013	635.930
2014	635.860
2016	634.600
2017	634.570
2018	635.630
2019	635.920
2022	635.890
2023	635.110
2025	634.980
2026	634.870
2027	634.760
2028	634.730
2029	634.780
2031	635.360
2032	635.840
2033	634.840
2034	635.110
2035	635.930
2038	635.660
2039	635.860
2040	634.970
2041	634.590
2042	635.640
2043	635.940
2044	635.390
2045	635.960
2046	635.320
2047	634.770
2048	634.600
2050	635.360
2051	635.910
2053	635.020
2054	635.940
2055	635.790
2056	635.740
2057	635.160
2058	635.950
2059	635.630
2060	634.970
2061	634.560
2062	635.410
2063	635.500
2066	635.220
2067	635.730
2068	634.910
2069	635.920
2070	634.760
2071	635.370
2072	635.540
2074	635.570
2075	635.500
2076	635.780
2077	635.360
2079	635.480
2080	635.230
2083	635.940
2085	635.670
2086	635.900
2088	635.830
2089	634.720
2090	634.940
2091	635.670
2093	634.540
2094	634.880
2095	635.730
2098	634.800
2099	635.840
2100	635.520
2001	636.570
2002	636.780
2003	636.340
2004	637.140
2005	636.740
2006	636.160
2007	637.160
2008	637.380
2009	637.190
2010	636.050
2011	637.000
2012	636.940
2015	636.210
2016	636.610
2017	636.580
2020	636.040
2021	636.190
2023	637.120
2024	636.020
2025	636.990
2026	636.880
2027	636.770
2028	636.740
2029	636.790
2030	636.020
2031	637.370
2033	636.850
2034	637.120
2036	636.210
2037	636.160
2040	636.980
2041	636.600
2044	637.400
2046	637.330
2047	636.780
2048	636.610
2049	636.260
2050	637.370
2052	636.020
2053	637.030
2057	637.170
2060	636.980
2061	636.570
2062	637.420
2064	636.140
2065	636.120
2066	637.230
2068	636.920
2070	636.770
2071	637.380
2073	636.400
2077	637.370
2078	636.160
2079	637.490
2080	637.240
2081	636.060
2082	636.150
2084	636.020
2087	636.020
2089	636.730
2090	636.950
2092	636.510
2093	636.550
2094	636.890
2096	636.190
2097	636.510
2098	636.810
2001	638.580
2002	638.790
2003	638.350
2005	638.750
2006	638.170
2010	638.060
2012	638.950
2013	637.940
2014	637.870
2015	638.220
2016	638.620
2017	638.590
2018	637.640
2019	637.930
2020	638.050
2021	638.200
2022	637.900
2024	638.030
2025	639.000
2026	638.890
2027	638.780
2028	638.750
2029	638.800
2030	638.030
2032	637.850
2033	638.860
2035	637.940
2036	638.220
2037	638.170
2038	637.670
2039	637.870
2040	638.990
2041	638.610
2042	637.650
2043	637.950
2045	637.970
2047	638.790
2048	638.620
2049	638.270
2051	637.920
2052	638.030
2054	637.950
2055	637.800
2056	637.750
2058	637.960
2059	637.640
2060	638.990
2061	638.580
2063	637.510
2064	638.150
2065	638.130
2067	637.740
2068	638.930
2069	637.930
2070	638.780
2072	637.550
2073	638.410
2074	637.580
2075	637.510
2076	637.790
2078	638.170
2081	638.070
2082	638.160
2083	637.950
2084	638.030
2085	637.680
2086	637.910
2087	638.030
2088	637.840
2089	638.740
2090	638.960
2091	637.680
2092	638.520
2093	638.560
2094	638.900
2095	637.740
2096	638.200
2097	638.520
2098	638.820
2099	637.850
2100	637.530
2003	640.360
2004	639.150
2006	640.180
2007	639.170
2008	639.390
2009	639.200
2010	640.070
2011	639.010
2013	639.950
2014	639.880
2015	640.230
2018	639.650
2019	639.940
2020	640.060
2021	640.210
2022	639.910
2023	639.130
2024	640.040
2030	640.040
2031	639.380
2032	639.860
2034	639.130
2035	639.950
2036	640.230
2037	640.180
2038	639.680
2039	639.880
2042	639.660
2043	639.960
2044	639.410
2045	639.980
2046	639.340
2049	640.280
2050	639.380
2051	639.930
2052	640.040
2053	639.040
2054	639.960
2055	639.810
2056	639.760
2057	639.180
2058	639.970
2059	639.650
2062	639.430
2063	639.520
2064	640.160
2065	640.140
2066	639.240
2067	639.750
2069	639.940
2071	639.390
2072	639.560
2073	640.420
2074	639.590
2075	639.520
2076	639.800
2077	639.380
2078	640.180
2079	639.500
2080	639.250
2081	640.080
2082	640.170
2083	639.960
2084	640.040
2085	639.690
2086	639.920
2087	640.040
2088	639.850
2091	639.690
2095	639.750
2096	640.210
2099	639.860
2100	639.540
2001	640.590
2002	640.800
2004	641.160
2005	640.760
2007	641.180
2008	641.400
2009	641.210
2011	641.020
2012	640.960
2013	641.960
2014	641.890
2016	640.630
2017	640.600
2018	641.660
2019	641.950
2022	641.920
2023	641.140
2025	641.010
2026	640.900
2027	640.790
2028	640.760
2029	640.810
2031	641.390
2032	641.870
2033	640.870
2034	641.140
2035	641.960
2038	641.690
2039	641.890
2040	641.000
2041	640.620
2042	641.670
2043	641.970
2044	641.420
2045	641.990
2046	641.350
2047	640.800
2048	640.630
2050	641.390
2051	641.940
2053	641.050
2054	641.970
2055	641.820
2056	641.770
2057	641.190
2058	641.980
2059	641.660
2060	641.000
2061	640.590
2062	641.440
2063	641.530
2066	641.250
2067	641.760
2068	640.940
2069	641.950
2070	640.790
2071	641.400
2072	641.570
2074	641.600
2075	641.530
2076	641.810
2077	641.390
2079	641.510
2080	641.260
2083	641.970
2085	641.700
2086	641.930
2088	641.860
2089	640.750
2090	640.970
2091	641.700
2092	640.530
2093	640.570
2094	640.910
2095	641.760
2097	640.530
2098	640.830
2099	641.870
2100	641.550
2001	642.600
2002	642.810
2003	642.370
2004	643.170
2005	642.770
2006	642.190
2007	643.190
2008	643.410
2009	643.220
2010	642.080
2011	643.030
2012	642.970
2015	642.240
2016	642.640
2017	642.610
2020	642.070
2021	642.220
2023	643.150
2024	642.050
2025	643.020
2026	642.910
2027	642.800
2028	642.770
2029	642.820
2030	642.050
2031	643.400
2033	642.880
2034	643.150
2036	642.240
2037	642.190
2040	643.010
2041	642.630
2044	643.430
2046	643.360
2047	642.810
2048	642.640
2049	642.290
2050	643.400
2052	642.050
2053	643.060
2057	643.200
2060	643.010
2061	642.600
2062	643.450
2064	642.170
2065	642.150
2066	643.260
2068	642.950
2070	642.800
2071	643.410
2073	642.430
2077	643.400
2078	642.190
2080	643.270
2081	642.090
2082	642.180
2084	642.050
2087	642.050
2089	642.760
2090	642.980
2092	642.540
2093	642.580
2094	642.920
2096	642.220
2097	642.540
2098	642.840
2001	644.610
2002	644.820
2003	644.380
2005	644.780
2006	644.200
2010	644.090
2012	644.980
2013	643.970
2014	643.900
2015	644.250
2016	644.650
2017	644.620
2018	643.670
2019	643.960
2020	644.080
2021	644.230
2022	643.930
2024	644.060
2026	644.920
2027	644.810
2028	644.780
2029	644.830
2030	644.060
2032	643.880
2033	644.890
2035	643.970
2036	644.250
2037	644.200
2038	643.700
2039	643.900
2041	644.640
2042	643.680
2043	643.980
2045	644.000
2047	644.820
2048	644.650
2049	644.300
2051	643.950
2052	644.060
2054	643.980
2055	643.830
2056	643.780
2058	643.990
2059	643.670
2061	644.610
2063	643.540
2064	644.180
2065	644.160
2067	643.770
2068	644.960
2069	643.960
2070	644.810
2072	643.580
2073	644.440
2074	643.610
2075	643.540
2076	643.820
2078	644.200
2079	643.520
2081	644.100
2082	644.190
2083	643.980
2084	644.060
2085	643.710
2086	643.940
2087	644.060
2088	643.870
2089	644.770
2090	644.990
2091	643.710
2092	644.550
2093	644.590
2094	644.930
2095	643.770
2096	644.230
2097	644.550
2098	644.850
2099	643.880
2100	643.560
2003	646.390
2004	645.180
2006	646.210
2007	645.200
2008	645.420
2009	645.230
2010	646.100
2011	645.040
2013	645.980
2014	645.910
2015	646.260
2018	645.680
2019	645.970
2020	646.090
2021	646.240
2022	645.940
2023	645.160
2024	646.070
2025	645.030
2030	646.070
2031	645.410
2032	645.890
2034	645.160
2035	645.980
2036	646.260
2037	646.210
2038	645.710
2039	645.910
2040	645.020
2042	645.690
2043	645.990
2044	645.440
2045	646.010
2046	645.370
2049	646.310
2050	645.410
2051	645.960
2052	646.070
2053	645.070
2054	645.990
2055	645.840
2056	645.790
2057	645.210
2058	646.000
2059	645.680
2060	645.020
2062	645.460
2063	645.550
2064	646.190
2065	646.170
2066	645.270
2067	645.780
2069	645.970
2071	645.420
2072	645.590
2073	646.450
2074	645.620
2075	645.550
2076	645.830
2077	645.410
2078	646.210
2079	645.530
2080	645.280
2081	646.110
2082	646.200
2083	645.990
2084	646.070
2085	645.720
2086	645.950
2087	646.070
2088	645.880
2091	645.720
2095	645.780
2096	646.240
2099	645.890
2100	645.570
2001	646.620
2002	646.830
2004	647.190
2005	646.790
2007	647.210
2008	647.430
2009	647.240
2011	647.050
2012	646.990
2013	647.990
2014	647.920
2016	646.660
2017	646.630
2018	647.690
2019	647.980
2022	647.950
2023	647.170
2025	647.040
2026	646.930
2027	646.820
2028	646.790
2029	646.840
2031	647.420
2032	647.900
2033	646.900
2034	647.170
2035	647.990
2038	647.720
2039	647.920
2040	647.030
2041	646.650
2042	647.700
2043	648.000
2044	647.450
2046	647.380
2047	646.830
2048	646.660
2050	647.420
2051	647.970
2053	647.080
2054	648.000
2055	647.850
2056	647.800
2057	647.220
2059	647.690
2060	647.030
2061	646.620
2062	647.470
2063	647.560
2066	647.280
2067	647.790
2068	646.970
2069	647.980
2070	646.820
2071	647.430
2072	647.600
2074	647.630
2075	647.560
2076	647.840
2077	647.420
2079	647.540
2080	647.290
2083	648.000
2085	647.730
2086	647.960
2088	647.890
2089	646.780
2090	647.000
2091	647.730
2092	646.560
2093	646.600
2094	646.940
2095	647.790
2097	646.560
2098	646.860
2099	647.900
2100	647.580
2001	648.630
2002	648.840
2003	648.400
2004	649.200
2005	648.800
2006	648.220
2007	649.220
2008	649.440
2009	649.250
2010	648.110
2011	649.060
2012	649.000
2015	648.270
2016	648.670
2017	648.640
2020	648.100
2021	648.250
2023	649.180
2024	648.080
2025	649.050
2026	648.940
2027	648.830
2028	648.800
2029	648.850
2030	648.080
2031	649.430
2033	648.910
2034	649.180
2036	648.270
2037	648.220
2040	649.040
2041	648.660
2044	649.460
2045	648.020
2046	649.390
2047	648.840
2048	648.670
2049	648.320
2050	649.430
2052	648.080
2058	648.010
2060	649.040
2061	648.630
2062	649.480
2064	648.200
2065	648.180
2066	649.290
2068	648.980
2070	648.830
2071	649.440
2073	648.460
2077	649.430
2078	648.220
2080	649.300
2081	648.120
2082	648.210
2084	648.080
2087	648.080
2089	648.790
2090	649.010
2092	648.570
2093	648.610
2094	648.950
2096	648.250
2097	648.570
2098	648.870
2001	650.640
2002	650.850
2003	650.410
2005	650.810
2006	650.230
2010	650.120
2013	650.000
2014	649.930
2015	650.280
2016	650.680
2017	650.650
2019	649.990
2020	650.110
2021	650.260
2022	649.960
2024	650.090
2026	650.950
2027	650.840
2028	650.810
2029	650.860
2030	650.090
2032	649.910
2033	650.920
2035	650.000
2036	650.280
2037	650.230
2038	649.730
2039	649.930
2041	650.670
2042	649.710
2043	650.010
2045	650.030
2048	650.680
2049	650.330
2051	649.980
2052	650.090
2054	650.010
2055	649.860
2056	649.810
2058	650.020
2059	649.700
2061	650.640
2063	649.570
2064	650.210
2065	650.190
2067	649.800
2068	650.990
2069	649.990
2070	650.840
2072	649.610
2073	650.470
2074	649.640
2075	649.570
2076	649.850
2078	650.230
2079	649.550
2081	650.130
2082	650.220
2083	650.010
2085	649.740
2086	649.970
2087	650.090
2088	649.900
2091	649.740
2092	650.580
2093	650.620
2094	650.960
2095	649.800
2096	650.260
2097	650.580
2098	650.880
2099	649.910
2100	649.590
2003	652.420
2004	651.210
2006	652.240
2007	651.230
2009	651.260
2010	652.130
2011	651.070
2012	651.010
2013	652.010
2014	651.940
2015	652.290
2019	652.000
2020	652.120
2021	652.270
2022	651.970
2023	651.190
2024	652.100
2025	651.060
2031	651.440
2032	651.920
2035	652.010
2036	652.290
2037	652.240
2038	651.740
2039	651.940
2040	651.050
2042	651.720
2043	652.020
2045	652.040
2046	651.400
2049	652.340
2050	651.440
2051	651.990
2055	651.870
2058	652.030
2059	651.710
2060	651.050
2062	651.490
2063	651.580
2065	652.200
2066	651.300
2067	651.810
2069	652.000
2071	651.450
2072	651.620
2073	652.480
2074	651.650
2075	651.580
2076	651.860
2077	651.440
2078	652.240
2079	651.560
2080	651.310
2083	652.020
2085	651.750
2086	651.980
2087	652.100
2090	651.020
2091	651.750
2095	651.810
2096	652.270
2099	651.920
2100	651.600
2001	652.650
2002	652.860
2004	653.220
2011	653.080
2014	653.950
2016	652.690
2017	652.660
2025	653.070
2027	652.850
2029	652.870
2033	652.930
2038	653.750
2039	653.950
2040	653.060
2041	652.680
2048	652.690
2055	653.880
2059	653.720
2060	653.060
2061	652.650
2062	653.500
2067	653.820
2068	653.000
2070	652.850
2074	653.660
2077	653.450
2090	653.030
2091	653.760
2093	652.630
2095	653.820
2097	652.590
2098	652.890
2099	653.930
2017	654.670
2019	654.010
2020	654.130
2040	655.070
2041	654.690
2043	654.030
2045	654.050
2048	654.700
2068	655.010
2069	654.010
2078	654.250
2087	654.110
2090	655.040
2097	654.600
2014	655.960
2041	656.700
2045	656.060
2048	656.710
2062	655.510
2078	656.260
2062	657.520
2090	657.050
2099	657.930
2017	723.280
2044	723.940
2045	724.330
2100	723.490
2054	725.590
2078	725.700
2014	726.570
2052	727.410
2059	726.050
2083	726.800
2015	728.490
2016	728.470
2029	727.680
2048	727.610
2049	728.340
2067	727.570
2070	728.910
2072	728.140
2078	728.210
2083	728.810
2088	727.610
2001	730.360
2003	729.450
2005	729.010
2009	730.150
2029	729.690
2049	730.350
2062	729.230
2072	730.230
2080	729.200
2092	730.370
2095	730.180
2097	730.300
2003	731.460
2005	731.910
2006	731.360
2019	731.230
2028	731.080
2030	731.070
2031	731.780
2034	730.650
2035	731.670
2040	731.820
2045	730.530
2048	731.270
2055	730.820
2058	731.190
2070	731.290
2071	731.050
2076	730.770
2080	731.560
2083	730.820
2088	731.810
2094	731.220
2098	730.640
2001	732.860
2003	733.470
2009	732.160
2012	733.240
2013	733.400
2017	733.440
2022	733.240
2026	732.880
2027	732.160
2028	733.090
2029	733.220
2032	732.800
2034	732.920
2039	732.480
2044	732.620
2045	732.630
2049	732.360
2055	732.830
2056	732.960
2057	733.150
2060	733.280
2070	733.300
2072	732.240
2075	733.380
2076	733.150
2082	732.170
2091	732.900
2092	732.380
2095	732.190
2096	733.170
2097	732.590
2098	732.650
2001	734.870
2005	733.970
2006	733.620
2009	734.170
2025	734.690
2026	734.890
2030	734.580
2031	733.790
2032	734.810
2034	734.930
2036	734.150
2045	734.990
2050	734.270
2052	734.420
2055	734.840
2056	734.970
2063	734.730
2069	734.890
2071	733.660
2072	734.250
2079	733.960
2086	734.200
2091	734.910
2092	734.390
2094	733.660
2095	734.200
2097	734.600
2098	734.660
2003	735.480
2004	735.020
2009	736.180
2012	735.250
2013	735.410
2017	735.450
2022	735.250
2024	735.120
2028	735.100
2029	735.230
2039	735.250
2040	735.010
2042	736.350
2046	736.270
2050	736.280
2054	735.730
2057	735.160
2060	736.290
2061	735.650
2070	735.310
2071	735.930
2072	736.260
2074	735.960
2075	735.800
2076	735.160
2077	735.510
2079	735.970
2086	736.210
2088	735.270
2089	735.360
2092	736.400
2093	735.190
2094	735.670
2095	736.210
2096	735.300
2003	737.490
2004	737.030
2006	736.880
2008	737.020
2010	737.380
2012	737.260
2013	737.420
2014	737.370
2017	737.460
2022	737.260
2024	737.130
2025	736.700
2026	736.900
2028	737.110
2029	737.240
2030	736.790
2032	736.820
2034	736.940
2036	737.140
2039	737.260
2040	737.120
2041	737.610
2043	737.940
2045	737.000
2048	737.890
2052	737.640
2053	737.600
2054	737.740
2055	736.850
2056	736.980
2057	737.170
2059	737.040
2061	737.660
2063	736.950
2064	737.010
2065	737.030
2067	736.700
2069	736.900
2070	737.320
2071	737.940
2074	737.970
2075	737.810
2076	737.170
2077	737.520
2079	737.980
2084	736.530
2085	736.610
2089	737.370
2091	736.920
2093	737.210
2094	737.680
2096	737.310
2097	736.610
2098	736.670
2100	737.440
2001	738.720
2003	739.500
2004	739.040
2006	739.080
2008	739.030
2009	738.190
2010	739.390
2012	739.270
2013	739.430
2014	739.380
2015	738.050
2016	739.040
2017	739.470
2018	738.140
2020	739.120
2021	738.930
2022	739.270
2024	739.140
2025	738.710
2026	738.910
2028	739.120
2029	739.250
2030	738.800
2031	738.760
2032	738.830
2034	738.950
2037	739.500
2038	738.010
2039	739.270
2040	739.280
2042	738.360
2044	738.630
2045	739.010
2046	738.280
2047	739.150
2050	738.290
2051	738.050
2055	738.860
2056	738.990
2057	739.180
2058	739.490
2059	739.050
2060	738.300
2062	738.420
2063	738.960
2064	739.020
2065	739.040
2067	738.710
2069	738.910
2070	739.330
2072	738.270
2073	738.690
2076	739.180
2078	738.970
2081	738.670
2084	738.540
2085	738.620
2086	738.220
2089	739.380
2091	738.930
2092	738.410
2093	739.220
2095	738.220
2096	739.320
2097	738.620
2098	738.680
2099	738.820
2100	739.450
2001	740.800
2002	740.660
2005	740.880
2009	740.200
2015	740.060
2018	740.150
2021	740.940
2023	740.970
2025	740.720
2026	740.920
2027	740.770
2030	740.810
2032	740.840
2033	740.960
2034	740.960
2036	740.690
2038	740.020
2041	739.910
2042	740.370
2043	739.950
2044	740.640
2046	740.290
2048	739.900
2049	740.690
2050	740.300
2051	740.060
2052	739.650
2053	739.610
2054	739.750
2055	740.870
2056	741.000
2060	740.310
2061	739.670
2062	740.430
2063	740.970
2067	740.720
2069	740.920
2071	739.950
2072	740.280
2073	740.700
2074	739.980
2075	739.820
2077	739.530
2078	740.980
2079	739.990
2080	739.880
2081	740.680
2084	740.550
2085	740.630
2086	740.230
2090	740.470
2091	740.940
2092	740.420
2094	739.690
2095	740.230
2097	740.630
2098	740.690
2099	740.830
2003	741.510
2004	741.050
2006	741.090
2007	742.160
2008	741.040
2009	742.210
2010	741.400
2012	741.280
2013	741.440
2014	741.390
2015	742.070
2016	741.050
2017	741.480
2018	742.160
2020	741.130
2022	741.280
2024	741.150
2028	741.130
2029	741.260
2031	742.080
2035	742.140
2037	741.510
2038	742.030
2039	741.280
2040	741.290
2041	741.920
2042	742.380
2043	741.960
2045	741.020
2046	742.300
2047	741.160
2048	741.910
2050	742.310
2051	742.070
2052	741.660
2053	741.620
2054	741.760
2057	741.190
2058	741.500
2059	741.060
2060	742.320
2061	741.680
2062	742.440
2064	741.030
2065	741.050
2066	741.480
2068	741.550
2070	741.340
2071	741.960
2072	742.290
2074	741.990
2075	741.830
2076	741.190
2077	741.540
2079	742.000
2080	741.900
2082	741.530
2083	741.160
2086	742.240
2087	741.790
2089	741.390
2090	742.480
2092	742.430
2093	741.230
2094	741.700
2095	742.240
2096	741.330
2100	741.460
2001	742.810
2002	742.670
2003	743.520
2004	743.060
2005	742.890
2006	743.100
2008	743.050
2010	743.410
2011	742.730
2012	743.290
2013	743.450
2014	743.400
2016	743.060
2017	743.490
2019	742.720
2020	743.140
2021	742.950
2022	743.290
2023	742.980
2024	743.160
2025	742.730
2026	742.930
2027	742.780
2028	743.140
2029	743.270
2030	742.820
2032	742.850
2033	742.970
2034	742.970
2036	742.700
2037	743.520
2039	743.290
2040	743.300
2041	743.930
2043	743.970
2044	742.650
2045	743.030
2047	743.170
2048	743.920
2049	742.700
2052	743.670
2053	743.630
2054	743.770
2055	742.880
2056	743.010
2057	743.200
2058	743.510
2059	743.070
2061	743.690
2063	742.980
2064	743.040
2065	743.060
2066	743.490
2067	742.730
2068	743.560
2069	742.930
2070	743.350
2071	743.970
2073	742.710
2074	744.000
2075	743.840
2076	743.200
2077	743.550
2078	742.990
2080	743.910
2081	742.690
2082	743.540
2083	743.170
2084	742.560
2085	742.640
2087	743.800
2088	743.040
2089	743.400
2091	742.950
2093	743.240
2094	743.710
2096	743.340
2097	742.640
2098	742.700
2099	742.840
2100	743.470
2001	744.820
2002	744.680
2004	745.070
2005	744.900
2006	745.110
2007	744.170
2008	745.060
2009	744.220
2010	745.420
2011	744.740
2012	745.300
2013	745.460
2014	745.410
2015	744.080
2016	745.070
2017	745.500
2018	744.170
2019	744.730
2020	745.150
2021	744.960
2022	745.300
2023	744.990
2024	745.170
2025	744.740
2026	744.940
2027	744.790
2028	745.150
2029	745.280
2030	744.830
2031	744.090
2032	744.860
2033	744.980
2034	744.980
2035	744.150
2036	744.710
2038	744.040
2039	745.300
2040	745.310
2042	744.390
2044	744.660
2045	745.040
2046	744.310
2047	745.180
2049	744.710
2050	744.320
2051	744.080
2055	744.890
2056	745.020
2057	745.210
2059	745.080
2060	744.330
2062	744.450
2063	744.990
2064	745.050
2065	745.070
2066	745.500
2067	744.740
2069	744.940
2070	745.360
2072	744.300
2073	744.720
2076	745.210
2078	745.000
2079	744.010
2081	744.700
2083	745.180
2084	744.570
2085	744.650
2086	744.250
2088	745.050
2089	745.410
2090	744.490
2091	744.960
2092	744.440
2093	745.250
2095	744.250
2096	745.350
2097	744.650
2098	744.710
2099	744.850
2100	745.480
2001	746.830
2002	746.690
2003	745.530
2005	746.910
2007	746.180
2009	746.230
2011	746.750
2015	746.090
2018	746.180
2019	746.740
2021	746.970
2023	747.000
2025	746.750
2026	746.950
2027	746.800
2030	746.840
2031	746.100
2032	746.870
2033	746.990
2034	746.990
2035	746.160
2036	746.720
2037	745.530
2038	746.050
2041	745.940
2042	746.400
2043	745.980
2044	746.670
2046	746.320
2048	745.930
2049	746.720
2050	746.330
2051	746.090
2052	745.680
2053	745.640
2054	745.780
2055	746.900
2058	745.520
2060	746.340
2061	745.700
2062	746.460
2063	747.000
2067	746.750
2068	745.570
2069	746.950
2071	745.980
2072	746.310
2073	746.730
2074	746.010
2075	745.850
2077	745.560
2079	746.020
2080	745.920
2081	746.710
2082	745.550
2084	746.580
2085	746.660
2086	746.260
2087	745.810
2090	746.500
2091	746.970
2092	746.450
2094	745.720
2095	746.260
2097	746.660
2098	746.720
2099	746.860
2003	747.540
2004	747.080
2006	747.120
2007	748.190
2008	747.070
2009	748.240
2010	747.430
2012	747.310
2013	747.470
2014	747.420
2015	748.100
2016	747.080
2017	747.510
2018	748.190
2020	747.160
2022	747.310
2024	747.180
2028	747.160
2029	747.290
2031	748.110
2035	748.170
2037	747.540
2038	748.060
2039	747.310
2040	747.320
2041	747.950
2042	748.410
2043	747.990
2045	747.050
2046	748.330
2047	747.190
2048	747.940
2050	748.340
2051	748.100
2052	747.690
2053	747.650
2054	747.790
2056	747.030
2057	747.220
2058	747.530
2059	747.090
2060	748.350
2061	747.710
2062	748.470
2064	747.060
2065	747.080
2066	747.510
2068	747.580
2070	747.370
2071	747.990
2072	748.320
2074	748.020
2075	747.860
2076	747.220
2077	747.570
2078	747.010
2079	748.030
2080	747.930
2082	747.560
2083	747.190
2086	748.270
2087	747.820
2088	747.060
2089	747.420
2092	748.460
2093	747.260
2094	747.730
2095	748.270
2096	747.360
2100	747.490
2001	748.840
2002	748.700
2003	749.550
2004	749.090
2005	748.920
2006	749.130
2008	749.080
2010	749.440
2011	748.760
2012	749.320
2013	749.480
2014	749.430
2016	749.090
2017	749.520
2019	748.750
2020	749.170
2021	748.980
2022	749.320
2023	749.010
2024	749.190
2025	748.760
2026	748.960
2027	748.810
2028	749.170
2029	749.300
2030	748.850
2032	748.880
2033	749.000
2034	749.000
2036	748.730
2037	749.550
2039	749.320
2040	749.330
2041	749.960
2043	750.000
2044	748.680
2045	749.060
2047	749.200
2048	749.950
2049	748.730
2052	749.700
2053	749.660
2054	749.800
2055	748.910
2056	749.040
2057	749.230
2058	749.540
2059	749.100
2061	749.720
2063	749.010
2064	749.070
2065	749.090
2066	749.520
2067	748.760
2068	749.590
2069	748.960
2070	749.380
2071	750.000
2073	748.740
2075	749.870
2076	749.230
2077	749.580
2078	749.020
2080	749.940
2081	748.720
2082	749.570
2083	749.200
2084	748.590
2085	748.670
2087	749.830
2088	749.070
2089	749.430
2090	748.510
2091	748.980
2093	749.270
2094	749.740
2096	749.370
2097	748.670
2098	748.730
2099	748.870
2100	749.500
2001	750.850
2002	750.710
2004	751.100
2005	750.930
2006	751.140
2007	750.200
2008	751.090
2009	750.250
2010	751.450
2011	750.770
2012	751.330
2013	751.490
2014	751.440
2015	750.110
2016	751.100
2018	750.200
2019	750.760
2020	751.180
2021	750.990
2022	751.330
2023	751.020
2024	751.200
2025	750.770
2026	750.970
2027	750.820
2028	751.180
2029	751.310
2030	750.860
2031	750.120
2032	750.890
2033	751.010
2034	751.010
2035	750.180
2036	750.740
2038	750.070
2039	751.330
2040	751.340
2042	750.420
2044	750.690
2045	751.070
2046	750.340
2047	751.210
2049	750.740
2050	750.350
2051	750.110
2055	750.920
2056	751.050
2057	751.240
2059	751.110
2060	750.360
2062	750.480
2063	751.020
2064	751.080
2065	751.100
2067	750.770
2069	750.970
2070	751.390
2072	750.330
2073	750.750
2074	750.030
2076	751.240
2078	751.030
2079	750.040
2081	750.730
2083	751.210
2084	750.600
2085	750.680
2086	750.280
2088	751.080
2089	751.440
2090	750.520
2091	750.990
2092	750.470
2093	751.280
2095	750.280
2096	751.380
2097	750.680
2098	750.740
2099	750.880
2001	752.860
2002	752.720
2003	751.560
2005	752.940
2007	752.210
2009	752.260
2011	752.780
2015	752.120
2017	751.530
2018	752.210
2019	752.770
2021	753.000
2025	752.780
2026	752.980
2027	752.830
2030	752.870
2031	752.130
2032	752.900
2035	752.190
2036	752.750
2037	751.560
2038	752.080
2041	751.970
2042	752.430
2043	752.010
2044	752.700
2046	752.350
2048	751.960
2049	752.750
2050	752.360
2051	752.120
2052	751.710
2053	751.670
2054	751.810
2055	752.930
2058	751.550
2060	752.370
2061	751.730
2062	752.490
2066	751.530
2067	752.780
2068	751.600
2069	752.980
2071	752.010
2072	752.340
2073	752.760
2074	752.040
2075	751.880
2077	751.590
2079	752.050
2080	751.950
2081	752.740
2082	751.580
2084	752.610
2085	752.690
2086	752.290
2087	751.840
2090	752.530
2091	753.000
2092	752.480
2094	751.750
2095	752.290
2097	752.690
2098	752.750
2099	752.890
2100	751.510
2003	753.570
2004	753.110
2006	753.150
2007	754.220
2008	753.100
2009	754.270
2010	753.460
2012	753.340
2013	753.500
2014	753.450
2015	754.130
2016	753.110
2017	753.540
2018	754.220
2020	753.190
2022	753.340
2023	753.030
2024	753.210
2028	753.190
2029	753.320
2031	754.140
2033	753.020
2034	753.020
2035	754.200
2037	753.570
2038	754.090
2039	753.340
2040	753.350
2041	753.980
2042	754.440
2043	754.020
2045	753.080
2046	754.360
2047	753.220
2048	753.970
2050	754.370
2051	754.130
2052	753.720
2053	753.680
2054	753.820
2056	753.060
2057	753.250
2058	753.560
2059	753.120
2060	754.380
2061	753.740
2062	754.500
2063	753.030
2064	753.090
2065	753.110
2066	753.540
2068	753.610
2070	753.400
2071	754.020
2072	754.350
2074	754.050
2075	753.890
2076	753.250
2077	753.600
2078	753.040
2079	754.060
2080	753.960
2082	753.590
2083	753.220
2086	754.300
2087	753.850
2088	753.090
2089	753.450
2092	754.490
2093	753.290
2094	753.760
2095	754.300
2096	753.390
2100	753.520
2001	754.870
2002	754.730
2003	755.580
2004	755.120
2005	754.950
2006	755.160
2008	755.110
2010	755.470
2011	754.790
2012	755.350
2013	755.510
2014	755.460
2016	755.120
2017	755.550
2019	754.780
2020	755.200
2021	755.010
2022	755.350
2023	755.040
2024	755.220
2025	754.790
2026	754.990
2027	754.840
2028	755.200
2029	755.330
2030	754.880
2032	754.910
2033	755.030
2034	755.030
2036	754.760
2037	755.580
2039	755.350
2040	755.360
2041	755.990
2044	754.710
2045	755.090
2047	755.230
2048	755.980
2049	754.760
2052	755.730
2053	755.690
2054	755.830
2055	754.940
2056	755.070
2057	755.260
2058	755.570
2059	755.130
2061	755.750
2063	755.040
2064	755.100
2065	755.120
2066	755.550
2067	754.790
2068	755.620
2069	754.990
2070	755.410
2073	754.770
2075	755.900
2076	755.260
2077	755.610
2078	755.050
2080	755.970
2081	754.750
2082	755.600
2083	755.230
2084	754.620
2085	754.700
2087	755.860
2088	755.100
2089	755.460
2090	754.540
2091	755.010
2093	755.300
2094	755.770
2096	755.400
2097	754.700
2098	754.760
2099	754.900
2100	755.530
2001	756.880
2002	756.740
2004	757.130
2005	756.960
2006	757.170
2007	756.230
2008	757.120
2009	756.280
2010	757.480
2011	756.800
2012	757.360
2014	757.470
2015	756.140
2016	757.130
2018	756.230
2019	756.790
2020	757.210
2021	757.020
2022	757.360
2023	757.050
2024	757.230
2025	756.800
2026	757.000
2027	756.850
2028	757.210
2029	757.340
2030	756.890
2031	756.150
2032	756.920
2033	757.040
2034	757.040
2035	756.210
2036	756.770
2038	756.100
2039	757.360
2040	757.370
2042	756.450
2043	756.030
2044	756.720
2045	757.100
2046	756.370
2047	757.240
2049	756.770
2050	756.380
2051	756.140
2055	756.950
2056	757.080
2057	757.270
2059	757.140
2060	756.390
2062	756.510
2063	757.050
2064	757.110
2065	757.130
2067	756.800
2069	757.000
2070	757.420
2071	756.030
2072	756.360
2073	756.780
2074	756.060
2076	757.270
2078	757.060
2079	756.070
2081	756.760
2083	757.240
2084	756.630
2085	756.710
2086	756.310
2088	757.110
2089	757.470
2090	756.550
2091	757.020
2092	756.500
2093	757.310
2095	756.310
2096	757.410
2097	756.710
2098	756.770
2099	756.910
2001	758.890
2002	758.750
2003	757.590
2005	758.970
2007	758.240
2009	758.290
2011	758.810
2013	757.520
2015	758.150
2017	757.560
2018	758.240
2019	758.800
2025	758.810
2027	758.860
2030	758.900
2031	758.160
2032	758.930
2035	758.220
2036	758.780
2037	757.590
2038	758.110
2041	758.000
2042	758.460
2043	758.040
2044	758.730
2046	758.380
2048	757.990
2049	758.780
2050	758.390
2051	758.150
2052	757.740
2053	757.700
2054	757.840
2055	758.960
2058	757.580
2060	758.400
2061	757.760
2062	758.520
2066	757.560
2067	758.810
2068	757.630
2071	758.040
2072	758.370
2073	758.790
2074	758.070
2075	757.910
2077	757.620
2079	758.080
2080	757.980
2081	758.770
2082	757.610
2084	758.640
2085	758.720
2086	758.320
2087	757.870
2090	758.560
2092	758.510
2094	757.780
2095	758.320
2097	758.720
2098	758.780
2099	758.920
2100	757.540
2003	759.600
2004	759.140
2006	759.180
2007	760.250
2008	759.130
2009	760.300
2010	759.490
2012	759.370
2013	759.530
2014	759.480
2015	760.160
2016	759.140
2017	759.570
2018	760.250
2020	759.220
2021	759.030
2022	759.370
2023	759.060
2024	759.240
2026	759.010
2028	759.220
2029	759.350
2031	760.170
2033	759.050
2034	759.050
2035	760.230
2037	759.600
2038	760.120
2039	759.370
2040	759.380
2041	760.010
2042	760.470
2043	760.050
2045	759.110
2046	760.390
2047	759.250
2048	760.000
2050	760.400
2051	760.160
2052	759.750
2053	759.710
2054	759.850
2056	759.090
2057	759.280
2058	759.590
2059	759.150
2060	760.410
2061	759.770
2063	759.060
2064	759.120
2065	759.140
2066	759.570
2068	759.640
2069	759.010
2070	759.430
2071	760.050
2072	760.380
2074	760.080
2075	759.920
2076	759.280
2077	759.630
2078	759.070
2079	760.090
2080	759.990
2082	759.620
2083	759.250
2086	760.330
2087	759.880
2088	759.120
2089	759.480
2091	759.030
2093	759.320
2094	759.790
2095	760.330
2096	759.420
2100	759.550
2001	760.900
2002	760.760
2003	761.610
2004	761.150
2005	760.980
2006	761.190
2008	761.140
2010	761.500
2011	760.820
2012	761.380
2013	761.540
2014	761.490
2016	761.150
2017	761.580
2019	760.810
2020	761.230
2021	761.040
2022	761.380
2023	761.070
2024	761.250
2025	760.820
2026	761.020
2027	760.870
2028	761.230
2029	761.360
2030	760.910
2032	760.940
2033	761.060
2034	761.060
2036	760.790
2037	761.610
2039	761.380
2040	761.390
2044	760.740
2045	761.120
2047	761.260
2049	760.790
2052	761.760
2053	761.720
2054	761.860
2055	760.970
2056	761.100
2057	761.290
2058	761.600
2059	761.160
2061	761.780
2062	760.530
2063	761.070
2064	761.130
2065	761.150
2066	761.580
2067	760.820
2068	761.650
2069	761.020
2070	761.440
2073	760.800
2075	761.930
2076	761.290
2077	761.640
2078	761.080
2080	762.000
2081	760.780
2082	761.630
2083	761.260
2084	760.650
2085	760.730
2087	761.890
2088	761.130
2089	761.490
2090	760.570
2091	761.040
2092	760.520
2093	761.330
2094	761.800
2096	761.430
2097	760.730
2098	760.790
2099	760.930
2100	761.560
2001	762.910
2002	762.770
2004	763.160
2005	762.990
2006	763.200
2007	762.260
2008	763.150
2011	762.830
2012	763.390
2014	763.500
2015	762.170
2016	763.160
2018	762.260
2019	762.820
2020	763.240
2021	763.050
2023	763.080
2024	763.260
2025	762.830
2026	763.030
2027	762.880
2028	763.240
2029	763.370
2030	762.920
2031	762.180
2032	762.950
2033	763.070
2034	763.070
2035	762.240
2036	762.800
2038	762.130
2039	763.390
2040	763.400
2041	762.020
2042	762.480
2043	762.060
2044	762.750
2045	763.130
2046	762.400
2047	763.270
2048	762.010
2049	762.800
2050	762.410
2051	762.170
2055	762.980
2056	763.110
2057	763.300
2059	763.170
2060	762.420
2062	762.540
2063	763.080
2064	763.140
2065	763.160
2067	762.830
2069	763.030
2070	763.450
2071	762.060
2072	762.390
2073	762.810
2074	762.090
2076	763.300
2078	763.090
2079	762.100
2081	762.790
2083	763.270
2084	762.660
2085	762.740
2086	762.340
2088	763.140
2089	763.500
2090	762.580
2091	763.050
2092	762.530
2093	763.340
2095	762.340
2096	763.440
2097	762.740
2098	762.800
2099	762.940
2001	764.920
2002	764.780
2003	763.620
2005	765.000
2007	764.270
2010	763.510
2011	764.840
2013	763.550
2015	764.180
2017	763.590
2018	764.270
2019	764.830
2025	764.840
2027	764.890
2030	764.930
2031	764.190
2032	764.960
2035	764.250
2036	764.810
2037	763.620
2038	764.140
2041	764.030
2042	764.490
2043	764.070
2044	764.760
2046	764.410
2048	764.020
2049	764.810
2051	764.180
2052	763.770
2053	763.730
2054	763.870
2055	764.990
2058	763.610
2060	764.430
2061	763.790
2062	764.550
2066	763.590
2067	764.840
2068	763.660
2071	764.070
2072	764.400
2073	764.820
2074	764.100
2075	763.940
2077	763.650
2079	764.110
2080	764.010
2081	764.800
2082	763.640
2084	764.670
2085	764.750
2087	763.900
2090	764.590
2092	764.540
2094	763.810
2095	764.350
2097	764.750
2098	764.810
2099	764.950
2100	763.570
2006	765.210
2007	766.280
2008	765.160
2010	765.520
2013	765.560
2014	765.510
2015	766.190
2016	765.170
2017	765.600
2018	766.280
2020	765.250
2021	765.060
2023	765.090
2024	765.270
2026	765.040
2028	765.250
2029	765.380
2031	766.200
2033	765.080
2034	765.080
2035	766.260
2037	765.630
2038	766.150
2040	765.410
2041	766.040
2042	766.500
2043	766.080
2045	765.140
2047	765.280
2048	766.030
2051	766.190
2052	765.780
2053	765.740
2054	765.880
2057	765.310
2058	765.620
2059	765.180
2060	766.440
2061	765.800
2063	765.090
2064	765.150
2065	765.170
2066	765.600
2068	765.670
2069	765.040
2071	766.080
2074	766.110
2075	765.950
2076	765.310
2077	765.660
2078	765.100
2079	766.120
2080	766.020
2082	765.650
2083	765.280
2087	765.910
2088	765.150
2091	765.060
2093	765.350
2095	766.360
2096	765.450
2100	765.580
2001	766.930
2002	766.790
2005	767.010
2006	767.220
2008	767.170
2010	767.530
2011	766.850
2013	767.570
2016	767.180
2019	766.840
2020	767.260
2021	767.070
2023	767.100
2024	767.280
2026	767.050
2027	766.900
2028	767.260
2030	766.940
2032	766.970
2033	767.090
2034	767.090
2036	766.820
2037	767.640
2040	767.420
2044	766.770
2047	767.290
2049	766.820
2055	767.000
2057	767.320
2058	767.630
2059	767.190
2062	766.560
2063	767.100
2064	767.160
2065	767.180
2066	767.610
2068	767.680
2073	766.830
2075	767.960
2078	767.110
2081	766.810
2082	767.660
2083	767.290
2084	766.680
2085	766.760
2087	767.920
2088	767.160
2090	766.600
2093	767.360
2097	766.760
2098	766.820
2099	766.960
2100	767.590
2001	768.940
2002	768.800
2005	769.020
2007	768.290
2011	768.860
2015	768.200
2018	768.290
2019	768.850
2020	769.270
2021	769.080
2023	769.110
2024	769.290
2026	769.060
2027	768.910
2031	768.210
2033	769.100
2035	768.270
2036	768.830
2038	768.160
2040	769.430
2041	768.050
2044	768.780
2049	768.830
2051	768.200
2071	768.090
2079	768.130
2080	768.030
2081	768.820
2083	769.300
2084	768.690
2088	769.170
2090	768.610
2095	768.370
2098	768.830
2007	770.300
2011	770.870
2019	770.860
2027	770.920
2031	770.220
2035	770.280
2036	770.840
2037	769.650
2044	770.790
2066	769.620
2068	769.690
2075	769.970
2080	770.040
2081	770.830
2082	769.670
2087	769.930
2090	770.620
2100	769.600
2023	771.120
2031	772.230
2075	771.980
2082	771.680
2087	771.940
2088	771.180
2027	772.930
2044	772.800
2090	772.630
2061	841.440
2007	841.630
2061	844.490
2069	844.480
2007	845.810
2027	844.640
2039	845.580
2053	845.110
2063	845.470
2068	845.040
2070	844.790
2072	844.620
2077	845.090
2092	844.850
2011	847.070
2012	846.340
2018	846.960
2021	846.980
2031	846.180
2046	846.810
2047	846.440
2050	846.140
2051	847.030
2063	847.480
2068	847.050
2069	846.880
2070	846.800
2081	846.740
2087	846.750
2005	848.940
2012	848.350
2016	848.930
2025	848.790
2027	847.950
2030	848.120
2035	848.770
2039	847.610
2047	848.450
2050	848.550
2053	848.020
2056	847.620
2062	848.710
2069	848.890
2084	848.850
2091	848.720
2092	848.180
2098	848.180
2001	850.500
2002	849.200
2009	850.230
2012	850.360
2018	849.830
2026	850.110
2029	849.470
2030	850.130
2039	849.620
2042	850.440
2043	849.530
2046	849.310
2047	850.460
2051	849.620
2052	850.040
2054	850.450
2056	849.630
2057	849.950
2059	849.700
2063	849.490
2068	849.060
2071	850.220
2083	850.500
2090	849.620
2097	849.240
2002	851.210
2010	851.250
2013	851.330
2014	851.200
2015	850.830
2016	850.940
2024	851.760
2025	850.900
2028	851.170
2032	851.890
2035	851.650
2038	850.570
2039	851.630
2043	851.540
2048	851.690
2051	851.800
2056	851.640
2057	851.960
2059	851.710
2062	850.780
2063	851.500
2066	850.510
2068	851.070
2069	850.900
2073	851.330
2075	851.190
2077	851.250
2079	851.650
2082	851.540
2084	850.860
2087	851.350
2089	851.610
2091	850.730
2092	851.150
2095	851.840
2097	851.530
2100	850.820
2001	852.510
2002	853.220
2007	852.080
2008	853.110
2009	852.240
2010	853.260
2011	852.040
2012	852.370
2013	853.340
2016	852.950
2017	852.930
2018	852.520
2019	853.450
2020	853.350
2025	852.920
2026	852.230
2030	852.140
2036	852.470
2038	852.580
2042	852.450
2044	852.600
2047	852.470
2049	853.200
2052	852.340
2060	852.840
2062	852.790
2065	852.120
2066	852.520
2069	852.910
2071	852.230
2073	853.340
2074	853.270
2075	853.200
2077	853.330
2083	852.510
2084	852.870
2085	852.940
2087	853.360
2088	853.480
2090	852.930
2091	852.740
2092	853.310
2096	853.470
2099	853.220
2100	852.830
2001	854.520
2004	854.070
2007	854.090
2009	854.250
2011	854.730
2012	854.380
2014	854.960
2016	854.960
2017	854.940
2021	854.420
2024	853.900
2025	854.930
2026	854.770
2028	853.660
2030	854.150
2032	853.900
2033	854.440
2035	853.660
2036	854.480
2037	854.810
2038	854.590
2039	853.640
2040	854.390
2042	854.460
2043	853.550
2044	854.610
2047	854.480
2048	853.700
2051	853.810
2052	854.350
2054	853.720
2056	853.650
2057	853.970
2059	853.720
2060	854.850
2062	854.800
2063	853.510
2064	854.760
2065	854.130
2066	854.530
2068	854.880
2069	854.920
2071	854.240
2076	854.660
2078	854.340
2079	853.660
2080	854.630
2081	854.280
2082	853.550
2083	854.520
2084	854.880
2085	854.950
2089	853.620
2090	854.940
2091	854.750
2097	853.540
2100	854.840
2002	855.230
2004	856.080
2006	855.120
2007	856.100
2008	855.120
2009	856.260
2010	855.270
2013	855.350
2018	856.320
2019	855.460
2020	855.360
2021	856.430
2023	855.800
2024	855.910
2027	855.540
2028	855.670
2029	855.970
2030	856.160
2032	855.910
2033	856.450
2034	855.270
2035	855.670
2036	856.490
2039	855.650
2040	856.400
2041	855.260
2042	856.470
2043	855.560
2045	856.150
2047	856.490
2048	855.710
2049	855.210
2050	856.480
2051	855.820
2052	856.360
2054	855.730
2056	855.660
2057	855.980
2058	855.650
2059	855.730
2063	855.520
2065	856.140
2071	856.250
2073	855.350
2074	855.280
2075	855.210
2077	855.340
2078	856.350
2079	855.670
2081	856.290
2082	855.560
2087	855.370
2088	855.490
2089	855.630
2092	855.320
2093	856.190
2094	855.110
2095	856.100
2096	855.480
2097	855.550
2099	855.410
2001	856.530
2002	857.240
2003	857.300
2006	857.130
2008	857.130
2010	857.280
2011	856.740
2013	857.360
2014	856.970
2015	856.680
2016	856.970
2017	856.950
2019	857.470
2020	857.370
2023	857.810
2024	857.920
2025	856.940
2026	856.780
2027	857.550
2028	857.680
2031	857.390
2032	857.920
2034	857.280
2035	857.680
2037	856.820
2038	856.600
2039	857.660
2041	857.270
2043	857.570
2044	856.620
2048	857.720
2049	857.220
2051	857.830
2054	857.740
2055	857.910
2056	857.670
2057	857.990
2058	857.660
2059	857.740
2060	856.860
2062	856.810
2063	857.530
2064	856.770
2066	856.540
2067	857.720
2068	856.940
2069	856.930
2070	857.760
2072	856.990
2073	857.360
2074	857.290
2075	857.220
2076	856.670
2077	857.350
2079	857.680
2080	856.640
2082	857.570
2083	856.530
2084	856.890
2085	856.960
2086	856.550
2087	857.380
2088	857.500
2089	857.640
2090	856.950
2091	856.760
2092	857.330
2094	857.120
2096	857.490
2097	857.560
2098	857.150
2099	857.420
2100	856.850
2001	858.540
2002	859.250
2003	859.310
2004	858.090
2005	859.420
2006	859.140
2007	858.110
2008	859.140
2009	858.270
2010	859.290
2011	858.750
2012	858.070
2013	859.370
2014	858.980
2015	858.770
2016	858.980
2017	858.960
2018	858.330
2019	859.480
2020	859.380
2021	858.440
2022	859.160
2025	858.950
2026	858.790
2029	858.410
2030	858.170
2031	859.400
2033	858.460
2034	859.290
2036	858.500
2037	858.830
2038	858.610
2040	858.410
2041	859.280
2042	858.480
2044	858.630
2045	858.160
2047	858.500
2049	859.230
2050	858.490
2052	858.370
2060	858.870
2061	859.170
2062	858.820
2064	858.780
2065	858.150
2066	858.550
2068	858.950
2069	858.940
2071	858.260
2072	859.000
2073	859.370
2074	859.300
2075	859.230
2076	858.680
2077	859.360
2078	858.360
2080	858.650
2081	858.300
2083	858.540
2084	858.900
2085	858.970
2086	858.560
2087	859.390
2090	858.960
2091	858.770
2092	859.340
2093	858.200
2094	859.130
2095	858.930
2096	859.500
2098	859.160
2099	859.430
2100	858.860
2001	860.550
2004	860.100
2007	860.120
2009	860.280
2011	860.760
2012	860.080
2014	860.990
2015	860.780
2016	860.990
2017	860.970
2018	860.340
2021	860.450
2023	859.820
2024	859.930
2025	860.960
2026	860.800
2027	859.560
2028	859.690
2029	860.420
2030	860.180
2032	859.930
2033	860.470
2035	859.690
2036	860.510
2037	860.840
2038	860.620
2039	859.670
2040	860.420
2042	860.490
2043	859.580
2044	860.640
2045	860.170
2047	860.510
2048	859.730
2050	860.500
2051	859.840
2052	860.380
2054	859.750
2055	859.920
2056	859.680
2057	860.000
2058	859.670
2059	859.750
2060	860.880
2062	860.830
2063	859.540
2064	860.790
2065	860.160
2066	860.560
2067	859.730
2068	860.960
2069	860.950
2070	859.770
2071	860.270
2076	860.690
2078	860.370
2079	859.690
2080	860.660
2081	860.310
2082	859.580
2083	860.550
2084	860.910
2085	860.980
2086	860.570
2088	859.510
2089	859.650
2090	860.970
2091	860.780
2093	860.210
2095	860.940
2097	859.570
2100	860.870
2002	861.260
2003	861.320
2004	862.110
2005	861.430
2006	861.150
2007	862.130
2008	861.150
2009	862.290
2010	861.300
2012	862.090
2013	861.380
2018	862.350
2019	861.490
2020	861.390
2021	862.460
2022	861.170
2023	861.830
2024	861.940
2027	861.570
2028	861.700
2029	862.430
2030	862.190
2031	861.410
2032	861.940
2033	862.480
2034	861.300
2035	861.700
2039	861.680
2040	862.430
2041	861.290
2042	862.500
2043	861.590
2045	862.180
2046	861.790
2048	861.740
2049	861.240
2051	861.850
2052	862.390
2053	861.360
2054	861.760
2055	861.930
2056	861.690
2057	862.010
2058	861.680
2059	861.760
2061	861.180
2063	861.550
2065	862.170
2067	861.740
2070	861.780
2071	862.280
2072	861.010
2073	861.380
2074	861.310
2075	861.240
2077	861.370
2078	862.380
2079	861.700
2081	862.320
2082	861.590
2087	861.400
2088	861.520
2089	861.660
2092	861.350
2093	862.220
2094	861.140
2096	861.510
2097	861.580
2098	861.170
2099	861.440
2001	862.560
2002	863.270
2003	863.330
2005	863.440
2006	863.160
2008	863.160
2010	863.310
2011	862.770
2013	863.390
2014	863.000
2015	862.790
2016	863.000
2017	862.980
2019	863.500
2020	863.400
2022	863.180
2023	863.840
2024	863.950
2025	862.970
2026	862.810
2027	863.580
2028	863.710
2031	863.420
2032	863.950
2034	863.310
2035	863.710
2036	862.520
2037	862.850
2038	862.630
2039	863.690
2041	863.300
2043	863.600
2044	862.650
2046	863.800
2047	862.520
2048	863.750
2049	863.250
2050	862.510
2051	863.860
2053	863.370
2054	863.770
2055	863.940
2056	863.700
2058	863.690
2059	863.770
2060	862.890
2061	863.190
2062	862.840
2063	863.560
2064	862.800
2066	862.570
2067	863.750
2068	862.970
2069	862.960
2070	863.790
2072	863.020
2073	863.390
2074	863.320
2075	863.250
2076	862.700
2077	863.380
2079	863.710
2080	862.670
2082	863.600
2083	862.560
2084	862.920
2085	862.990
2086	862.580
2087	863.410
2088	863.530
2089	863.670
2090	862.980
2091	862.790
2092	863.360
2094	863.150
2095	862.950
2096	863.520
2097	863.590
2098	863.180
2099	863.450
2100	862.880
2001	864.570
2002	865.280
2003	865.340
2004	864.120
2005	865.450
2006	865.170
2007	864.140
2008	865.170
2009	864.300
2010	865.320
2011	864.780
2012	864.100
2013	865.400
2014	865.010
2015	864.800
2016	865.010
2017	864.990
2018	864.360
2020	865.410
2021	864.470
2022	865.190
2025	864.980
2026	864.820
2029	864.440
2030	864.200
2031	865.430
2033	864.490
2034	865.320
2036	864.530
2037	864.860
2038	864.640
2040	864.440
2041	865.310
2042	864.510
2044	864.660
2045	864.190
2047	864.530
2049	865.260
2050	864.520
2052	864.400
2053	865.380
2057	864.020
2060	864.900
2061	865.200
2062	864.850
2064	864.810
2065	864.180
2066	864.580
2068	864.980
2069	864.970
2071	864.290
2072	865.030
2073	865.400
2074	865.330
2075	865.260
2076	864.710
2077	865.390
2078	864.390
2080	864.680
2081	864.330
2083	864.570
2084	864.930
2085	865.000
2086	864.590
2087	865.420
2090	864.990
2091	864.800
2092	865.370
2093	864.230
2094	865.160
2095	864.960
2098	865.190
2099	865.460
2100	864.890
2001	866.580
2004	866.130
2007	866.150
2009	866.310
2011	866.790
2012	866.110
2015	866.810
2017	867.000
2018	866.370
2019	865.510
2021	866.480
2023	865.850
2024	865.960
2025	866.990
2026	866.830
2027	865.590
2028	865.720
2029	866.450
2030	866.210
2032	865.960
2033	866.500
2035	865.720
2036	866.540
2037	866.870
2038	866.650
2039	865.700
2040	866.450
2042	866.520
2043	865.610
2044	866.670
2045	866.200
2046	865.810
2047	866.540
2048	865.760
2050	866.530
2051	865.870
2052	866.410
2054	865.780
2055	865.950
2056	865.710
2057	866.030
2058	865.700
2059	865.780
2060	866.910
2062	866.860
2063	865.570
2064	866.820
2065	866.190
2066	866.590
2067	865.760
2068	866.990
2069	866.980
2070	865.800
2071	866.300
2076	866.720
2078	866.400
2079	865.720
2080	866.690
2081	866.340
2082	865.610
2083	866.580
2084	866.940
2086	866.600
2088	865.540
2089	865.680
2090	867.000
2091	866.810
2093	866.240
2095	866.970
2096	865.530
2097	865.600
2100	866.900
2002	867.290
2003	867.350
2004	868.140
2005	867.460
2006	867.180
2007	868.160
2008	867.180
2009	868.320
2010	867.330
2012	868.120
2013	867.410
2014	867.020
2016	867.020
2018	868.380
2019	867.520
2020	867.420
2021	868.490
2022	867.200
2023	867.860
2024	867.970
2027	867.600
2028	867.730
2029	868.460
2030	868.220
2031	867.440
2032	867.970
2034	867.330
2035	867.730
2039	867.710
2040	868.460
2041	867.320
2043	867.620
2045	868.210
2046	867.820
2048	867.770
2049	867.270
2051	867.880
2052	868.420
2053	867.390
2054	867.790
2055	867.960
2056	867.720
2057	868.040
2058	867.710
2059	867.790
2061	867.210
2063	867.580
2065	868.200
2067	867.770
2070	867.810
2071	868.310
2072	867.040
2073	867.410
2074	867.340
2075	867.270
2077	867.400
2078	868.410
2079	867.730
2081	868.350
2082	867.620
2085	867.010
2087	867.430
2088	867.550
2089	867.690
2092	867.380
2093	868.250
2094	867.170
2096	867.540
2097	867.610
2098	867.200
2099	867.470
2001	868.590
2002	869.300
2003	869.360
2005	869.470
2006	869.190
2008	869.190
2010	869.340
2011	868.800
2013	869.420
2014	869.030
2015	868.820
2016	869.030
2017	869.010
2019	869.530
2020	869.430
2022	869.210
2023	869.870
2024	869.980
2025	869.000
2026	868.840
2027	869.610
2028	869.740
2031	869.450
2032	869.980
2033	868.510
2034	869.340
2035	869.740
2036	868.550
2037	868.880
2038	868.660
2039	869.720
2041	869.330
2042	868.530
2043	869.630
2044	868.680
2046	869.830
2047	868.550
2048	869.780
2049	869.280
2050	868.540
2051	869.890
2053	869.400
2054	869.800
2055	869.970
2056	869.730
2058	869.720
2059	869.800
2060	868.920
2061	869.220
2062	868.870
2063	869.590
2064	868.830
2066	868.600
2067	869.780
2068	869.000
2069	868.990
2070	869.820
2072	869.050
2073	869.420
2074	869.350
2075	869.280
2076	868.730
2077	869.410
2079	869.740
2080	868.700
2082	869.630
2083	868.590
2084	868.950
2085	869.020
2086	868.610
2087	869.440
2088	869.560
2089	869.700
2090	869.010
2091	868.820
2092	869.390
2094	869.180
2095	868.980
2096	869.550
2097	869.620
2098	869.210
2099	869.480
2100	868.910
2001	870.600
2002	871.310
2003	871.370
2004	870.150
2005	871.480
2006	871.200
2007	870.170
2008	871.200
2009	870.330
2010	871.350
2011	870.810
2012	870.130
2013	871.430
2014	871.040
2015	870.830
2016	871.040
2017	871.020
2018	870.390
2020	871.440
2021	870.500
2022	871.220
2025	871.010
2026	870.850
2029	870.470
2030	870.230
2031	871.460
2033	870.520
2034	871.350
2036	870.560
2037	870.890
2038	870.670
2040	870.470
2041	871.340
2042	870.540
2044	870.690
2045	870.220
2047	870.560
2049	871.290
2050	870.550
2052	870.430
2053	871.410
2057	870.050
2060	870.930
2061	871.230
2062	870.880
2064	870.840
2065	870.210
2066	870.610
2068	871.010
2069	871.000
2071	870.320
2072	871.060
2073	871.430
2074	871.360
2075	871.290
2076	870.740
2077	871.420
2078	870.420
2080	870.710
2081	870.360
2083	870.600
2084	870.960
2085	871.030
2086	870.620
2087	871.450
2090	871.020
2091	870.830
2092	871.400
2093	870.260
2094	871.190
2095	870.990
2098	871.220
2099	871.490
2100	870.920
2001	872.610
2004	872.160
2007	872.180
2009	872.340
2011	872.820
2012	872.140
2015	872.840
2018	872.400
2019	871.540
2021	872.510
2023	871.880
2024	871.990
2026	872.860
2027	871.620
2028	871.750
2029	872.480
2030	872.240
2032	871.990
2033	872.530
2035	871.750
2036	872.570
2037	872.900
2038	872.680
2039	871.730
2040	872.480
2042	872.550
2043	871.640
2044	872.700
2045	872.230
2046	871.840
2047	872.570
2048	871.790
2050	872.560
2051	871.900
2052	872.440
2054	871.810
2055	871.980
2056	871.740
2057	872.060
2058	871.730
2059	871.810
2060	872.940
2062	872.890
2063	871.600
2064	872.850
2065	872.220
2066	872.620
2067	871.790
2070	871.830
2071	872.330
2076	872.750
2078	872.430
2079	871.750
2080	872.720
2081	872.370
2082	871.640
2083	872.610
2084	872.970
2086	872.630
2088	871.570
2089	871.710
2091	872.840
2093	872.270
2095	873.000
2096	871.560
2097	871.630
2100	872.930
2002	873.320
2003	873.380
2004	874.170
2005	873.490
2006	873.210
2007	874.190
2008	873.210
2009	874.350
2010	873.360
2012	874.150
2013	873.440
2014	873.050
2016	873.050
2017	873.030
2018	874.410
2019	873.550
2020	873.450
2022	873.230
2023	873.890
2024	874.000
2025	873.020
2027	873.630
2028	873.760
2029	874.490
2030	874.250
2031	873.470
2032	874.000
2034	873.360
2035	873.760
2039	873.740
2040	874.490
2041	873.350
2043	873.650
2045	874.240
2046	873.850
2048	873.800
2049	873.300
2051	873.910
2052	874.450
2053	873.420
2054	873.820
2055	873.990
2056	873.750
2057	874.070
2058	873.740
2059	873.820
2061	873.240
2063	873.610
2065	874.230
2067	873.800
2068	873.020
2069	873.010
2070	873.840
2071	874.340
2072	873.070
2073	873.440
2074	873.370
2075	873.300
2077	873.430
2078	874.440
2079	873.760
2081	874.380
2082	873.650
2085	873.040
2087	873.460
2088	873.580
2089	873.720
2090	873.030
2092	873.410
2093	874.280
2094	873.200
2096	873.570
2097	873.640
2098	873.230
2099	873.500
2001	874.620
2002	875.330
2003	875.390
2005	875.500
2006	875.220
2008	875.220
2010	875.370
2011	874.830
2013	875.450
2014	875.060
2015	874.850
2016	875.060
2017	875.040
2019	875.560
2020	875.460
2021	874.520
2022	875.240
2023	875.900
2025	875.030
2026	874.870
2027	875.640
2028	875.770
2031	875.480
2033	874.540
2034	875.370
2035	875.770
2036	874.580
2037	874.910
2038	874.690
2039	875.750
2041	875.360
2042	874.560
2043	875.660
2044	874.710
2046	875.860
2047	874.580
2048	875.810
2049	875.310
2050	874.570
2051	875.920
2053	875.430
2054	875.830
2055	876.000
2056	875.760
2058	875.750
2059	875.830
2060	874.950
2061	875.250
2062	874.900
2063	875.620
2064	874.860
2066	874.630
2067	875.810
2068	875.030
2069	875.020
2070	875.850
2072	875.080
2073	875.450
2074	875.380
2075	875.310
2076	874.760
2077	875.440
2079	875.770
2080	874.730
2082	875.660
2083	874.620
2084	874.980
2085	875.050
2086	874.640
2087	875.470
2088	875.590
2089	875.730
2090	875.040
2091	874.850
2092	875.420
2094	875.210
2095	875.010
2096	875.580
2097	875.650
2098	875.240
2099	875.510
2100	874.940
2001	876.630
2002	877.340
2003	877.400
2004	876.180
2006	877.230
2007	876.200
2008	877.230
2009	876.360
2010	877.380
2011	876.840
2012	876.160
2013	877.460
2014	877.070
2015	876.860
2016	877.070
2017	877.050
2018	876.420
2020	877.470
2021	876.530
2022	877.250
2024	876.010
2025	877.040
2026	876.880
2029	876.500
2030	876.260
2031	877.490
2032	876.010
2033	876.550
2034	877.380
2036	876.590
2037	876.920
2038	876.700
2040	876.500
2041	877.370
2042	876.570
2044	876.720
2045	876.250
2047	876.590
2049	877.320
2050	876.580
2052	876.460
2053	877.440
2057	876.080
2060	876.960
2061	877.260
2062	876.910
2064	876.870
2065	876.240
2066	876.640
2068	877.040
2069	877.030
2071	876.350
2072	877.090
2073	877.460
2074	877.390
2075	877.320
2076	876.770
2077	877.450
2078	876.450
2080	876.740
2081	876.390
2083	876.630
2084	876.990
2085	877.060
2086	876.650
2087	877.480
2090	877.050
2091	876.860
2092	877.430
2093	876.290
2094	877.220
2095	877.020
2098	877.250
2100	876.950
2001	878.640
2004	878.190
2005	877.510
2007	878.210
2009	878.370
2011	878.850
2012	878.170
2015	878.870
2018	878.430
2019	877.570
2021	878.540
2023	877.910
2024	878.020
2026	878.890
2027	877.650
2028	877.780
2029	878.510
2030	878.270
2032	878.020
2033	878.560
2035	877.780
2036	878.600
2037	878.930
2038	878.710
2039	877.760
2040	878.510
2042	878.580
2043	877.670
2044	878.730
2045	878.260
2046	877.870
2047	878.600
2048	877.820
2050	878.590
2051	877.930
2052	878.470
2054	877.840
2055	878.010
2056	877.770
2057	878.090
2058	877.760
2059	877.840
2060	878.970
2062	878.920
2063	877.630
2064	878.880
2065	878.250
2066	878.650
2067	877.820
2070	877.860
2071	878.360
2076	878.780
2078	878.460
2079	877.780
2080	878.750
2081	878.400
2082	877.670
2083	878.640
2084	879.000
2086	878.660
2088	877.600
2089	877.740
2091	878.870
2093	878.300
2096	877.590
2097	877.660
2099	877.520
2100	878.960
2002	879.350
2003	879.410
2004	880.200
2005	879.520
2006	879.240
2007	880.220
2008	879.240
2009	880.380
2010	879.390
2012	880.180
2013	879.470
2014	879.080
2016	879.080
2017	879.060
2018	880.440
2019	879.580
2020	879.480
2022	879.260
2023	879.920
2024	880.030
2025	879.050
2027	879.660
2028	879.790
2030	880.280
2031	879.500
2032	880.030
2034	879.390
2035	879.790
2039	879.770
2041	879.380
2043	879.680
2045	880.270
2046	879.880
2048	879.830
2049	879.330
2051	879.940
2052	880.480
2053	879.450
2054	879.850
2055	880.020
2056	879.780
2057	880.100
2058	879.770
2059	879.850
2061	879.270
2063	879.640
2065	880.260
2067	879.830
2068	879.050
2069	879.040
2070	879.870
2071	880.370
2072	879.100
2073	879.470
2074	879.400
2075	879.330
2077	879.460
2078	880.470
2079	879.790
2081	880.410
2082	879.680
2085	879.070
2087	879.490
2088	879.610
2089	879.750
2090	879.060
2092	879.440
2093	880.310
2094	879.230
2095	879.030
2096	879.600
2097	879.670
2098	879.260
2099	879.530
2001	880.650
2002	881.360
2003	881.420
2005	881.530
2006	881.250
2008	881.250
2010	881.400
2011	880.860
2013	881.480
2014	881.090
2015	880.880
2016	881.090
2017	881.070
2019	881.590
2020	881.490
2021	880.550
2022	881.270
2023	881.930
2025	881.060
2026	880.900
2027	881.670
2028	881.800
2029	880.520
2031	881.510
2033	880.570
2034	881.400
2035	881.800
2036	880.610
2037	880.940
2038	880.720
2039	881.780
2040	880.520
2041	881.390
2042	880.590
2043	881.690
2044	880.740
2046	881.890
2047	880.610
2048	881.840
2049	881.340
2050	880.600
2051	881.950
2053	881.460
2054	881.860
2056	881.790
2058	881.780
2059	881.860
2060	880.980
2061	881.280
2062	880.930
2063	881.650
2064	880.890
2066	880.660
2067	881.840
2068	881.060
2069	881.050
2070	881.880
2072	881.110
2073	881.480
2074	881.410
2075	881.340
2076	880.790
2077	881.470
2080	880.760
2082	881.690
2083	880.650
2084	881.010
2085	881.080
2086	880.670
2087	881.500
2088	881.620
2089	881.760
2090	881.070
2091	880.880
2092	881.450
2094	881.240
2095	881.040
2096	881.610
2097	881.680
2098	881.270
2099	881.540
2100	880.970
2002	883.370
2003	883.430
2004	882.210
2006	883.260
2007	882.230
2008	883.260
2009	882.390
2010	883.410
2011	882.870
2012	882.190
2013	883.490
2014	883.100
2015	882.890
2016	883.100
2017	883.080
2018	882.450
2020	883.500
2021	882.560
2022	883.280
2024	882.040
2025	883.070
2026	882.910
2029	882.530
2030	882.290
2032	882.040
2033	882.580
2034	883.410
2036	882.620
2037	882.950
2040	882.530
2041	883.400
2042	882.600
2044	882.750
2045	882.280
2047	882.620
2049	883.350
2050	882.610
2052	882.490
2053	883.470
2055	882.030
2057	882.110
2061	883.290
2064	882.900
2065	882.270
2066	882.670
2068	883.070
2071	882.380
2072	883.120
2074	883.420
2075	883.350
2076	882.800
2078	882.480
2080	882.770
2081	882.420
2083	882.660
2084	883.020
2085	883.090
2086	882.680
2090	883.080
2091	882.890
2092	883.460
2093	882.320
2094	883.250
2095	883.050
2098	883.280
2100	882.980
2004	884.220
2005	883.540
2011	884.880
2012	884.200
2015	884.900
2018	884.460
2019	883.600
2021	884.570
2023	883.940
2024	884.050
2026	884.920
2027	883.680
2028	883.810
2029	884.540
2031	883.520
2032	884.050
2035	883.810
2037	884.960
2040	884.540
2043	883.700
2044	884.760
2045	884.290
2046	883.900
2048	883.850
2050	884.620
2054	883.870
2055	884.040
2058	883.790
2063	883.660
2064	884.910
2065	884.280
2067	883.850
2070	883.890
2076	884.810
2078	884.490
2080	884.780
2081	884.430
2086	884.690
2087	883.510
2088	883.630
2091	884.900
2093	884.330
2096	883.620
2099	883.550
2100	884.990
2003	885.440
2005	885.550
2006	885.270
2008	885.270
2010	885.420
2012	886.210
2014	885.110
2016	885.110
2018	886.470
2019	885.610
2022	885.290
2025	885.080
2031	885.530
2034	885.420
2041	885.410
2045	886.300
2046	885.910
2053	885.480
2055	886.050
2058	885.800
2061	885.300
2067	885.860
2068	885.080
2070	885.900
2072	885.130
2075	885.360
2088	885.640
2094	885.260
2095	885.060
2096	885.630
2098	885.290
2099	885.560
2005	887.560
2015	886.910
2021	886.580
2022	887.300
2029	886.550
2046	887.920
2053	887.490
2061	887.310
2072	887.140
2075	887.370
2086	886.700
2094	887.270
2095	887.070
2012	888.220
2021	888.590
2029	888.560
2053	889.500
2086	888.710
2095	889.080
2046	889.930
2008	957.500
2043	957.110
2004	959.130
2039	959.210
2051	959.150
2059	958.790
2077	959.950
2008	960.810
2056	960.610
2073	960.560
2079	960.700
2001	962.010
2002	962.190
2009	962.650
2011	962.480
2051	962.390
2059	961.870
2063	962.990
2090	962.860
2002	964.200
2013	963.640
2042	964.020
2044	964.280
2045	963.360
2068	963.310
2075	963.590
2079	964.030
2084	964.060
2089	963.790
2001	965.120
2007	965.430
2009	965.780
2011	964.930
2020	964.730
2023	964.930
2039	964.600
2041	965.900
2045	965.370
2047	964.950
2051	964.930
2055	965.060
2058	965.400
2066	965.780
2068	965.930
2072	964.620
2081	965.930
2085	965.820
2093	964.980
2097	965.240
2006	966.040
2011	966.940
2017	966.690
2020	966.740
2023	967.310
2029	967.000
2030	967.070
2032	966.950
2034	966.560
2038	966.300
2039	966.610
2042	966.030
2045	967.380
2055	967.070
2058	967.420
2061	966.900
2062	966.780
2063	967.250
2064	966.300
2067	966.300
2069	966.090
2070	966.930
2072	967.100
2078	966.850
2079	966.120
2080	966.780
2084	966.450
2091	967.430
2092	966.470
2093	966.990
2094	967.130
2095	966.880
2097	967.400
2004	968.550
2006	968.050
2007	968.970
2008	968.840
2009	968.320
2010	968.330
2014	968.870
2016	968.760
2017	968.700
2019	968.460
2020	968.750
2027	968.750
2031	968.350
2032	968.960
2034	968.570
2036	968.560
2038	968.310
2039	968.620
2041	968.390
2042	968.040
2047	968.740
2049	967.870
2051	967.580
2053	968.010
2057	967.620
2060	968.450
2061	968.910
2062	968.820
2064	968.310
2065	967.680
2067	968.310
2068	968.080
2069	968.490
2070	968.940
2074	968.770
2078	968.860
2079	968.130
2081	967.940
2084	968.460
2085	967.830
2088	968.640
2092	968.480
2093	969.000
2095	968.890
2096	968.360
2098	968.040
2100	968.750
2001	969.050
2002	970.100
2003	970.150
2005	969.990
2006	970.060
2009	970.330
2012	969.020
2015	969.200
2019	970.470
2022	970.380
2023	969.320
2025	969.760
2029	969.010
2030	969.430
2031	970.360
2037	969.020
2038	970.320
2040	969.430
2041	970.400
2042	970.050
2045	969.390
2049	969.880
2051	969.920
2053	970.020
2055	969.080
2057	969.770
2058	969.430
2060	970.460
2064	970.320
2065	969.690
2066	970.160
2067	970.320
2068	970.090
2072	969.110
2073	969.010
2076	969.790
2077	969.310
2079	970.140
2081	969.950
2084	970.470
2085	969.840
2089	969.900
2091	969.440
2092	970.490
2094	969.140
2097	969.410
2098	970.050
2004	970.560
2005	972.000
2007	971.440
2008	970.850
2010	970.730
2011	970.510
2012	971.030
2014	970.880
2015	971.210
2016	970.770
2017	970.710
2020	970.760
2023	971.330
2025	971.770
2026	971.730
2027	970.760
2028	971.920
2029	971.020
2030	971.440
2032	970.970
2034	970.580
2036	970.570
2037	971.030
2039	970.630
2040	971.440
2045	971.400
2047	970.770
2048	971.100
2049	971.890
2050	971.660
2051	971.930
2052	970.940
2055	971.090
2057	971.780
2058	971.480
2059	970.630
2061	970.920
2062	970.830
2063	971.580
2065	971.700
2069	970.510
2070	970.950
2071	970.570
2072	971.120
2073	971.020
2074	970.780
2075	971.070
2076	971.800
2077	971.320
2078	970.870
2080	970.540
2081	971.960
2083	970.880
2085	971.850
2086	971.650
2087	971.320
2088	970.650
2091	971.450
2093	971.010
2094	971.150
2095	970.900
2097	971.420
2100	970.760
2002	972.110
2003	972.160
2004	972.570
2006	972.070
2007	973.450
2008	972.860
2009	972.340
2010	972.740
2011	972.520
2012	973.040
2014	972.890
2015	973.220
2016	972.780
2017	972.720
2018	972.280
2019	972.480
2020	972.770
2022	972.390
2023	973.340
2024	972.120
2027	972.770
2029	973.030
2030	973.450
2031	972.370
2032	972.980
2033	972.570
2034	972.590
2035	972.580
2036	972.580
2037	973.040
2038	972.330
2039	972.640
2040	973.450
2041	972.410
2042	972.060
2044	973.370
2045	973.410
2047	972.780
2048	973.110
2052	972.950
2053	972.030
2054	973.210
2055	973.100
2056	972.070
2058	973.490
2059	972.640
2060	972.470
2061	972.930
2062	972.840
2064	972.330
2066	972.170
2067	972.330
2068	972.100
2069	972.520
2070	972.960
2071	972.580
2072	973.130
2073	973.030
2074	972.790
2075	973.080
2077	973.330
2078	972.880
2079	972.150
2080	972.550
2082	973.010
2083	972.890
2084	972.480
2088	972.660
2089	972.270
2091	973.460
2092	972.500
2093	973.020
2094	973.160
2095	972.910
2097	973.430
2098	972.060
2100	972.770
2001	974.040
2002	974.120
2003	974.170
2004	974.580
2005	974.010
2006	974.080
2008	974.870
2009	974.350
2010	974.850
2011	974.530
2014	974.900
2016	974.790
2017	974.730
2018	974.290
2019	974.490
2020	974.930
2021	974.490
2022	974.400
2024	974.130
2025	973.780
2026	973.740
2027	974.780
2028	973.930
2031	974.380
2032	974.990
2033	974.580
2034	974.600
2035	974.590
2036	974.590
2038	974.340
2039	974.650
2041	974.420
2042	974.070
2046	973.930
2047	974.790
2049	973.900
2050	973.670
2051	973.940
2052	974.960
2053	974.040
2056	974.080
2057	973.790
2059	974.650
2060	974.480
2061	974.940
2062	974.850
2063	973.590
2064	974.340
2065	973.710
2066	974.180
2067	974.340
2068	974.110
2069	974.530
2070	974.970
2071	974.590
2074	974.800
2076	973.810
2078	974.890
2079	974.160
2080	974.560
2081	973.970
2083	974.900
2084	974.490
2085	973.860
2086	973.660
2087	973.720
2088	974.670
2089	974.280
2090	974.360
2092	974.510
2095	974.920
2096	973.680
2098	974.070
2099	973.990
2100	974.780
2001	976.050
2002	976.130
2003	976.180
2005	976.020
2006	976.090
2007	975.460
2009	976.360
2012	975.050
2013	975.860
2015	975.230
2018	976.300
2019	976.500
2021	976.500
2022	976.410
2023	975.350
2024	976.140
2025	975.790
2026	975.750
2028	975.940
2029	975.040
2030	975.460
2031	976.390
2037	975.050
2038	976.350
2040	975.460
2041	976.430
2042	976.080
2043	975.880
2044	975.380
2045	975.420
2046	975.940
2048	975.120
2049	975.910
2050	975.680
2051	975.950
2053	976.050
2054	975.220
2055	975.110
2056	976.090
2057	975.800
2058	975.500
2060	976.490
2063	975.600
2064	976.350
2065	975.720
2066	976.190
2067	976.350
2068	976.120
2072	975.140
2073	975.040
2075	975.090
2076	975.820
2077	975.340
2079	976.170
2081	975.980
2082	975.020
2084	976.500
2085	975.870
2086	975.670
2087	975.730
2089	976.290
2090	976.370
2091	975.470
2093	975.030
2094	975.170
2096	975.690
2097	975.440
2098	976.080
2099	976.000
2004	976.590
2007	977.470
2008	976.880
2010	976.860
2011	976.540
2012	977.060
2013	977.870
2014	976.910
2015	977.240
2016	976.800
2017	976.740
2020	976.940
2023	977.360
2025	977.800
2026	977.760
2027	976.790
2028	977.950
2029	977.050
2030	977.470
2032	977.000
2033	976.590
2034	976.610
2035	976.600
2036	976.600
2037	977.060
2039	976.660
2040	977.470
2043	977.890
2044	977.390
2045	977.430
2046	977.950
2047	976.800
2048	977.130
2049	977.920
2050	977.690
2051	977.960
2052	976.970
2054	977.230
2055	977.120
2057	977.810
2058	977.510
2059	976.660
2061	976.950
2062	976.860
2063	977.610
2065	977.730
2069	976.540
2070	976.980
2071	976.600
2072	977.150
2073	977.050
2074	976.810
2075	977.100
2076	977.830
2077	977.350
2078	976.900
2080	976.570
2081	977.990
2082	977.030
2083	976.910
2085	977.880
2086	977.680
2087	977.740
2088	976.680
2091	977.480
2092	976.520
2093	977.040
2094	977.180
2095	976.930
2096	977.700
2097	977.450
2100	976.790
2001	978.060
2002	978.140
2003	978.190
2004	978.600
2005	978.030
2006	978.100
2007	979.480
2008	978.890
2009	978.370
2010	978.870
2011	978.550
2012	979.070
2014	978.920
2015	979.250
2016	978.810
2017	978.750
2018	978.310
2019	978.510
2020	978.950
2021	978.510
2022	978.420
2023	979.370
2024	978.150
2027	978.800
2029	979.060
2030	979.480
2031	978.400
2032	979.010
2033	978.600
2034	978.620
2035	978.610
2036	978.610
2037	979.070
2038	978.360
2039	978.670
2040	979.480
2041	978.440
2042	978.090
2044	979.400
2045	979.440
2047	978.810
2048	979.140
2052	978.980
2053	978.060
2054	979.240
2055	979.130
2056	978.100
2059	978.670
2060	978.500
2061	978.960
2062	978.870
2064	978.360
2066	978.200
2067	978.360
2068	978.130
2069	978.550
2070	978.990
2071	978.610
2072	979.160
2073	979.060
2074	978.820
2075	979.110
2077	979.360
2078	978.910
2079	978.180
2080	978.580
2082	979.040
2083	978.920
2084	978.510
2088	978.690
2089	978.300
2090	978.380
2091	979.490
2092	978.530
2093	979.050
2094	979.190
2095	978.940
2097	979.460
2098	978.090
2099	978.010
2100	978.800
2001	980.070
2002	980.150
2003	980.200
2004	980.610
2005	980.040
2006	980.110
2008	980.900
2009	980.380
2010	980.880
2011	980.560
2013	979.880
2014	980.930
2016	980.820
2017	980.760
2018	980.320
2019	980.520
2020	980.960
2021	980.520
2022	980.430
2024	980.160
2025	979.810
2026	979.770
2027	980.810
2028	979.960
2031	980.410
2033	980.610
2034	980.630
2035	980.620
2036	980.620
2038	980.370
2039	980.680
2041	980.450
2042	980.100
2043	979.900
2046	979.960
2047	980.820
2049	979.930
2050	979.700
2051	979.970
2052	980.990
2053	980.070
2056	980.110
2057	979.820
2058	979.520
2059	980.680
2060	980.510
2061	980.970
2062	980.880
2063	979.620
2064	980.370
2065	979.740
2066	980.210
2067	980.370
2068	980.140
2069	980.560
2070	981.000
2071	980.620
2074	980.830
2076	979.840
2078	980.920
2079	980.190
2080	980.590
2081	980.000
2083	980.930
2084	980.520
2085	979.890
2086	979.690
2087	979.750
2088	980.700
2089	980.310
2090	980.390
2092	980.540
2095	980.950
2096	979.710
2098	980.100
2099	980.020
2100	980.810
2001	982.080
2002	982.160
2003	982.210
2005	982.050
2006	982.120
2007	981.490
2009	982.390
2012	981.080
2013	981.890
2015	981.260
2018	982.330
2022	982.440
2023	981.380
2024	982.170
2025	981.820
2026	981.780
2028	981.970
2029	981.070
2030	981.490
2031	982.420
2032	981.020
2037	981.080
2038	982.380
2040	981.490
2041	982.460
2042	982.110
2043	981.910
2044	981.410
2045	981.450
2046	981.970
2048	981.150
2049	981.940
2050	981.710
2051	981.980
2053	982.080
2054	981.250
2055	981.140
2056	982.120
2057	981.830
2058	981.530
2063	981.630
2064	982.380
2065	981.750
2066	982.220
2067	982.380
2068	982.150
2072	981.170
2073	981.070
2075	981.120
2076	981.850
2077	981.370
2079	982.200
2081	982.010
2082	981.050
2085	981.900
2086	981.700
2087	981.760
2089	982.320
2090	982.400
2091	981.500
2093	981.060
2094	981.200
2096	981.720
2097	981.470
2098	982.110
2099	982.030
2004	982.620
2007	983.500
2008	982.910
2010	982.890
2011	982.570
2012	983.090
2013	983.900
2014	982.940
2015	983.270
2016	982.830
2017	982.770
2019	982.530
2020	982.970
2021	982.530
2023	983.390
2025	983.830
2026	983.790
2027	982.820
2028	983.980
2029	983.080
2030	983.500
2032	983.030
2033	982.620
2034	982.640
2035	982.630
2036	982.630
2037	983.090
2039	982.690
2040	983.500
2043	983.920
2044	983.420
2045	983.460
2046	983.980
2047	982.830
2048	983.160
2049	983.950
2050	983.720
2051	983.990
2052	983.000
2054	983.260
2055	983.150
2057	983.840
2058	983.540
2059	982.690
2060	982.520
2061	982.980
2062	982.890
2063	983.640
2065	983.760
2069	982.570
2070	983.010
2071	982.630
2072	983.180
2073	983.080
2074	982.840
2075	983.130
2076	983.860
2077	983.380
2078	982.930
2080	982.600
2082	983.060
2083	982.940
2084	982.530
2085	983.910
2086	983.710
2087	983.770
2088	982.710
2091	983.510
2092	982.550
2093	983.070
2094	983.210
2095	982.960
2096	983.730
2097	983.480
2100	982.820
2001	984.090
2002	984.170
2003	984.220
2004	984.630
2005	984.060
2006	984.130
2008	984.920
2009	984.400
2010	984.900
2011	984.580
2012	985.100
2014	984.950
2015	985.280
2016	984.840
2017	984.780
2018	984.340
2019	984.540
2020	984.980
2021	984.540
2022	984.450
2023	985.400
2024	984.180
2027	984.830
2029	985.090
2031	984.430
2032	985.040
2033	984.630
2034	984.650
2035	984.640
2036	984.640
2037	985.100
2038	984.390
2039	984.700
2041	984.470
2042	984.120
2044	985.430
2045	985.470
2047	984.840
2048	985.170
2052	985.010
2053	984.090
2054	985.270
2055	985.160
2056	984.130
2059	984.700
2060	984.530
2061	984.990
2062	984.900
2064	984.390
2066	984.230
2067	984.390
2068	984.160
2069	984.580
2070	985.020
2071	984.640
2072	985.190
2073	985.090
2074	984.850
2075	985.140
2077	985.390
2078	984.940
2079	984.210
2080	984.610
2081	984.020
2082	985.070
2083	984.950
2084	984.540
2088	984.720
2089	984.330
2090	984.410
2092	984.560
2093	985.080
2094	985.220
2095	984.970
2097	985.490
2098	984.120
2099	984.040
2100	984.830
2001	986.100
2002	986.180
2003	986.230
2004	986.640
2005	986.070
2006	986.140
2007	985.510
2008	986.930
2009	986.410
2010	986.910
2011	986.590
2013	985.910
2014	986.960
2016	986.850
2017	986.790
2018	986.350
2019	986.550
2020	986.990
2021	986.550
2022	986.460
2024	986.190
2025	985.840
2026	985.800
2027	986.840
2028	985.990
2030	985.510
2031	986.440
2033	986.640
2034	986.660
2035	986.650
2036	986.650
2038	986.400
2039	986.710
2040	985.510
2041	986.480
2042	986.130
2043	985.930
2046	985.990
2047	986.850
2049	985.960
2050	985.730
2051	986.000
2053	986.100
2056	986.140
2057	985.850
2058	985.550
2059	986.710
2060	986.540
2061	987.000
2062	986.910
2063	985.650
2064	986.400
2065	985.770
2066	986.240
2067	986.400
2068	986.170
2069	986.590
2071	986.650
2074	986.860
2076	985.870
2078	986.950
2079	986.220
2080	986.620
2081	986.030
2083	986.960
2084	986.550
2085	985.920
2086	985.720
2087	985.780
2088	986.730
2089	986.340
2090	986.420
2091	985.520
2092	986.570
2095	986.980
2096	985.740
2098	986.130
2099	986.050
2100	986.840
2001	988.110
2002	988.190
2003	988.240
2005	988.080
2006	988.150
2007	987.520
2009	988.420
2012	987.110
2013	987.920
2015	987.290
2018	988.360
2022	988.470
2023	987.410
2024	988.200
2025	987.850
2026	987.810
2028	988.000
2029	987.100
2030	987.520
2031	988.450
2032	987.050
2037	987.110
2038	988.410
2040	987.520
2041	988.490
2042	988.140
2043	987.940
2044	987.440
2045	987.480
2046	988.000
2048	987.180
2049	987.970
2050	987.740
2051	988.010
2052	987.020
2053	988.110
2054	987.280
2055	987.170
2056	988.150
2057	987.860
2058	987.560
2063	987.660
2064	988.410
2065	987.780
2066	988.250
2067	988.410
2068	988.180
2070	987.030
2072	987.200
2073	987.100
2075	987.150
2076	987.880
2077	987.400
2079	988.230
2081	988.040
2082	987.080
2085	987.930
2086	987.730
2087	987.790
2089	988.350
2090	988.430
2091	987.530
2093	987.090
2094	987.230
2096	987.750
2097	987.500
2098	988.140
2099	988.060
2004	988.650
2007	989.530
2008	988.940
2010	988.920
2011	988.600
2012	989.120
2013	989.930
2014	988.970
2015	989.300
2016	988.860
2017	988.800
2019	988.560
2020	989.000
2021	988.560
2023	989.420
2025	989.860
2026	989.820
2027	988.850
2029	989.110
2030	989.530
2032	989.060
2033	988.650
2034	988.670
2035	988.660
2036	988.660
2037	989.120
2039	988.720
2040	989.530
2043	989.950
2044	989.450
2045	989.490
2047	988.860
2048	989.190
2049	989.980
2050	989.750
2052	989.030
2054	989.290
2055	989.180
2057	989.870
2058	989.570
2059	988.720
2060	988.550
2061	989.010
2062	988.920
2063	989.670
2065	989.790
2069	988.600
2070	989.040
2071	988.660
2072	989.210
2073	989.110
2074	988.870
2075	989.160
2076	989.890
2077	989.410
2078	988.960
2080	988.630
2082	989.090
2083	988.970
2084	988.560
2085	989.940
2086	989.740
2087	989.800
2088	988.740
2091	989.540
2092	988.580
2093	989.100
2094	989.240
2095	988.990
2096	989.760
2097	989.510
2100	988.850
2001	990.120
2002	990.200
2003	990.250
2004	990.660
2005	990.090
2006	990.160
2008	990.950
2009	990.430
2010	990.930
2011	990.610
2012	991.130
2014	990.980
2015	991.310
2016	990.870
2017	990.810
2018	990.370
2019	990.570
2020	991.010
2021	990.570
2022	990.480
2023	991.430
2024	990.210
2027	990.860
2028	990.010
2029	991.120
2031	990.460
2032	991.070
2033	990.660
2034	990.680
2035	990.670
2036	990.670
2037	991.130
2038	990.420
2039	990.730
2041	990.500
2042	990.150
2044	991.460
2045	991.500
2046	990.010
2047	990.870
2048	991.200
2051	990.020
2052	991.040
2053	990.120
2054	991.300
2055	991.190
2056	990.160
2059	990.730
2060	990.560
2061	991.020
2062	990.930
2064	990.420
2066	990.260
2067	990.420
2068	990.190
2069	990.610
2070	991.050
2071	990.670
2072	991.220
2073	991.120
2074	990.880
2075	991.170
2077	991.420
2078	990.970
2079	990.240
2080	990.640
2081	990.050
2082	991.100
2083	990.980
2084	990.570
2088	990.750
2089	990.360
2090	990.440
2092	990.590
2093	991.110
2094	991.250
2095	991.000
2098	990.150
2099	990.070
2100	990.860
2001	992.130
2002	992.210
2003	992.260
2004	992.670
2005	992.100
2006	992.170
2007	991.540
2008	992.960
2009	992.440
2010	992.940
2011	992.620
2013	991.940
2014	992.990
2016	992.880
2017	992.820
2018	992.380
2019	992.580
2021	992.580
2022	992.490
2024	992.220
2025	991.870
2026	991.830
2027	992.870
2028	992.020
2030	991.540
2031	992.470
2033	992.670
2034	992.690
2035	992.680
2036	992.680
2038	992.430
2039	992.740
2040	991.540
2041	992.510
2042	992.160
2043	991.960
2046	992.020
2047	992.880
2049	991.990
2050	991.760
2051	992.030
2053	992.130
2056	992.170
2057	991.880
2058	991.580
2059	992.740
2060	992.570
2062	992.940
2063	991.680
2064	992.430
2065	991.800
2066	992.270
2067	992.430
2068	992.200
2069	992.620
2071	992.680
2074	992.890
2076	991.900
2078	992.980
2079	992.250
2080	992.650
2081	992.060
2083	992.990
2084	992.580
2085	991.950
2086	991.750
2087	991.810
2088	992.760
2089	992.370
2090	992.450
2091	991.550
2092	992.600
2096	991.770
2097	991.520
2098	992.160
2099	992.080
2100	992.870
2001	994.140
2002	994.220
2003	994.270
2005	994.110
2006	994.180
2007	993.550
2009	994.450
2012	993.140
2013	993.950
2015	993.320
2018	994.390
2020	993.020
2022	994.500
2023	993.440
2024	994.230
2025	993.880
2026	993.840
2028	994.030
2029	993.130
2030	993.550
2031	994.480
2032	993.080
2037	993.140
2038	994.440
2040	993.550
2042	994.170
2043	993.970
2044	993.470
2045	993.510
2046	994.030
2048	993.210
2049	994.000
2050	993.770
2051	994.040
2052	993.050
2053	994.140
2054	993.310
2055	993.200
2056	994.180
2057	993.890
2058	993.590
2061	993.030
2063	993.690
2064	994.440
2065	993.810
2066	994.280
2067	994.440
2068	994.210
2070	993.060
2072	993.230
2073	993.130
2075	993.180
2076	993.910
2077	993.430
2079	994.260
2081	994.070
2082	993.110
2085	993.960
2086	993.760
2087	993.820
2089	994.380
2090	994.460
2091	993.560
2093	993.120
2094	993.260
2095	993.010
2096	993.780
2097	993.530
2098	994.170
2099	994.090
2004	994.680
2007	995.560
2008	994.970
2010	994.950
2011	994.630
2012	995.150
2013	995.960
2014	995.000
2015	995.330
2016	994.890
2017	994.830
2019	994.590
2020	995.030
2021	994.590
2023	995.450
2025	995.890
2026	995.850
2027	994.880
2029	995.140
2030	995.560
2032	995.090
2033	994.680
2034	994.700
2035	994.690
2036	994.690
2037	995.150
2039	994.750
2040	995.560
2041	994.520
2043	995.980
2044	995.480
2047	994.890
2048	995.220
2050	995.780
2052	995.060
2054	995.320
2055	995.210
2057	995.900
2058	995.600
2059	994.750
2060	994.580
2061	995.040
2062	994.950
2063	995.700
2065	995.820
2069	994.630
2070	995.070
2071	994.690
2072	995.240
2073	995.140
2074	994.900
2075	995.190
2076	995.920
2077	995.440
2078	994.990
2080	994.660
2082	995.120
2083	995.000
2084	994.590
2085	995.970
2086	995.770
2087	995.830
2088	994.770
2091	995.570
2092	994.610
2093	995.130
2094	995.270
2095	995.020
2096	995.790
2097	995.540
2100	994.880
2001	996.150
2002	996.230
2003	996.280
2004	996.690
2005	996.120
2006	996.190
2008	996.980
2009	996.460
2010	996.960
2011	996.640
2012	997.160
2014	997.010
2015	997.340
2016	996.900
2017	996.840
2018	996.400
2019	996.600
2020	997.040
2021	996.600
2022	996.510
2023	997.460
2024	996.240
2027	996.890
2028	996.040
2029	997.150
2031	996.490
2032	997.100
2033	996.690
2034	996.710
2035	996.700
2036	996.700
2037	997.160
2038	996.450
2039	996.760
2041	996.530
2042	996.180
2044	997.490
2046	996.040
2047	996.900
2048	997.230
2049	996.010
2051	996.050
2052	997.070
2053	996.150
2054	997.330
2055	997.220
2056	996.190
2059	996.760
2060	996.590
2061	997.050
2062	996.960
2064	996.450
2066	996.290
2067	996.450
2068	996.220
2069	996.640
2070	997.080
2071	996.700
2072	997.250
2073	997.150
2074	996.910
2075	997.200
2077	997.450
2078	997.000
2079	996.270
2080	996.670
2081	996.080
2082	997.130
2083	997.010
2084	996.600
2088	996.780
2089	996.390
2090	996.470
2092	996.620
2093	997.140
2094	997.280
2095	997.030
2098	996.180
2099	996.100
2100	996.890
2001	998.160
2002	998.240
2003	998.290
2004	998.700
2005	998.130
2006	998.200
2007	997.570
2008	998.990
2009	998.470
2010	998.970
2011	998.650
2013	997.970
2016	998.910
2017	998.850
2018	998.410
2019	998.610
2021	998.610
2022	998.520
2024	998.250
2025	997.900
2026	997.860
2027	998.900
2028	998.050
2030	997.570
2031	998.500
2033	998.700
2034	998.720
2035	998.710
2036	998.710
2038	998.460
2039	998.770
2040	997.570
2041	998.540
2042	998.190
2043	997.990
2046	998.050
2047	998.910
2049	998.020
2050	997.790
2051	998.060
2053	998.160
2056	998.200
2057	997.910
2058	997.610
2059	998.770
2062	998.970
2063	997.710
2064	998.460
2065	997.830
2066	998.300
2067	998.460
2068	998.230
2069	998.650
2071	998.710
2074	998.920
2076	997.930
2079	998.280
2080	998.680
2084	998.610
2085	997.980
2086	997.780
2087	997.840
2088	998.790
2089	998.400
2090	998.480
2091	997.580
2092	998.630
2096	997.800
2097	997.550
2098	998.190
2099	998.110
2100	998.900
