# NEST version: 3.9.0
# RecordingBackendASCII version: 2
sender	time_ms
327	29.620
134	31.780
480	32.220
12	33.900
229	33.550
269	33.100
289	34.200
314	34.290
447	33.830
50	35.740
96	35.080
103	35.020
105	35.490
116	35.940
118	35.880
137	34.900
263	34.640
285	35.840
405	35.390
468	35.980
482	34.520
490	35.590
36	37.120
66	36.940
121	37.430
127	36.620
169	36.750
170	37.080
176	36.730
223	37.220
254	37.110
289	37.430
330	37.150
352	36.970
378	36.540
416	37.140
424	36.660
437	36.850
446	37.340
483	37.430
492	36.200
15	38.040
18	38.860
51	37.660
63	38.960
73	38.180
81	38.760
105	38.600
106	37.740
116	38.590
118	38.500
124	37.900
126	38.250
137	38.980
144	38.620
158	38.250
202	38.560
232	38.820
238	38.660
252	38.640
272	38.640
279	38.750
283	38.390
300	37.750
316	38.960
319	38.420
326	38.860
328	37.680
339	38.990
342	38.820
355	38.600
387	38.670
390	38.040
397	37.630
403	37.580
405	38.680
438	38.750
442	38.780
454	37.810
468	38.880
475	38.830
482	38.230
496	37.520
7	40.180
12	40.120
28	39.650
36	39.440
51	39.670
66	40.500
69	40.360
80	39.820
87	40.430
93	40.420
95	39.750
101	39.570
102	39.530
103	39.880
106	39.750
112	40.420
113	39.450
127	39.220
135	39.280
140	39.470
165	40.060
194	40.340
208	39.080
220	39.050
221	40.060
223	39.790
230	39.730
241	39.070
242	39.480
246	40.310
254	39.960
267	39.740
274	39.470
283	40.400
300	40.480
307	40.120
314	39.560
319	40.430
320	40.190
324	40.050
330	39.810
335	39.420
346	40.240
354	39.370
371	40.110
374	39.970
375	40.270
378	40.280
396	40.270
402	39.380
403	40.340
407	40.490
408	40.370
414	39.410
416	39.150
419	39.960
423	39.550
424	39.410
427	39.730
437	40.350
446	39.350
450	39.890
452	39.080
454	40.350
457	39.600
465	39.570
474	39.410
477	40.100
486	39.510
490	39.100
491	39.140
496	39.530
4	40.930
15	40.790
16	41.320
18	41.810
23	41.420
24	40.900
25	41.460
28	41.660
34	41.870
44	41.450
51	41.680
52	40.550
57	41.160
67	41.010
68	41.630
73	41.150
75	41.010
78	41.180
86	41.560
88	41.060
90	41.370
94	41.810
95	41.760
98	41.030
102	41.540
104	41.240
106	41.760
110	41.480
114	41.770
116	40.600
118	41.290
121	41.370
123	41.010
124	40.970
126	40.780
135	41.480
142	41.700
144	41.360
150	40.570
152	40.900
155	41.660
158	41.500
159	40.750
164	40.870
166	40.830
175	40.920
190	40.950
192	41.870
193	41.360
198	41.360
201	41.470
202	41.340
208	41.560
215	41.740
220	41.430
223	41.800
225	41.460
227	40.630
228	41.710
231	41.580
241	41.190
247	41.350
250	40.870
254	41.970
256	41.630
260	41.420
262	40.860
267	41.750
269	41.520
271	40.830
274	41.580
275	41.970
279	40.760
290	41.650
292	41.600
296	41.480
297	40.630
312	41.670
316	41.940
322	41.630
328	40.690
329	40.840
330	41.820
342	41.360
350	41.060
352	40.520
355	41.400
365	41.550
369	41.700
370	41.530
376	40.730
379	40.550
380	41.460
385	41.300
386	41.230
387	41.290
399	41.140
405	40.880
411	40.660
414	41.420
416	41.160
422	41.310
426	41.630
433	41.660
446	41.360
448	41.380
449	41.750
452	41.940
463	40.660
476	41.350
482	40.670
484	41.570
486	41.520
492	41.490
496	41.540
2	42.830
3	42.110
4	42.940
5	42.550
12	42.890
15	42.800
20	42.180
24	43.230
36	42.210
37	42.350
42	42.960
46	42.310
52	42.560
57	43.170
63	42.470
66	42.510
70	42.030
73	43.160
74	42.970
75	43.020
76	42.120
77	43.440
80	42.780
81	43.250
87	42.440
88	43.140
98	43.040
99	42.100
101	42.380
104	43.330
112	42.430
113	43.200
116	42.610
117	42.810
122	43.470
123	43.020
124	42.980
126	42.790
135	43.490
136	42.530
139	42.740
140	42.770
144	43.370
146	42.560
148	42.940
150	42.780
152	42.910
159	43.430
162	43.020
164	43.100
165	42.070
166	42.840
173	43.470
180	42.130
184	42.120
185	43.260
190	42.960
193	43.370
201	43.480
205	42.260
211	43.410
213	43.240
221	42.360
222	42.950
224	43.230
225	43.470
227	42.640
229	43.320
230	42.610
232	43.120
235	42.140
240	42.560
241	43.200
242	42.560
243	42.490
245	42.600
246	42.320
250	42.880
252	42.890
260	43.430
261	43.490
266	42.500
271	42.840
279	42.770
281	42.220
282	42.520
283	42.410
286	43.380
294	42.730
296	43.490
297	42.900
298	43.140
300	43.500
301	42.700
302	42.230
303	42.030
307	42.690
310	42.540
319	42.440
320	42.200
323	42.460
324	42.270
327	43.030
328	43.160
329	42.850
332	43.020
335	42.280
338	42.030
339	42.220
346	42.490
348	42.160
351	42.320
352	42.530
353	42.390
354	43.110
356	42.220
358	43.020
359	42.030
362	42.140
367	42.490
371	43.160
373	42.310
374	42.740
375	42.770
378	42.760
379	42.740
380	43.470
382	43.060
386	43.240
387	43.300
395	43.290
396	42.280
397	42.600
399	43.340
400	42.520
403	42.350
406	42.360
407	42.550
408	42.380
411	42.670
412	42.040
413	42.130
416	43.170
417	42.280
419	42.640
422	43.320
423	42.470
427	43.120
429	42.360
431	42.750
432	42.230
441	43.460
445	43.140
446	43.370
448	43.390
450	42.060
454	42.360
462	42.790
464	43.180
471	43.410
473	42.430
474	43.050
477	42.110
481	43.290
483	42.930
485	42.490
489	42.240
490	42.230
494	42.030
498	42.440
499	42.360
2	44.840
4	44.950
5	44.560
6	44.820
11	43.630
12	44.900
13	44.490
15	44.810
17	44.170
19	43.790
20	44.190
21	44.030
22	44.440
23	43.960
25	44.550
26	43.640
27	44.110
28	43.670
33	44.100
34	43.880
37	44.360
38	44.390
42	44.980
44	44.960
46	44.320
50	44.870
51	43.690
52	44.570
54	43.880
55	45.000
56	44.700
58	43.590
63	44.480
64	43.820
66	44.520
67	43.960
68	43.640
69	43.700
70	44.040
71	44.010
74	44.980
76	44.130
78	44.790
85	44.880
86	44.150
87	44.450
94	44.180
95	43.770
97	44.320
99	44.110
101	44.390
102	43.550
106	43.770
109	44.200
110	44.150
112	44.440
114	44.060
116	44.620
117	44.820
118	44.100
120	44.320
121	43.890
124	44.990
126	44.800
128	44.970
131	43.620
136	44.540
139	44.750
141	44.710
142	44.340
145	44.440
146	44.570
148	44.950
149	44.620
152	44.920
153	44.330
155	43.670
158	43.510
167	44.940
171	44.350
172	44.040
174	43.710
175	43.860
176	44.300
177	44.980
180	44.140
182	43.910
184	44.130
186	43.730
187	44.940
188	43.960
190	44.970
192	44.990
198	44.740
200	44.020
202	44.190
204	44.030
205	44.270
207	44.220
208	43.570
210	44.880
215	44.590
217	44.210
221	44.370
222	44.960
223	43.810
227	44.650
228	43.720
230	44.620
231	43.590
235	44.150
238	44.470
240	44.570
242	44.650
245	44.740
246	44.330
247	44.710
248	44.110
250	44.890
252	44.900
253	44.380
254	43.980
256	43.640
258	43.600
262	43.730
267	43.760
268	44.700
269	44.570
271	44.850
273	44.310
274	43.590
275	43.980
276	44.710
277	44.750
279	44.780
280	43.590
281	44.330
282	44.530
283	44.420
284	44.650
287	44.010
290	43.660
291	44.000
292	43.610
293	44.710
294	44.740
295	44.510
297	44.910
303	44.040
307	44.700
308	44.690
309	43.720
310	44.550
311	44.270
312	43.680
316	44.220
319	44.450
320	44.210
322	43.640
323	44.470
324	44.280
329	44.860
330	43.830
334	44.040
336	44.540
337	43.680
338	44.040
339	44.230
342	43.810
343	43.720
346	44.500
348	44.180
349	44.810
350	43.820
352	44.540
353	44.400
355	43.690
360	43.950
362	44.160
365	43.560
367	44.500
368	44.890
369	43.930
370	43.540
375	44.780
377	44.490
378	44.770
379	44.750
381	44.450
383	44.190
385	44.370
388	44.780
393	44.900
396	44.290
397	44.610
398	44.680
400	44.530
401	44.960
402	43.650
403	44.360
404	44.540
406	44.370
407	44.570
408	44.390
411	44.680
412	44.520
413	44.890
414	44.750
415	43.670
417	44.290
419	44.710
420	44.770
424	43.650
426	43.640
428	44.250
429	44.370
431	44.760
432	44.240
433	43.890
434	44.740
440	43.750
449	43.760
450	44.070
452	44.630
454	44.370
459	44.280
465	43.600
466	43.530
472	44.890
473	44.440
475	44.930
476	44.060
477	44.120
484	43.820
485	44.500
486	43.530
489	44.250
491	43.910
494	44.510
496	43.550
498	44.450
499	44.370
1	45.700
3	45.750
11	45.640
13	46.500
16	46.140
17	46.180
19	45.800
20	46.200
21	46.040
22	46.450
23	45.970
24	45.240
26	45.650
28	45.680
32	45.300
33	46.110
34	45.890
35	45.310
36	45.090
37	46.370
38	46.400
41	46.260
46	46.330
51	45.700
54	45.890
57	45.180
58	45.600
60	45.390
62	45.180
63	46.490
65	45.310
67	45.970
68	45.650
69	45.810
70	46.460
71	46.020
73	45.170
75	45.030
76	46.140
77	45.450
80	45.180
81	45.860
83	45.240
84	45.600
86	46.160
87	46.460
88	45.150
90	45.190
92	46.380
93	45.510
94	46.190
95	45.780
97	46.340
98	45.050
99	46.120
101	46.400
102	45.560
104	45.340
106	45.780
108	45.180
109	46.210
112	46.450
114	46.070
115	45.670
118	46.110
121	45.900
122	45.480
123	45.030
125	45.700
127	46.060
130	46.040
131	46.030
135	45.500
138	45.250
140	45.460
143	46.220
144	45.380
150	45.100
151	45.100
153	46.340
154	45.460
155	45.680
157	45.760
158	45.520
159	45.440
160	45.250
163	45.300
164	45.170
166	45.150
168	45.140
169	45.340
171	46.400
172	46.050
173	45.480
175	45.870
176	46.310
180	46.150
182	45.920
183	45.570
184	46.140
186	45.740
188	45.970
191	46.430
193	45.380
194	45.550
195	46.500
200	46.030
201	45.490
202	46.200
204	46.040
205	46.280
207	46.300
208	45.580
211	45.420
212	45.010
213	45.570
217	46.220
219	45.330
223	45.820
224	45.610
225	45.480
226	45.070
228	45.730
229	45.330
232	45.840
235	46.160
236	45.830
238	46.480
241	45.210
243	45.120
244	45.860
246	46.340
248	46.210
249	45.440
251	45.310
253	46.390
254	45.990
256	45.650
258	45.610
259	45.050
260	45.440
261	46.210
262	45.740
263	45.760
265	45.190
266	45.940
267	45.770
273	46.320
274	45.600
275	45.990
278	45.720
280	46.100
281	46.340
283	46.430
285	45.960
286	45.390
287	46.020
288	45.310
290	45.670
291	46.010
292	45.620
296	45.500
298	45.150
299	45.150
300	45.510
301	45.520
302	45.130
303	46.050
304	46.480
305	46.380
309	45.730
311	46.280
312	45.690
317	45.830
319	46.460
320	46.220
322	45.650
323	46.480
324	46.290
325	46.020
327	45.040
328	45.170
330	45.840
332	45.030
333	45.860
334	46.050
335	45.110
337	45.690
338	46.050
339	46.240
341	45.470
342	45.820
343	45.750
344	46.230
347	46.040
348	46.190
350	45.830
353	46.410
358	45.030
359	45.300
362	46.170
363	45.190
365	45.570
366	45.430
369	45.940
370	45.550
377	46.500
380	45.480
381	46.460
382	45.070
383	46.200
385	46.430
386	45.250
387	45.310
392	46.070
394	45.240
395	45.300
396	46.300
399	45.350
402	45.660
403	46.370
406	46.380
408	46.400
409	45.090
415	45.680
416	45.180
417	46.300
422	45.330
423	45.220
424	46.200
425	45.630
426	45.650
427	45.130
428	46.260
429	46.380
430	46.240
432	46.250
433	45.900
440	45.760
441	46.010
445	45.270
446	45.380
448	45.400
449	45.770
450	46.080
453	45.860
454	46.380
457	46.430
458	45.450
459	46.290
461	45.710
462	46.210
463	45.270
464	46.500
465	46.210
466	45.540
471	45.420
473	46.450
474	45.700
476	46.070
477	46.130
478	46.410
481	45.770
483	46.200
484	45.830
486	45.540
488	45.070
489	46.260
490	45.550
491	45.920
493	45.360
495	45.380
496	45.560
498	46.460
499	46.380
1	47.710
2	46.850
3	47.760
4	46.960
5	46.570
6	47.140
10	46.740
11	47.650
12	46.910
14	47.300
15	46.820
19	47.810
23	47.980
24	47.250
25	46.560
26	47.660
28	47.690
31	46.570
32	47.310
34	47.900
35	47.320
36	47.100
39	46.870
42	46.990
44	46.970
45	47.210
48	46.980
49	47.490
50	46.880
51	47.710
52	46.580
53	46.980
54	47.900
55	47.010
56	46.710
57	47.190
58	47.610
59	47.890
60	47.400
61	47.090
62	47.190
64	47.080
66	46.530
67	47.980
68	47.660
69	47.820
72	47.790
73	47.180
74	46.990
75	47.040
77	47.460
78	46.800
80	47.190
81	47.870
83	47.250
84	47.610
85	46.890
88	47.160
90	47.770
93	47.520
95	47.790
98	47.060
100	47.150
102	47.570
104	47.350
105	46.730
106	47.790
108	47.190
110	47.180
111	46.970
113	47.010
115	47.680
116	46.630
117	46.830
119	46.820
120	46.700
121	47.910
122	47.490
123	47.040
124	47.000
125	47.710
126	46.810
128	46.980
132	46.600
133	47.190
135	47.510
136	46.550
137	47.830
138	47.260
139	46.760
140	47.470
141	46.720
142	47.110
145	47.840
146	46.580
147	46.620
148	46.960
149	46.630
151	47.110
152	46.930
154	47.470
155	47.690
156	47.490
157	47.770
158	47.530
159	47.450
160	47.260
163	47.310
164	47.180
166	47.160
167	46.950
168	47.150
169	47.350
170	47.160
173	47.490
174	47.300
175	47.880
177	46.990
178	46.530
179	46.590
182	47.930
183	47.580
185	46.570
186	47.750
187	46.950
188	47.980
190	46.980
192	47.000
193	47.390
194	47.560
198	46.750
201	47.500
206	46.610
208	47.590
209	47.020
210	46.890
211	47.430
212	47.020
213	47.580
215	46.600
218	47.440
222	46.970
223	47.830
224	47.620
225	47.490
226	47.080
227	46.660
228	47.740
229	47.340
230	46.630
234	46.950
236	47.840
237	46.820
240	46.580
241	47.220
242	46.660
243	47.210
244	47.870
245	46.750
247	46.720
249	47.450
250	46.900
251	47.320
252	46.910
254	48.000
255	47.890
256	47.660
257	47.200
258	47.620
259	47.060
260	47.450
262	47.750
263	47.770
264	47.710
265	47.200
266	47.950
267	47.780
268	46.770
271	46.860
272	46.610
274	47.610
275	48.000
276	46.720
277	46.760
279	46.790
282	46.540
284	46.660
285	47.970
286	47.400
288	47.320
290	47.680
292	47.630
293	46.790
294	46.750
295	46.940
296	47.510
297	46.920
298	47.160
299	47.420
300	47.520
301	47.530
302	47.140
307	46.710
308	47.070
309	47.740
310	46.560
313	47.120
314	47.480
316	46.820
317	47.840
318	46.640
321	47.610
322	47.660
326	47.410
327	47.050
328	47.180
329	46.870
330	47.850
332	47.040
333	47.870
335	47.120
336	46.550
337	47.700
340	47.390
341	47.480
342	47.830
343	47.760
346	46.510
349	46.820
350	47.840
352	46.550
354	47.400
358	47.040
359	47.310
361	47.010
363	47.200
364	47.750
365	47.580
366	47.440
367	46.510
368	46.900
369	47.950
370	47.560
371	47.300
372	46.990
373	46.860
375	46.790
378	46.780
379	46.760
380	47.490
382	47.080
386	47.260
387	47.320
388	46.790
389	47.490
391	47.410
393	46.910
394	47.250
395	47.310
397	46.620
398	46.690
399	47.360
400	46.540
401	46.970
402	47.670
404	46.550
405	46.560
407	46.580
409	47.100
411	46.690
412	46.530
413	47.370
414	47.250
415	47.690
416	47.190
419	46.720
420	46.780
422	47.340
425	47.640
426	47.660
427	47.140
431	46.770
433	47.910
434	46.750
435	46.840
440	47.770
442	46.970
445	47.280
446	47.390
448	47.410
449	47.780
451	47.590
452	46.640
455	47.280
458	47.460
461	47.720
463	47.280
466	47.550
467	47.180
468	46.620
471	47.430
472	46.900
474	47.710
475	46.940
481	47.780
484	47.840
485	46.850
486	47.550
488	47.080
490	47.560
491	47.930
492	46.680
493	47.370
495	47.840
496	47.570
500	46.960
2	48.860
4	48.970
5	48.580
6	49.150
9	49.470
10	48.750
12	48.920
13	48.510
14	49.310
15	48.830
16	48.190
17	48.190
18	48.590
20	48.210
21	48.050
22	48.460
24	49.260
25	48.570
27	48.760
29	48.970
30	48.140
31	48.580
32	49.320
33	48.120
35	49.330
36	49.110
37	48.380
38	48.410
39	49.050
40	48.270
41	48.270
42	49.000
43	49.070
44	48.980
45	49.220
46	48.340
48	48.990
49	49.500
50	48.890
52	48.590
53	48.990
55	49.020
56	48.720
57	49.200
60	49.410
61	49.100
62	49.200
63	48.500
64	49.090
65	48.340
66	48.540
71	48.030
73	49.190
74	49.000
75	49.050
76	48.150
77	49.470
78	48.810
79	48.080
80	49.200
83	49.260
85	48.900
86	48.170
87	48.470
88	49.170
89	48.600
92	48.390
94	48.200
96	49.380
97	48.350
98	49.070
99	48.130
100	49.160
101	48.410
103	48.630
104	49.360
105	48.740
107	48.650
108	49.200
109	48.220
110	49.230
111	48.980
112	48.460
113	49.020
114	48.080
116	48.640
117	48.840
118	48.120
119	48.830
120	48.710
122	49.500
123	49.050
124	49.010
126	48.820
127	48.530
128	48.990
129	48.160
130	48.050
132	48.610
133	49.200
136	48.560
138	49.270
139	48.770
140	49.480
141	48.730
142	49.120
143	48.230
146	48.590
147	48.630
148	48.970
149	48.640
150	48.690
151	49.120
152	48.940
153	48.350
154	49.480
159	49.460
160	49.270
161	48.520
162	48.630
163	49.320
164	49.190
165	48.160
166	49.170
167	48.960
168	49.160
169	49.360
170	49.170
171	48.410
172	48.060
173	49.500
174	49.310
176	48.320
177	49.000
178	48.540
179	48.600
180	48.160
184	48.150
185	48.580
187	48.960
190	48.990
191	48.440
192	49.010
193	49.400
195	48.510
198	48.760
200	48.040
202	48.210
204	48.050
205	48.290
206	48.620
207	48.310
209	49.030
210	48.900
211	49.440
212	49.030
214	49.490
215	48.610
217	48.230
218	49.450
219	48.640
222	48.980
225	49.500
226	49.090
227	48.670
229	49.350
230	48.640
232	48.130
233	48.030
234	48.960
235	48.170
237	48.830
238	48.490
240	48.590
241	49.230
242	48.670
243	49.220
245	48.760
246	48.350
247	48.730
248	48.220
249	49.460
251	49.330
252	48.920
253	48.400
257	49.210
259	49.070
260	49.460
261	48.220
265	49.210
268	48.780
270	49.280
271	48.870
272	48.620
273	48.330
276	48.730
277	48.770
278	48.520
279	48.800
280	48.110
281	48.350
282	48.550
283	48.440
284	48.670
286	49.410
287	48.030
288	49.330
291	48.020
293	48.800
294	48.760
295	48.950
297	48.930
298	49.170
299	49.430
302	49.150
303	48.060
304	48.490
305	48.490
306	48.910
307	48.720
308	49.080
310	48.570
311	48.290
312	48.330
313	49.130
314	49.490
315	48.050
316	48.830
318	48.650
320	48.230
323	48.490
324	48.300
325	48.030
327	49.060
328	49.190
329	48.880
332	49.050
334	48.060
335	49.130
336	48.560
338	48.060
339	48.250
340	49.400
341	49.490
344	48.240
346	48.520
347	48.090
348	48.200
349	48.830
351	48.300
352	48.560
353	48.420
354	49.410
355	48.960
356	48.920
358	49.050
359	49.320
360	48.710
361	49.020
362	48.180
363	49.210
366	49.450
367	48.520
368	48.910
372	49.000
375	48.800
376	49.270
377	48.510
378	48.790
379	48.770
380	49.500
381	48.470
382	49.090
383	48.210
384	48.870
385	48.440
386	49.270
387	49.330
388	48.800
389	49.500
391	49.420
392	48.080
393	48.920
394	49.260
395	49.320
396	48.310
397	48.630
398	48.700
399	49.370
400	48.550
401	48.980
403	48.380
404	48.560
405	48.570
406	48.390
407	48.590
408	48.410
409	49.110
410	48.360
411	48.700
412	48.540
413	49.380
414	49.260
416	49.200
417	48.310
418	48.300
419	48.730
420	48.790
422	49.350
423	48.070
424	48.210
427	49.150
428	48.270
429	48.390
430	48.250
431	48.780
432	48.260
434	48.760
435	48.850
436	48.990
437	48.750
438	48.430
441	48.020
442	48.980
445	49.290
446	49.400
448	49.420
450	48.090
452	48.650
453	48.300
454	48.390
455	49.290
456	49.060
457	48.440
458	49.470
459	48.300
460	48.660
462	48.220
463	49.290
464	48.510
465	49.040
467	49.190
468	48.630
469	48.170
471	49.440
472	48.910
473	48.460
475	48.950
476	48.080
477	48.140
478	48.420
479	48.360
480	48.490
483	48.210
485	48.860
488	49.090
489	48.270
492	48.690
493	49.380
498	48.470
499	48.390
500	48.970
1	49.720
2	50.870
3	49.770
4	50.980
5	50.590
10	50.760
11	49.660
12	50.930
13	50.520
15	50.840
16	50.200
17	50.200
18	50.600
19	49.820
20	50.220
21	50.060
22	50.470
23	49.990
25	50.580
26	49.670
27	50.770
28	49.700
29	50.980
30	50.150
31	50.590
33	50.130
34	49.910
37	50.390
38	50.420
40	50.280
41	50.280
44	50.990
46	50.350
47	50.170
48	51.000
50	50.900
51	49.720
52	50.600
53	51.000
54	49.910
56	50.730
58	49.620
59	49.900
63	50.510
65	50.350
66	50.550
67	49.990
68	49.670
69	49.830
70	49.730
71	50.040
72	49.800
76	50.160
78	50.820
79	50.090
81	49.880
82	50.110
84	49.620
85	50.910
86	50.180
87	50.480
89	50.610
90	49.780
91	50.310
92	50.400
93	49.530
94	50.210
95	49.800
97	50.360
99	50.140
101	50.420
102	49.580
103	50.640
105	50.750
106	49.800
107	50.660
109	50.230
111	50.990
112	50.470
114	50.090
115	49.690
116	50.650
117	50.850
118	50.200
119	50.840
120	50.720
121	49.920
125	49.720
126	50.830
127	50.540
128	51.000
129	50.170
130	50.060
131	50.120
132	50.620
134	49.960
135	49.520
136	50.570
137	49.840
139	50.780
141	50.740
143	50.240
145	49.850
146	50.600
147	50.640
148	50.980
149	50.650
150	50.700
152	50.950
153	50.360
155	49.700
156	49.970
157	49.780
158	49.540
161	50.530
165	50.170
167	50.970
171	50.420
172	50.070
175	49.890
176	50.330
178	50.550
179	50.610
180	50.170
181	49.590
182	49.940
183	49.590
184	50.160
185	50.590
186	49.760
187	50.970
188	49.990
189	50.550
191	50.450
194	49.570
195	50.520
196	49.830
197	49.710
198	50.770
200	50.050
201	49.510
202	50.220
203	49.670
204	50.060
205	50.300
206	50.630
207	50.320
208	49.600
210	50.910
213	49.590
215	50.620
217	50.240
219	50.650
222	50.990
223	49.840
224	49.630
227	50.680
228	49.750
230	50.650
232	50.140
233	50.040
234	50.970
235	50.180
236	49.850
237	50.840
238	50.500
240	50.600
242	50.680
244	49.880
245	50.770
246	50.360
247	50.740
248	50.230
250	49.900
252	50.930
253	50.410
254	50.010
255	50.040
256	49.670
258	49.630
261	50.230
262	49.760
263	49.780
264	49.720
266	49.960
267	49.790
268	50.790
271	50.880
272	50.630
273	50.340
274	49.620
275	50.010
276	50.740
277	50.780
278	50.530
279	50.810
280	50.120
281	50.360
282	50.560
283	50.450
284	50.680
285	49.980
287	50.040
289	50.900
290	49.690
291	50.030
292	49.640
293	50.810
294	50.770
295	50.960
296	49.520
297	50.940
300	49.530
301	49.540
303	50.070
304	50.500
305	50.500
306	50.920
307	50.730
309	49.750
310	50.580
311	50.300
312	50.340
315	50.060
316	50.840
317	49.850
318	50.660
320	50.240
321	49.620
322	49.670
323	50.500
324	50.310
325	50.040
326	49.510
329	50.890
330	49.860
331	50.290
333	49.880
334	50.070
336	50.570
337	49.710
338	50.070
339	50.260
342	49.840
343	49.770
344	50.250
345	49.770
346	50.530
347	50.100
348	50.210
349	50.840
350	49.850
351	50.310
352	50.570
353	50.430
355	50.970
356	50.930
357	50.380
360	50.980
362	50.190
364	49.760
365	49.590
367	50.530
368	50.920
369	49.960
370	49.570
371	49.860
373	49.730
374	49.650
375	50.810
377	50.520
378	50.800
379	50.780
381	50.480
383	50.220
384	50.880
385	50.450
388	50.810
392	50.090
393	50.930
396	50.320
397	50.640
398	50.710
400	50.560
401	50.990
402	49.680
403	50.390
404	50.570
405	50.580
406	50.400
407	50.600
408	50.420
410	50.370
411	50.710
412	50.550
415	49.700
417	50.320
418	50.310
419	50.740
420	50.800
421	49.740
423	50.080
424	50.220
425	49.650
426	49.670
428	50.280
429	50.400
430	50.260
431	50.790
432	50.270
433	49.920
434	50.770
435	50.860
436	51.000
437	50.760
438	50.440
439	50.050
440	49.780
441	50.030
442	50.990
443	50.030
444	49.660
447	50.700
449	49.790
450	50.100
451	49.600
452	50.660
453	50.310
454	50.400
457	50.450
459	50.310
460	50.670
461	49.730
462	50.230
464	50.520
466	49.560
468	50.640
469	50.180
472	50.920
473	50.470
474	49.720
475	50.960
476	50.090
477	50.150
478	50.430
479	50.370
480	50.670
481	49.790
483	50.220
484	49.850
485	50.870
486	49.560
489	50.280
490	49.570
491	49.940
492	50.700
494	50.310
495	49.850
496	49.580
498	50.480
499	50.400
500	50.980
1	51.730
3	51.780
6	51.160
7	51.040
8	51.050
9	51.480
11	51.670
14	51.320
16	52.210
17	52.210
19	51.830
20	52.230
21	52.070
22	52.480
23	52.000
24	51.270
26	51.680
28	51.710
30	52.160
32	51.330
33	52.140
34	51.920
35	51.340
36	51.120
37	52.400
38	52.430
39	51.060
40	52.290
41	52.290
42	51.010
43	51.080
45	51.230
46	52.360
47	52.180
49	51.510
51	51.730
54	51.920
55	51.030
57	51.210
58	51.630
59	51.910
60	51.420
61	51.110
62	51.210
64	51.100
65	52.360
67	52.000
68	51.680
69	51.840
70	51.740
71	52.050
72	51.810
73	51.200
74	51.010
75	51.060
76	52.170
77	51.480
79	52.100
80	51.210
81	51.890
82	52.120
83	51.270
84	51.630
86	52.190
87	52.490
88	51.180
90	51.790
91	52.320
92	52.410
93	51.540
94	52.220
95	51.810
96	51.390
97	52.370
98	51.080
99	52.150
100	51.170
101	52.430
102	51.590
104	51.370
106	51.810
108	51.210
109	52.240
110	51.240
113	51.030
114	52.100
115	51.700
118	52.210
121	51.930
122	51.510
123	51.060
124	51.020
125	51.730
129	52.180
130	52.070
131	52.130
133	51.210
134	51.970
135	51.530
137	51.850
138	51.280
140	51.490
142	51.130
143	52.250
145	51.860
151	51.130
153	52.370
154	51.490
155	51.710
156	51.980
157	51.790
158	51.550
159	51.470
160	51.280
162	51.200
163	51.330
164	51.200
165	52.180
166	51.180
168	51.170
169	51.370
170	51.180
171	52.430
172	52.080
173	51.510
174	51.320
175	51.900
176	52.340
177	51.010
180	52.180
181	51.600
182	51.950
183	51.600
184	52.170
186	51.770
188	52.000
190	51.410
191	52.460
192	51.020
193	51.410
194	51.580
196	51.840
197	51.720
199	51.570
200	52.060
201	51.520
202	52.230
203	51.680
204	52.070
205	52.310
207	52.330
208	51.610
209	51.040
211	51.450
212	51.040
213	51.600
214	51.500
216	51.570
217	52.250
218	51.460
221	52.230
223	51.850
224	51.640
225	51.510
226	51.100
228	51.760
229	51.360
232	52.150
233	52.050
235	52.190
236	51.860
241	51.500
243	51.230
244	51.890
246	52.370
248	52.240
249	51.470
250	51.910
251	51.340
253	52.420
254	52.020
255	52.050
256	51.680
257	51.220
258	51.640
259	51.080
260	51.470
261	52.240
262	51.770
263	51.790
264	51.730
265	51.220
266	51.970
267	51.800
269	51.460
270	51.290
273	52.350
274	51.630
275	52.020
280	52.130
281	52.370
283	52.460
285	51.990
286	51.420
287	52.050
288	51.340
290	51.700
291	52.040
292	51.650
296	51.530
298	51.180
299	51.440
300	51.540
301	51.550
302	51.160
303	52.080
308	51.090
309	51.760
311	52.310
312	52.350
313	51.140
314	51.500
315	52.070
317	51.860
320	52.250
321	51.630
322	51.680
324	52.320
325	52.050
326	51.520
327	51.070
328	51.200
330	51.870
331	52.300
332	51.060
333	51.890
334	52.080
335	51.140
337	51.720
338	52.080
339	52.270
340	51.410
341	51.500
342	51.850
343	51.780
344	52.260
345	51.780
347	52.110
348	52.220
350	51.860
351	52.320
353	52.440
354	51.420
357	52.390
358	51.060
359	51.330
361	51.030
362	52.200
363	51.220
364	51.770
365	51.600
366	51.460
369	51.970
370	51.580
371	51.870
372	51.010
373	51.740
374	51.660
376	51.280
380	51.510
381	52.490
382	51.100
383	52.230
385	52.460
386	51.280
387	51.340
389	51.510
390	52.210
391	51.430
392	52.100
394	51.270
395	51.330
396	52.330
399	51.380
402	51.690
403	52.400
406	52.410
408	52.430
409	51.120
410	52.380
413	51.390
414	51.270
415	51.710
416	51.210
417	52.330
418	52.320
421	51.750
422	51.360
423	52.090
424	52.230
425	51.660
426	51.680
427	51.160
428	52.290
429	52.410
430	52.270
432	52.280
433	51.930
438	52.450
439	52.060
440	51.790
441	52.040
443	52.040
444	51.670
445	51.300
446	51.410
448	51.430
449	51.800
450	52.110
451	51.610
453	52.320
454	52.410
455	51.300
456	51.070
457	52.460
458	51.480
459	52.320
461	51.740
462	52.240
463	51.300
465	51.050
466	51.570
467	51.200
469	52.190
470	51.370
471	51.450
473	52.480
474	51.730
476	52.100
477	52.160
478	52.440
479	52.380
481	51.800
483	52.230
484	51.860
486	51.570
487	51.260
488	51.100
489	52.290
490	51.580
491	51.950
493	51.390
494	52.320
495	51.860
496	51.590
497	52.440
498	52.490
499	52.410
1	53.740
2	52.880
3	53.790
4	52.990
5	52.600
6	53.170
7	53.050
8	53.060
9	53.490
10	52.770
11	53.680
12	52.940
13	52.530
14	53.330
15	52.850
18	52.610
19	53.840
24	53.280
25	52.590
26	53.690
27	52.780
28	53.720
29	52.990
31	52.600
32	53.340
34	53.930
35	53.350
36	53.130
39	53.070
42	53.020
43	53.090
44	53.000
45	53.240
48	53.010
49	53.520
50	52.910
51	53.740
52	52.610
53	53.010
54	53.930
55	53.040
56	52.740
57	53.220
58	53.640
59	53.920
60	53.430
61	53.120
62	53.220
63	52.520
64	53.110
66	52.560
68	53.690
69	53.850
70	53.750
72	53.820
73	53.210
74	53.020
75	53.070
77	53.490
78	52.830
80	53.220
81	53.900
83	53.280
84	53.640
85	52.920
88	53.190
89	52.620
90	53.800
93	53.550
95	53.820
96	53.400
98	53.090
100	53.180
102	53.600
103	52.650
104	53.380
105	52.760
106	53.820
107	52.670
108	53.220
110	53.250
111	53.000
113	53.040
115	53.710
116	52.660
117	52.860
119	52.850
120	52.730
121	53.940
122	53.520
123	53.070
124	53.030
125	53.740
126	52.840
127	52.550
128	53.010
132	52.630
133	53.220
134	53.980
135	53.540
136	52.580
137	53.860
138	53.290
139	52.790
140	53.500
141	52.750
142	53.140
144	53.070
145	53.870
146	52.610
147	52.650
148	52.990
149	52.660
150	52.710
151	53.140
152	52.960
154	53.500
155	53.720
156	53.990
157	53.800
158	53.560
159	53.480
160	53.290
161	52.540
162	53.210
163	53.340
164	53.210
166	53.190
167	52.980
168	53.180
169	53.380
170	53.190
173	53.520
174	53.330
175	53.910
177	53.020
178	52.560
179	52.620
181	53.610
182	53.960
183	53.610
185	52.600
186	53.780
187	52.980
189	52.560
190	53.420
192	53.030
193	53.420
194	53.590
195	52.530
196	53.850
197	53.730
198	52.780
199	53.580
201	53.530
203	53.690
206	52.640
208	53.620
209	53.050
210	52.920
211	53.460
212	53.050
213	53.610
214	53.510
215	52.630
216	53.580
218	53.470
219	52.660
222	53.000
223	53.860
224	53.650
225	53.520
226	53.110
227	52.690
228	53.770
229	53.370
230	52.660
231	52.820
234	52.980
236	53.870
237	52.850
238	52.510
239	53.100
240	52.610
241	53.510
242	52.690
243	53.240
244	53.900
245	52.780
247	52.750
249	53.480
250	53.920
251	53.350
252	52.940
256	53.690
257	53.230
258	53.650
259	53.090
260	53.480
262	53.780
263	53.800
264	53.740
265	53.230
266	53.980
267	53.810
268	52.800
269	53.470
270	53.300
271	52.890
272	52.640
274	53.640
276	52.750
277	52.790
278	52.540
279	52.820
282	52.570
284	52.690
285	54.000
286	53.430
288	53.350
289	52.910
290	53.710
292	53.660
293	52.820
294	52.780
295	52.970
296	53.540
297	52.950
298	53.190
299	53.450
300	53.550
301	53.560
302	53.170
304	52.510
305	52.510
306	52.930
307	52.740
308	53.100
309	53.770
310	52.590
313	53.150
314	53.510
316	52.850
317	53.870
318	52.670
319	53.140
321	53.640
322	53.690
323	52.510
326	53.530
327	53.080
328	53.210
329	52.900
330	53.880
332	53.070
333	53.900
335	53.150
336	52.580
337	53.730
340	53.420
341	53.510
342	53.860
343	53.790
345	53.790
346	52.540
349	52.850
350	53.870
352	52.580
354	53.430
355	52.980
356	52.940
358	53.070
359	53.340
360	52.990
361	53.040
363	53.230
364	53.780
365	53.610
366	53.470
367	52.540
368	52.930
369	53.980
370	53.590
371	53.880
372	53.020
373	53.750
374	53.670
375	52.820
376	53.290
377	52.530
378	52.810
379	52.790
380	53.520
382	53.110
384	52.890
386	53.290
387	53.350
388	52.820
389	53.520
391	53.440
393	52.940
394	53.280
395	53.340
397	52.650
398	52.720
399	53.390
400	52.570
401	53.000
402	53.700
404	52.580
405	52.590
407	52.610
409	53.130
411	52.720
412	52.560
413	53.400
414	53.280
415	53.720
416	53.220
419	52.750
420	52.810
421	53.760
422	53.370
425	53.670
426	53.690
427	53.170
431	52.800
433	53.940
434	52.780
435	52.870
436	53.010
437	52.770
440	53.800
442	53.000
444	53.680
445	53.310
446	53.420
447	52.710
448	53.440
449	53.810
451	53.620
452	52.670
455	53.310
456	53.080
458	53.490
460	52.680
461	53.750
463	53.310
464	52.530
465	53.060
466	53.580
467	53.210
468	52.650
470	53.380
471	53.460
472	52.930
474	53.740
475	52.970
480	52.680
481	53.810
482	52.760
484	53.870
485	52.880
486	53.580
487	53.270
488	53.110
490	53.590
491	53.960
492	52.710
493	53.400
495	53.870
496	53.600
500	52.990
2	54.890
4	55.000
5	54.610
6	55.180
7	55.060
8	55.070
9	55.500
10	54.780
12	54.950
13	54.540
14	55.340
15	54.860
16	54.220
17	54.220
18	54.620
20	54.240
21	54.080
22	54.490
23	54.010
24	55.290
25	54.600
27	54.790
29	55.000
30	54.170
31	54.610
32	55.350
33	54.150
35	55.360
36	55.140
37	54.410
38	54.440
39	55.080
40	54.300
41	54.300
42	55.030
43	55.100
44	55.010
45	55.250
46	54.370
47	54.190
48	55.020
50	54.920
52	54.620
53	55.020
55	55.050
56	54.750
57	55.230
60	55.440
61	55.130
62	55.230
63	54.530
64	55.120
65	54.370
66	54.570
67	54.010
71	54.060
73	55.220
74	55.030
75	55.080
76	54.180
77	55.500
78	54.840
79	54.110
80	55.230
82	54.130
83	55.290
85	54.930
86	54.200
87	54.500
88	55.200
89	54.630
91	54.330
92	54.420
94	54.230
96	55.410
97	54.380
98	55.100
99	54.160
100	55.190
101	54.440
103	54.660
104	55.390
105	54.770
107	54.680
108	55.230
109	54.250
110	55.260
111	55.010
112	54.780
113	55.050
114	54.110
116	54.670
117	54.870
118	54.220
119	54.860
120	54.740
123	55.080
124	55.040
126	54.850
127	54.560
128	55.020
129	54.190
130	54.080
131	54.140
132	54.640
133	55.230
136	54.590
138	55.300
139	54.800
141	54.760
142	55.150
143	54.260
144	55.080
146	54.620
147	54.660
148	55.000
149	54.670
150	54.720
151	55.150
152	54.970
153	54.380
159	55.490
160	55.300
161	54.550
162	55.220
163	55.350
164	55.220
165	54.190
166	55.200
167	54.990
168	55.190
169	55.390
170	55.200
171	54.440
172	54.090
174	55.340
176	54.350
177	55.030
178	54.570
179	54.630
180	54.190
184	54.180
185	54.610
187	54.990
188	54.010
189	54.570
190	55.430
191	54.470
192	55.040
193	55.430
195	54.540
198	54.790
200	54.070
202	54.240
204	54.080
205	54.320
206	54.650
207	54.340
209	55.060
210	54.930
211	55.470
212	55.060
215	54.640
217	54.260
218	55.480
219	54.670
220	54.690
221	54.240
222	55.010
226	55.120
227	54.700
229	55.380
230	54.670
231	54.830
232	54.160
233	54.060
234	54.990
235	54.200
237	54.860
238	54.520
239	55.110
240	54.620
242	54.700
243	55.250
245	54.790
246	54.380
247	54.760
248	54.250
249	55.490
251	55.360
252	54.950
253	54.430
254	54.030
255	54.060
257	55.240
259	55.100
260	55.490
261	54.250
265	55.240
268	54.810
269	55.480
270	55.310
271	54.900
272	54.650
273	54.360
275	54.030
276	54.760
277	54.800
278	54.550
279	54.830
280	54.140
281	54.380
282	54.580
283	54.470
284	54.700
286	55.440
287	54.060
288	55.360
289	54.920
291	54.050
293	54.830
294	54.790
295	54.980
297	54.960
298	55.200
299	55.460
302	55.180
303	54.090
304	54.520
305	54.520
306	54.940
307	54.750
308	55.110
310	54.600
311	54.320
312	54.360
313	55.160
315	54.080
316	54.860
318	54.680
319	55.150
320	54.260
323	54.520
324	54.330
325	54.060
327	55.090
328	55.220
329	54.910
331	54.310
332	55.080
334	54.090
335	55.160
336	54.590
338	54.090
339	54.280
340	55.430
344	54.270
346	54.550
347	54.120
348	54.230
349	54.860
351	54.330
352	54.590
353	54.450
354	55.440
355	54.990
356	54.950
357	54.400
358	55.080
359	55.350
360	55.000
361	55.050
362	54.210
363	55.240
366	55.480
367	54.550
368	54.940
372	55.030
375	54.830
376	55.300
377	54.540
378	54.820
379	54.800
381	54.500
382	55.120
383	54.240
384	54.900
385	54.470
386	55.300
387	55.360
388	54.830
390	54.220
391	55.450
392	54.110
393	54.950
394	55.290
395	55.350
396	54.340
397	54.660
398	54.730
399	55.400
400	54.580
401	55.010
403	54.410
404	54.590
405	54.600
406	54.420
407	54.620
408	54.440
409	55.140
410	54.390
411	54.730
412	54.570
413	55.410
414	55.290
416	55.230
417	54.340
418	54.330
419	54.760
420	54.820
422	55.380
423	54.100
424	54.240
427	55.180
428	54.300
429	54.420
430	54.280
431	54.810
432	54.290
434	54.790
435	54.880
436	55.020
437	54.780
438	54.460
439	54.070
441	54.050
442	55.010
443	54.050
445	55.320
446	55.430
447	54.720
448	55.450
450	54.120
452	54.680
453	54.330
454	54.420
455	55.320
456	55.090
457	54.470
458	55.500
459	54.330
460	54.690
462	54.250
463	55.320
464	54.540
465	55.070
467	55.220
468	54.660
469	54.200
470	55.390
471	55.470
472	54.940
473	54.490
475	54.980
476	54.110
477	54.170
478	54.450
479	54.390
480	54.690
482	54.770
483	54.240
485	54.890
487	55.280
488	55.120
489	54.300
492	54.720
493	55.410
494	54.330
497	54.450
498	54.500
499	54.420
500	55.000
1	55.750
2	56.900
3	55.800
5	56.620
10	56.790
11	55.690
12	56.960
13	56.550
15	56.870
16	56.230
17	56.230
18	56.630
19	55.850
20	56.250
21	56.090
22	56.500
23	56.020
25	56.610
26	55.700
27	56.800
28	55.730
30	56.180
31	56.620
33	56.160
34	55.940
37	56.420
38	56.450
40	56.310
41	56.310
46	56.380
47	56.200
49	55.530
50	56.930
51	55.750
52	56.630
54	55.940
56	56.760
58	55.650
59	55.930
63	56.540
65	56.380
66	56.580
67	56.020
68	55.700
69	55.860
70	55.760
71	56.070
72	55.830
76	56.190
78	56.850
79	56.120
81	55.910
82	56.140
84	55.650
85	56.940
86	56.210
87	56.510
89	56.640
90	55.810
91	56.340
92	56.430
93	55.560
94	56.240
95	55.830
97	56.390
99	56.170
101	56.450
102	55.610
103	56.670
105	56.780
106	55.830
107	56.690
109	56.260
112	56.790
114	56.120
115	55.720
116	56.680
117	56.880
118	56.230
119	56.870
120	56.750
121	55.950
122	55.530
125	55.750
126	56.860
127	56.570
129	56.200
130	56.090
131	56.150
132	56.650
134	55.990
135	55.550
136	56.600
137	55.870
139	56.810
140	55.510
141	56.770
143	56.270
145	55.880
146	56.630
147	56.670
149	56.680
150	56.730
152	56.980
153	56.390
154	55.510
155	55.730
156	56.000
157	55.810
158	55.570
161	56.560
165	56.200
167	57.000
171	56.450
172	56.100
173	55.530
175	55.920
176	56.360
178	56.580
179	56.640
180	56.200
181	55.620
182	55.970
183	55.620
184	56.190
185	56.620
186	55.790
187	57.000
188	56.020
189	56.580
191	56.480
194	55.600
195	56.550
196	55.860
197	55.740
198	56.800
199	55.590
200	56.080
201	55.540
202	56.250
203	55.700
204	56.090
205	56.330
206	56.660
207	56.350
208	55.630
210	56.940
213	55.620
214	55.520
215	56.650
216	55.590
217	56.270
219	56.680
220	56.700
221	56.250
223	55.870
224	55.660
225	55.530
227	56.710
228	55.780
230	56.680
231	56.840
232	56.170
233	56.070
234	57.000
235	56.210
236	55.880
237	56.870
238	56.530
240	56.630
241	55.520
242	56.710
244	55.910
245	56.800
246	56.390
247	56.770
248	56.260
250	55.930
252	56.960
253	56.440
254	56.040
255	56.070
256	55.700
258	55.660
261	56.260
262	55.790
263	55.810
264	55.750
266	55.990
267	55.820
268	56.820
271	56.910
272	56.660
273	56.370
274	55.650
275	56.040
276	56.770
277	56.810
278	56.560
279	56.840
280	56.150
281	56.390
282	56.590
283	56.480
284	56.710
285	56.010
287	56.070
289	56.930
290	55.720
291	56.060
292	55.670
293	56.840
294	56.800
295	56.990
296	55.550
297	56.970
300	55.560
301	55.570
303	56.100
304	56.530
305	56.530
306	56.950
307	56.760
309	55.780
310	56.610
311	56.330
312	56.370
314	55.520
315	56.090
316	56.870
317	55.880
318	56.690
320	56.270
321	55.650
322	55.700
323	56.530
324	56.340
325	56.070
326	55.540
329	56.920
330	55.890
331	56.320
333	55.910
334	56.100
336	56.600
337	55.740
338	56.100
339	56.290
341	55.520
342	55.870
343	55.800
344	56.280
345	55.800
346	56.560
347	56.130
348	56.240
349	56.870
350	55.880
351	56.340
352	56.600
353	56.460
355	57.000
356	56.960
357	56.410
362	56.220
364	55.790
365	55.620
367	56.560
368	56.950
369	55.990
370	55.600
371	55.890
373	55.760
374	55.680
375	56.840
377	56.550
378	56.830
379	56.810
380	55.530
381	56.510
383	56.250
384	56.910
385	56.480
388	56.840
389	55.530
390	56.230
392	56.120
393	56.960
396	56.350
397	56.670
398	56.740
400	56.590
402	55.710
403	56.420
404	56.600
405	56.610
406	56.430
407	56.630
408	56.450
410	56.400
411	56.740
412	56.580
415	55.730
417	56.350
418	56.340
419	56.770
420	56.830
421	55.770
423	56.110
424	56.250
425	55.680
426	55.700
428	56.310
429	56.430
430	56.290
431	56.820
432	56.300
433	55.950
434	56.800
435	56.890
437	56.790
438	56.470
439	56.080
440	55.810
441	56.060
443	56.060
444	55.690
447	56.730
449	55.820
450	56.130
451	55.630
452	56.690
453	56.340
454	56.430
457	56.480
459	56.340
460	56.700
461	55.760
462	56.260
464	56.550
466	55.590
468	56.670
469	56.210
472	56.950
473	56.500
474	55.750
475	56.990
476	56.120
477	56.180
478	56.460
479	56.400
480	56.700
481	55.820
482	56.780
483	56.250
484	55.880
485	56.900
486	55.590
489	56.310
490	55.600
491	55.970
492	56.730
494	56.340
495	55.880
496	55.610
497	56.460
498	56.510
499	56.430
1	57.760
3	57.810
4	57.010
6	57.190
7	57.070
8	57.080
9	57.510
11	57.700
14	57.350
16	58.240
17	58.240
19	57.860
20	58.260
21	58.100
23	58.030
24	57.300
26	57.710
28	57.740
29	57.010
30	58.190
32	57.360
33	58.170
34	57.950
35	57.370
36	57.150
37	58.430
38	58.460
39	57.090
40	58.320
41	58.320
42	57.040
43	57.110
44	57.020
45	57.260
46	58.390
47	58.210
48	57.030
49	57.540
51	57.760
53	57.030
54	57.950
55	57.060
57	57.240
58	57.660
59	57.940
60	57.450
61	57.140
62	57.240
64	57.130
65	58.390
67	58.030
68	57.710
69	57.870
70	57.770
71	58.080
72	57.840
73	57.230
74	57.040
75	57.090
76	58.200
77	57.510
79	58.130
80	57.240
81	57.920
82	58.150
83	57.300
84	57.660
86	58.220
88	57.210
90	57.820
91	58.350
92	58.440
93	57.570
94	58.250
95	57.840
96	57.420
97	58.400
98	57.110
99	58.180
100	57.200
101	58.460
102	57.620
104	57.400
106	57.840
108	57.240
109	58.270
110	57.270
111	57.020
113	57.060
114	58.130
115	57.730
118	58.240
121	57.960
122	57.540
123	57.090
124	57.050
125	57.760
128	57.030
129	58.210
130	58.100
131	58.160
133	57.240
134	58.000
135	57.560
137	57.880
138	57.310
140	57.520
142	57.160
143	58.280
144	57.090
145	57.890
148	57.010
151	57.160
153	58.400
154	57.520
155	57.740
156	58.010
157	57.820
158	57.580
159	57.500
160	57.310
162	57.230
163	57.360
164	57.230
165	58.210
166	57.210
168	57.200
169	57.400
170	57.210
171	58.460
172	58.110
173	57.540
174	57.350
175	57.930
176	58.370
177	57.040
180	58.210
181	57.630
182	57.980
183	57.630
184	58.200
186	57.800
188	58.030
190	57.440
191	58.490
192	57.050
193	57.440
194	57.610
196	57.870
197	57.750
199	57.600
200	58.090
201	57.550
202	58.260
203	57.710
204	58.100
205	58.340
207	58.360
208	57.640
209	57.070
211	57.480
212	57.070
213	57.630
214	57.530
216	57.600
217	58.280
218	57.490
221	58.260
222	57.020
223	57.880
224	57.670
225	57.540
226	57.130
228	57.790
229	57.390
232	58.180
233	58.080
235	58.220
236	57.890
239	57.120
241	57.530
243	57.260
244	57.920
246	58.400
248	58.270
249	57.500
250	57.940
251	57.370
253	58.450
254	58.050
255	58.080
256	57.710
257	57.250
258	57.670
259	57.110
260	57.500
261	58.270
262	57.800
263	57.820
264	57.760
265	57.250
266	58.000
267	57.830
269	57.490
270	57.320
273	58.380
274	57.660
275	58.050
280	58.160
281	58.400
283	58.490
285	58.020
286	57.450
287	58.080
288	57.370
290	57.730
291	58.070
292	57.680
296	57.560
298	57.210
299	57.470
300	57.570
301	57.580
302	57.190
303	58.110
308	57.120
309	57.790
311	58.340
312	58.380
313	57.170
314	57.530
315	58.100
317	57.890
319	57.160
320	58.280
321	57.660
322	57.710
324	58.350
325	58.080
326	57.550
327	57.100
328	57.230
330	57.900
331	58.330
332	57.090
333	57.920
334	58.110
335	57.170
337	57.750
338	58.110
339	58.300
340	57.440
341	57.530
342	57.880
343	57.810
344	58.290
345	57.810
347	58.140
348	58.250
350	57.890
351	58.350
353	58.470
354	57.450
357	58.420
358	57.090
359	57.360
360	57.010
361	57.060
362	58.230
363	57.250
364	57.800
365	57.630
366	57.490
369	58.000
370	57.610
371	57.900
372	57.040
373	57.770
374	57.690
376	57.310
380	57.540
382	57.130
383	58.260
385	58.490
386	57.310
387	57.370
389	57.540
390	58.240
391	57.460
392	58.130
394	57.300
395	57.360
396	58.360
399	57.410
401	57.020
402	57.720
403	58.430
406	58.440
408	58.460
409	57.150
410	58.410
413	57.420
414	57.300
415	57.740
416	57.240
417	58.360
418	58.350
421	57.780
422	57.390
423	58.120
424	58.260
425	57.690
426	57.710
427	57.190
428	58.320
429	58.440
430	58.300
432	58.310
433	57.960
436	57.030
438	58.480
439	58.090
440	57.820
441	58.070
442	57.020
443	58.070
444	57.700
445	57.330
446	57.440
448	57.460
449	57.830
450	58.140
451	57.640
453	58.350
454	58.440
455	57.330
456	57.100
457	58.490
458	57.510
459	58.350
461	57.770
462	58.270
463	57.330
465	57.080
466	57.600
467	57.230
469	58.220
470	57.400
471	57.480
474	57.760
476	58.130
477	58.190
478	58.470
479	58.410
481	57.830
483	58.260
484	57.890
486	57.600
487	57.290
488	57.130
489	58.320
490	57.610
491	57.980
493	57.420
494	58.350
495	57.890
496	57.620
497	58.470
499	58.440
500	57.010
1	59.770
2	58.910
3	59.820
4	59.020
5	58.630
6	59.200
7	59.080
8	59.090
9	59.520
10	58.800
11	59.710
12	58.970
13	58.560
14	59.360
15	58.880
18	58.640
19	59.870
22	58.510
24	59.310
25	58.620
26	59.720
27	58.810
28	59.750
29	59.020
31	58.630
32	59.370
34	59.960
35	59.380
36	59.160
39	59.100
42	59.050
43	59.120
44	59.030
45	59.270
48	59.040
49	59.550
50	58.940
51	59.770
52	58.640
53	59.040
54	59.960
55	59.070
56	58.770
57	59.250
58	59.670
59	59.950
60	59.460
61	59.150
62	59.250
63	58.550
64	59.140
66	58.590
68	59.720
69	59.880
70	59.780
72	59.850
73	59.240
74	59.050
75	59.100
77	59.520
78	58.860
80	59.250
81	59.930
83	59.310
84	59.670
85	58.950
87	58.520
88	59.220
89	58.650
90	59.830
93	59.580
95	59.850
96	59.430
98	59.120
100	59.210
102	59.630
103	58.680
104	59.410
105	58.790
106	59.850
107	58.700
108	59.250
110	59.280
111	59.030
112	58.800
113	59.070
115	59.740
116	58.690
117	58.890
119	58.880
120	58.760
121	59.970
122	59.550
123	59.100
124	59.060
125	59.770
126	58.870
127	58.580
128	59.040
132	58.660
133	59.250
135	59.570
136	58.610
137	59.890
138	59.320
139	58.820
140	59.530
141	58.780
142	59.170
144	59.100
145	59.900
146	58.640
147	58.680
148	59.020
149	58.690
150	58.740
151	59.170
152	58.990
154	59.530
155	59.750
157	59.830
158	59.590
159	59.510
160	59.320
161	58.570
162	59.240
163	59.370
164	59.240
166	59.220
167	59.010
168	59.210
169	59.410
170	59.220
173	59.550
174	59.360
175	59.940
177	59.050
178	58.590
179	58.650
181	59.640
182	59.990
183	59.640
185	58.630
186	59.810
187	59.010
189	58.590
190	59.450
192	59.060
193	59.450
194	59.620
195	58.560
196	59.880
197	59.760
198	58.810
199	59.610
201	59.560
203	59.720
206	58.670
208	59.650
209	59.080
210	58.950
211	59.490
212	59.080
213	59.640
214	59.540
215	58.660
216	59.610
218	59.500
219	58.690
220	58.710
222	59.030
223	59.890
224	59.680
225	59.550
226	59.140
227	58.720
228	59.800
229	59.400
230	58.690
231	58.850
234	59.010
236	59.900
237	58.880
238	58.540
239	59.130
240	58.640
241	59.540
242	58.720
243	59.270
244	59.930
245	58.810
247	58.780
249	59.510
250	59.950
251	59.380
252	58.970
256	59.720
257	59.260
258	59.680
259	59.120
260	59.510
262	59.810
263	59.830
264	59.770
265	59.260
267	59.840
268	58.830
269	59.500
270	59.330
271	58.920
272	58.670
274	59.670
276	58.780
277	58.820
278	58.570
279	58.850
282	58.600
284	58.720
286	59.460
288	59.380
289	58.940
290	59.740
292	59.690
293	58.850
294	58.810
295	59.000
296	59.570
297	58.980
298	59.220
299	59.480
300	59.580
301	59.590
302	59.200
304	58.540
305	58.540
306	58.960
307	58.770
308	59.130
309	59.800
310	58.620
313	59.180
314	59.540
316	58.880
317	59.900
318	58.700
319	59.170
321	59.670
322	59.720
323	58.540
326	59.560
327	59.110
328	59.240
329	58.930
330	59.910
332	59.100
333	59.930
335	59.180
336	58.610
337	59.760
340	59.450
341	59.540
342	59.890
343	59.820
345	59.820
346	58.570
349	58.880
350	59.900
352	58.610
354	59.460
355	59.010
356	58.970
358	59.100
359	59.370
360	59.020
361	59.070
363	59.260
364	59.810
365	59.640
366	59.500
367	58.570
368	58.960
370	59.620
371	59.910
372	59.050
373	59.780
374	59.700
375	58.850
376	59.320
377	58.560
378	58.840
379	58.820
380	59.550
381	58.520
382	59.140
384	58.920
386	59.320
387	59.380
388	58.850
389	59.550
391	59.470
393	58.970
394	59.310
395	59.370
397	58.680
398	58.750
399	59.420
400	58.600
401	59.030
402	59.730
404	58.610
405	58.620
407	58.640
409	59.160
411	58.750
412	58.590
413	59.430
414	59.310
415	59.750
416	59.250
419	58.780
420	58.840
421	59.790
422	59.400
425	59.700
426	59.720
427	59.200
431	58.830
433	59.970
434	58.810
435	58.900
436	59.040
437	58.800
440	59.830
442	59.030
444	59.710
445	59.340
446	59.450
447	58.740
448	59.470
449	59.840
451	59.650
452	58.700
455	59.340
456	59.110
458	59.520
460	58.710
461	59.780
463	59.340
464	58.560
465	59.090
466	59.610
467	59.240
468	58.680
470	59.410
471	59.490
472	58.960
473	58.510
474	59.770
475	59.000
480	58.710
481	59.840
482	58.790
484	59.900
485	58.910
486	59.610
487	59.300
488	59.140
490	59.620
491	59.990
492	58.740
493	59.430
495	59.900
496	59.630
498	58.520
500	59.020
2	60.920
4	61.030
5	60.640
6	61.210
7	61.090
8	61.100
10	60.810
12	60.980
13	60.570
14	61.370
15	60.890
16	60.250
17	60.250
18	60.650
20	60.270
21	60.110
22	60.520
23	60.040
24	61.320
25	60.630
27	60.820
29	61.030
30	60.200
31	60.640
32	61.380
33	60.180
35	61.390
36	61.170
37	60.440
38	60.470
39	61.110
40	60.330
41	60.330
42	61.060
43	61.130
44	61.040
45	61.280
46	60.400
47	60.220
48	61.050
50	60.950
52	60.650
53	61.050
55	61.080
56	60.780
57	61.260
60	61.470
61	61.160
62	61.260
63	60.560
64	61.150
65	60.400
66	60.600
67	60.040
71	60.090
73	61.250
74	61.060
75	61.110
76	60.210
78	60.870
79	60.140
80	61.260
82	60.160
83	61.320
85	60.960
86	60.230
87	60.530
88	61.230
89	60.660
91	60.360
92	60.450
94	60.260
96	61.440
97	60.410
98	61.130
99	60.190
100	61.220
101	60.470
103	60.690
104	61.420
105	60.800
107	60.710
108	61.260
109	60.280
110	61.290
111	61.040
112	60.810
113	61.080
114	60.140
116	60.700
117	60.900
118	60.250
119	60.890
120	60.770
123	61.110
124	61.070
126	60.880
127	60.590
128	61.050
129	60.220
130	60.110
131	60.170
132	60.670
133	61.260
134	60.010
136	60.620
138	61.330
139	60.830
141	60.790
142	61.180
143	60.290
144	61.110
146	60.650
147	60.690
148	61.030
149	60.700
150	60.750
151	61.180
152	61.000
153	60.410
156	60.020
160	61.330
161	60.580
162	61.250
163	61.380
164	61.250
165	60.220
166	61.230
167	61.020
168	61.220
169	61.420
170	61.230
171	60.470
172	60.120
174	61.370
176	60.380
177	61.060
178	60.600
179	60.660
180	60.220
184	60.210
185	60.640
187	61.020
188	60.040
189	60.600
190	61.460
191	60.500
192	61.070
193	61.460
195	60.570
198	60.820
200	60.100
202	60.270
204	60.110
205	60.350
206	60.680
207	60.370
209	61.090
210	60.960
211	61.500
212	61.090
215	60.670
217	60.290
219	60.700
220	60.720
221	60.270
222	61.040
226	61.150
227	60.730
229	61.410
230	60.700
231	60.860
232	60.190
233	60.090
234	61.020
235	60.230
237	60.890
238	60.550
239	61.140
240	60.650
242	60.730
243	61.280
245	60.820
246	60.410
247	60.790
248	60.280
251	61.390
252	60.980
253	60.460
254	60.060
255	60.090
257	61.270
259	61.130
261	60.280
265	61.270
266	60.010
268	60.840
270	61.340
271	60.930
272	60.680
273	60.390
275	60.060
276	60.790
277	60.830
278	60.580
279	60.860
280	60.170
281	60.410
282	60.610
283	60.500
284	60.730
285	60.030
286	61.470
287	60.090
288	61.390
289	60.950
291	60.080
293	60.860
294	60.820
295	61.010
297	60.990
298	61.230
299	61.490
302	61.210
303	60.120
304	60.550
305	60.550
306	60.970
307	60.780
308	61.140
310	60.630
311	60.350
312	60.390
313	61.190
315	60.110
316	60.890
318	60.710
319	61.180
320	60.290
323	60.550
324	60.360
325	60.090
327	61.120
328	61.250
329	60.940
331	60.340
332	61.110
334	60.120
335	61.190
336	60.620
338	60.120
339	60.310
340	61.460
344	60.300
346	60.580
347	60.150
348	60.260
349	60.890
351	60.360
352	60.620
353	60.480
354	61.470
355	61.020
356	60.980
357	60.430
358	61.110
359	61.380
360	61.030
361	61.080
362	60.240
363	61.270
367	60.580
368	60.970
369	60.010
372	61.060
375	60.860
376	61.330
377	60.570
378	60.850
379	60.830
381	60.530
382	61.150
383	60.270
384	60.930
385	60.500
386	61.330
387	61.390
388	60.860
390	60.250
391	61.480
392	60.140
393	60.980
394	61.320
395	61.380
396	60.370
397	60.690
398	60.760
399	61.430
400	60.610
401	61.040
403	60.440
404	60.620
405	60.630
406	60.450
407	60.650
408	60.470
409	61.170
410	60.420
411	60.760
412	60.600
413	61.440
414	61.320
416	61.260
417	60.370
418	60.360
419	60.790
420	60.850
422	61.410
423	60.130
424	60.270
427	61.210
428	60.330
429	60.450
430	60.310
431	60.840
432	60.320
434	60.820
435	60.910
436	61.050
437	60.810
438	60.490
439	60.100
441	60.080
442	61.040
443	60.080
445	61.350
446	61.460
447	60.750
448	61.480
450	60.150
452	60.710
453	60.360
454	60.450
455	61.350
456	61.120
457	60.500
459	60.360
460	60.720
462	60.280
463	61.350
464	60.570
465	61.100
467	61.250
468	60.690
469	60.230
470	61.420
471	61.500
472	60.970
473	60.520
475	61.010
476	60.140
477	60.200
478	60.480
479	60.420
480	60.720
482	60.800
483	60.270
485	60.920
487	61.310
488	61.150
489	60.330
492	60.750
493	61.440
494	60.360
497	60.480
498	60.530
499	60.450
500	61.030
1	61.780
2	62.930
3	61.830
5	62.650
9	61.530
10	62.820
11	61.720
12	62.990
13	62.580
15	62.900
16	62.260
17	62.260
18	62.660
19	61.880
20	62.280
21	62.120
22	62.530
23	62.050
25	62.640
26	61.730
27	62.830
28	61.760
30	62.210
31	62.650
33	62.190
34	61.970
37	62.450
38	62.480
40	62.340
41	62.340
46	62.410
47	62.230
49	61.560
50	62.960
51	61.780
52	62.660
54	61.970
56	62.790
58	61.680
59	61.960
63	62.570
65	62.410
66	62.610
67	62.050
68	61.730
69	61.890
70	61.790
71	62.100
72	61.860
76	62.220
77	61.530
78	62.880
79	62.150
81	61.940
82	62.170
84	61.680
85	62.970
86	62.240
87	62.540
89	62.670
90	61.840
91	62.370
92	62.460
93	61.590
94	62.270
95	61.860
97	62.420
99	62.200
101	62.480
102	61.640
103	62.700
105	62.810
106	61.860
107	62.720
109	62.290
112	62.820
114	62.150
115	61.750
116	62.710
117	62.910
118	62.260
119	62.900
120	62.780
121	61.980
122	61.560
125	61.780
126	62.890
127	62.600
129	62.230
130	62.120
131	62.180
132	62.680
134	62.020
135	61.580
136	62.630
137	61.900
139	62.840
140	61.540
141	62.800
143	62.300
145	61.910
146	62.660
147	62.700
149	62.710
150	62.760
153	62.420
154	61.540
155	61.760
156	62.030
157	61.840
158	61.600
159	61.520
161	62.590
165	62.230
171	62.480
172	62.130
173	61.560
175	61.950
176	62.390
178	62.610
179	62.670
180	62.230
181	61.650
182	62.000
183	61.650
184	62.220
185	62.650
186	61.820
188	62.050
189	62.610
191	62.510
194	61.630
195	62.580
196	61.890
197	61.770
198	62.830
199	61.620
200	62.110
201	61.570
202	62.280
203	61.730
204	62.120
205	62.360
206	62.690
207	62.380
208	61.660
210	62.970
213	61.650
214	61.550
215	62.680
216	61.620
217	62.300
218	61.510
219	62.710
220	62.730
221	62.280
223	61.900
224	61.690
225	61.560
227	62.740
228	61.810
230	62.710
231	62.870
232	62.200
233	62.100
235	62.240
236	61.910
237	62.900
238	62.560
240	62.660
241	61.550
242	62.740
244	61.940
245	62.830
246	62.420
247	62.800
248	62.290
249	61.520
250	61.960
252	62.990
253	62.470
254	62.070
255	62.100
256	61.730
258	61.690
260	61.520
261	62.290
262	61.820
263	61.840
264	61.780
266	62.020
267	61.850
268	62.850
269	61.510
271	62.940
272	62.690
273	62.400
274	61.680
275	62.070
276	62.800
277	62.840
278	62.590
279	62.870
280	62.180
281	62.420
282	62.620
283	62.510
284	62.740
285	62.040
287	62.100
289	62.960
290	61.750
291	62.090
292	61.700
293	62.870
294	62.830
296	61.580
297	63.000
300	61.590
301	61.600
303	62.130
304	62.560
305	62.560
306	62.980
307	62.790
309	61.810
310	62.640
311	62.360
312	62.400
314	61.550
315	62.120
316	62.900
317	61.910
318	62.720
320	62.300
321	61.680
322	61.730
323	62.560
324	62.370
325	62.100
326	61.570
329	62.950
330	61.920
331	62.350
333	61.940
334	62.130
336	62.630
337	61.770
338	62.130
339	62.320
341	61.550
342	61.900
343	61.830
344	62.310
345	61.830
346	62.590
347	62.160
348	62.270
349	62.900
350	61.910
351	62.370
352	62.630
353	62.490
356	62.990
357	62.440
362	62.250
364	61.820
365	61.650
366	61.510
367	62.590
368	62.980
369	62.020
370	61.630
371	61.920
373	61.790
374	61.710
375	62.870
377	62.580
378	62.860
379	62.840
380	61.560
381	62.540
383	62.280
384	62.940
385	62.510
388	62.870
389	61.560
390	62.260
392	62.150
393	62.990
396	62.380
397	62.700
398	62.770
400	62.620
402	61.740
403	62.450
404	62.630
405	62.640
406	62.460
407	62.660
408	62.480
410	62.430
411	62.770
412	62.610
415	61.760
417	62.380
418	62.370
419	62.800
420	62.860
421	61.800
423	62.140
424	62.280
425	61.710
426	61.730
428	62.340
429	62.460
430	62.320
431	62.850
432	62.330
433	61.980
434	62.830
435	62.920
437	62.820
438	62.500
439	62.110
440	61.840
441	62.090
443	62.090
444	61.720
447	62.760
449	61.850
450	62.160
451	61.660
452	62.720
453	62.370
454	62.460
457	62.510
458	61.530
459	62.370
460	62.730
461	61.790
462	62.290
464	62.580
466	61.620
468	62.700
469	62.240
472	62.980
473	62.530
474	61.780
476	62.150
477	62.210
478	62.490
479	62.430
480	62.730
481	61.850
482	62.810
483	62.280
484	61.910
485	62.930
486	61.620
489	62.340
490	61.630
491	62.000
492	62.760
494	62.370
495	61.910
496	61.640
497	62.490
498	62.540
499	62.460
1	63.790
3	63.840
4	63.040
6	63.220
7	63.100
8	63.110
9	63.540
11	63.730
14	63.380
16	64.270
17	64.270
19	63.890
20	64.290
21	64.130
23	64.060
24	63.330
26	63.740
28	63.770
29	63.040
30	64.220
32	63.390
33	64.200
34	63.980
35	63.400
36	63.180
37	64.460
38	64.490
39	63.120
40	64.350
41	64.350
42	63.070
43	63.140
44	63.050
45	63.290
46	64.420
47	64.240
48	63.060
49	63.570
51	63.790
53	63.060
54	63.980
55	63.090
57	63.270
58	63.690
59	63.970
60	63.480
61	63.170
62	63.270
64	63.160
65	64.420
67	64.060
68	63.740
69	63.900
70	63.800
71	64.110
72	63.870
73	63.260
74	63.070
75	63.120
76	64.230
77	63.540
79	64.160
80	63.270
81	63.950
82	64.180
83	63.330
84	63.690
86	64.250
88	63.240
90	63.850
91	64.380
92	64.470
93	63.600
94	64.280
95	63.870
96	63.450
97	64.430
98	63.140
99	64.210
100	63.230
101	64.490
102	63.650
104	63.430
106	63.870
108	63.270
109	64.300
110	63.300
111	63.050
113	63.090
114	64.160
115	63.760
118	64.270
121	63.990
122	63.570
123	63.120
124	63.080
125	63.790
128	63.060
129	64.240
130	64.130
131	64.190
133	63.270
134	64.030
135	63.590
137	63.910
138	63.340
140	63.550
142	63.190
143	64.310
144	63.120
145	63.920
148	63.040
151	63.190
152	63.010
153	64.430
154	63.550
155	63.770
156	64.040
157	63.850
158	63.610
159	63.530
160	63.340
162	63.260
163	63.390
164	63.260
165	64.240
166	63.240
167	63.030
168	63.230
169	63.430
170	63.240
171	64.490
172	64.140
173	63.570
174	63.380
175	63.960
176	64.400
177	63.070
180	64.240
181	63.660
182	64.010
183	63.660
184	64.230
186	63.830
187	63.030
188	64.060
190	63.470
192	63.080
193	63.470
194	63.640
196	63.900
197	63.780
199	63.630
200	64.120
201	63.580
202	64.290
203	63.740
204	64.130
205	64.370
207	64.390
208	63.670
209	63.100
211	63.510
212	63.100
213	63.660
214	63.560
216	63.630
217	64.310
218	63.520
221	64.290
222	63.050
223	63.910
224	63.700
225	63.570
226	63.160
228	63.820
229	63.420
232	64.210
233	64.110
234	63.030
235	64.250
236	63.920
239	63.150
241	63.560
243	63.290
244	63.950
246	64.430
248	64.300
249	63.530
250	63.970
251	63.400
253	64.480
254	64.080
255	64.110
256	63.740
257	63.280
258	63.700
259	63.140
260	63.530
261	64.300
262	63.830
263	63.850
264	63.790
265	63.280
266	64.030
267	63.860
269	63.520
270	63.350
273	64.410
274	63.690
275	64.080
280	64.190
281	64.430
285	64.050
286	63.480
287	64.110
288	63.400
290	63.760
291	64.100
292	63.710
295	63.020
296	63.590
298	63.240
299	63.500
300	63.600
301	63.610
302	63.220
303	64.140
308	63.150
309	63.820
311	64.370
312	64.410
313	63.200
314	63.560
315	64.130
317	63.920
319	63.190
320	64.310
321	63.690
322	63.740
324	64.380
325	64.110
326	63.580
327	63.130
328	63.260
330	63.930
331	64.360
332	63.120
333	63.950
334	64.140
335	63.200
337	63.780
338	64.140
339	64.330
340	63.470
341	63.560
342	63.910
343	63.840
344	64.320
345	63.840
347	64.170
348	64.280
350	63.920
351	64.380
353	64.500
354	63.480
355	63.030
357	64.450
358	63.120
359	63.390
360	63.040
361	63.090
362	64.260
363	63.280
364	63.830
365	63.660
366	63.520
369	64.030
370	63.640
371	63.930
372	63.070
373	63.800
374	63.720
376	63.340
380	63.570
382	63.160
383	64.290
386	63.340
387	63.400
389	63.570
390	64.270
391	63.490
392	64.160
394	63.330
395	63.390
396	64.390
399	63.440
401	63.050
402	63.750
403	64.460
406	64.470
408	64.490
409	63.180
410	64.440
413	63.450
414	63.330
415	63.770
416	63.270
417	64.390
418	64.380
421	63.810
422	63.420
423	64.150
424	64.290
425	63.720
426	63.740
427	63.220
428	64.350
429	64.470
430	64.330
432	64.340
433	63.990
436	63.060
439	64.120
440	63.850
441	64.100
442	63.050
443	64.100
444	63.730
445	63.360
446	63.470
448	63.490
449	63.860
450	64.170
451	63.670
453	64.380
454	64.470
455	63.360
456	63.130
458	63.540
459	64.380
461	63.800
462	64.300
463	63.360
465	63.110
466	63.630
467	63.260
469	64.250
470	63.430
471	63.510
474	63.790
475	63.020
476	64.160
477	64.220
478	64.500
479	64.440
481	63.860
483	64.290
484	63.920
486	63.630
487	63.320
488	63.160
489	64.350
490	63.640
491	64.010
493	63.450
494	64.380
495	63.920
496	63.650
497	64.500
499	64.470
500	63.040
1	65.800
2	64.940
3	65.850
4	65.050
5	64.660
6	65.230
7	65.110
8	65.120
9	65.550
10	64.830
11	65.740
12	65.000
13	64.590
14	65.390
15	64.910
18	64.670
19	65.900
22	64.540
24	65.340
25	64.650
26	65.750
27	64.840
28	65.780
29	65.050
31	64.660
32	65.400
34	65.990
35	65.410
36	65.190
39	65.130
42	65.080
43	65.150
44	65.060
45	65.300
48	65.070
49	65.580
50	64.970
51	65.800
52	64.670
53	65.070
54	65.990
55	65.100
56	64.800
57	65.280
58	65.700
59	65.980
60	65.490
61	65.180
62	65.280
63	64.580
64	65.170
66	64.620
68	65.750
69	65.910
70	65.810
72	65.880
73	65.270
74	65.080
75	65.130
77	65.550
78	64.890
80	65.280
81	65.960
83	65.340
84	65.700
85	64.980
87	64.550
88	65.250
89	64.680
90	65.860
93	65.610
95	65.880
96	65.460
98	65.150
100	65.240
102	65.660
103	64.710
104	65.440
105	64.820
106	65.880
107	64.730
108	65.280
110	65.310
111	65.060
112	64.830
113	65.100
115	65.770
116	64.720
117	64.920
119	64.910
120	64.790
121	66.000
122	65.580
123	65.130
124	65.090
125	65.800
126	64.900
127	64.610
128	65.070
132	64.690
133	65.280
135	65.600
136	64.640
137	65.920
138	65.350
139	64.850
140	65.560
141	64.810
142	65.200
144	65.130
145	65.930
146	64.670
147	64.710
148	65.050
149	64.720
150	64.770
151	65.200
152	65.020
154	65.560
155	65.780
157	65.860
158	65.620
159	65.540
160	65.350
161	64.600
162	65.270
163	65.400
164	65.270
166	65.250
167	65.040
168	65.240
169	65.440
170	65.250
173	65.580
174	65.390
175	65.970
177	65.080
178	64.620
179	64.680
181	65.670
183	65.670
185	64.660
186	65.840
187	65.040
189	64.620
190	65.480
191	64.520
192	65.090
193	65.480
194	65.650
195	64.590
196	65.910
197	65.790
198	64.840
199	65.640
201	65.590
203	65.750
206	64.700
208	65.680
209	65.110
210	64.980
211	65.520
212	65.110
213	65.670
214	65.570
215	64.690
216	65.640
218	65.530
219	64.720
220	64.740
222	65.060
223	65.920
224	65.710
225	65.580
226	65.170
227	64.750
228	65.830
229	65.430
230	64.720
231	64.880
234	65.040
236	65.930
237	64.910
238	64.570
239	65.160
240	64.670
241	65.570
242	64.750
243	65.300
244	65.960
245	64.840
247	64.810
249	65.540
250	65.980
251	65.410
252	65.000
256	65.750
257	65.290
258	65.710
259	65.150
260	65.540
262	65.840
263	65.860
264	65.800
265	65.290
267	65.870
268	64.860
269	65.530
270	65.360
271	64.950
272	64.700
274	65.700
276	64.810
277	64.850
278	64.600
279	64.880
282	64.630
283	64.520
284	64.750
286	65.490
288	65.410
289	64.970
290	65.770
292	65.720
293	64.880
294	64.840
295	65.030
296	65.600
297	65.010
298	65.250
299	65.510
300	65.610
301	65.620
302	65.230
304	64.570
305	64.570
306	64.990
307	64.800
308	65.160
309	65.830
310	64.650
313	65.210
314	65.570
316	64.910
317	65.930
318	64.730
319	65.200
321	65.700
322	65.750
323	64.570
326	65.590
327	65.140
328	65.270
329	64.960
330	65.940
332	65.130
333	65.960
335	65.210
336	64.640
337	65.790
340	65.480
341	65.570
342	65.920
343	65.850
345	65.850
346	64.600
349	64.910
350	65.930
352	64.640
354	65.490
355	65.040
356	65.000
358	65.130
359	65.400
360	65.050
361	65.100
363	65.290
364	65.840
365	65.670
366	65.530
367	64.600
368	64.990
370	65.650
371	65.940
372	65.080
373	65.810
374	65.730
375	64.880
376	65.350
377	64.590
378	64.870
379	64.850
380	65.580
381	64.550
382	65.170
384	64.950
385	64.520
386	65.350
387	65.410
388	64.880
389	65.580
391	65.500
393	65.000
394	65.340
395	65.400
397	64.710
398	64.780
399	65.450
400	64.630
401	65.060
402	65.760
404	64.640
405	64.650
407	64.670
409	65.190
411	64.780
412	64.620
413	65.460
414	65.340
415	65.780
416	65.280
419	64.810
420	64.870
421	65.820
422	65.430
425	65.730
426	65.750
427	65.230
431	64.860
433	66.000
434	64.840
435	64.930
436	65.070
437	64.830
438	64.510
440	65.860
442	65.060
444	65.740
445	65.370
446	65.480
447	64.770
448	65.500
449	65.870
451	65.680
452	64.730
455	65.370
456	65.140
457	64.520
458	65.550
460	64.740
461	65.810
463	65.370
464	64.590
465	65.120
466	65.640
467	65.270
468	64.710
470	65.440
471	65.520
472	64.990
473	64.540
474	65.800
475	65.030
480	64.740
481	65.870
482	64.820
484	65.930
485	64.940
486	65.640
487	65.330
488	65.170
490	65.650
492	64.770
493	65.460
495	65.930
496	65.660
498	64.550
500	65.050
2	66.950
4	67.060
5	66.670
6	67.240
7	67.120
8	67.130
10	66.840
12	67.010
13	66.600
14	67.400
15	66.920
16	66.280
17	66.280
18	66.680
20	66.300
21	66.140
22	66.550
23	66.070
24	67.350
25	66.660
27	66.850
29	67.060
30	66.230
31	66.670
32	67.410
33	66.210
35	67.420
36	67.200
37	66.470
38	66.500
39	67.140
40	66.360
41	66.360
42	67.090
43	67.160
44	67.070
45	67.310
46	66.430
47	66.250
48	67.080
50	66.980
52	66.680
53	67.080
55	67.110
56	66.810
57	67.290
60	67.500
61	67.190
62	67.290
63	66.590
64	67.180
65	66.430
66	66.630
67	66.070
71	66.120
73	67.280
74	67.090
75	67.140
76	66.240
78	66.900
79	66.170
80	67.290
82	66.190
83	67.350
85	66.990
86	66.260
87	66.560
88	67.260
89	66.690
91	66.390
92	66.480
94	66.290
96	67.470
97	66.440
98	67.160
99	66.220
100	67.250
101	66.500
103	66.720
104	67.450
105	66.830
107	66.740
108	67.290
109	66.310
110	67.320
111	67.070
112	66.840
113	67.110
114	66.170
116	66.730
117	66.930
118	66.280
119	66.920
120	66.800
123	67.140
124	67.100
126	66.910
127	66.620
128	67.080
129	66.250
130	66.140
131	66.200
132	66.700
133	67.290
134	66.040
136	66.650
138	67.360
139	66.860
141	66.820
142	67.210
143	66.320
144	67.140
146	66.680
147	66.720
148	67.060
149	66.730
150	66.780
151	67.210
152	67.030
153	66.440
156	66.050
160	67.360
161	66.610
162	67.280
163	67.410
164	67.280
165	66.250
166	67.260
167	67.050
168	67.250
169	67.450
170	67.260
171	66.500
172	66.150
174	67.400
176	66.410
177	67.090
178	66.630
179	66.690
180	66.250
182	66.020
184	66.240
185	66.670
187	67.050
188	66.070
189	66.630
190	67.490
191	66.530
192	67.100
193	67.490
195	66.600
198	66.850
200	66.130
202	66.300
204	66.140
205	66.380
206	66.710
207	66.400
209	67.120
210	66.990
212	67.120
215	66.700
217	66.320
219	66.730
220	66.750
221	66.300
222	67.070
226	67.180
227	66.760
229	67.440
230	66.730
231	66.890
232	66.220
233	66.120
234	67.050
235	66.260
237	66.920
238	66.580
239	67.170
240	66.680
242	66.760
243	67.310
245	66.850
246	66.440
247	66.820
248	66.310
251	67.420
252	67.010
253	66.490
254	66.090
255	66.120
257	67.300
259	67.160
261	66.310
265	67.300
266	66.040
268	66.870
270	67.370
271	66.960
272	66.710
273	66.420
275	66.090
276	66.820
277	66.860
278	66.610
279	66.890
280	66.200
281	66.440
282	66.640
283	66.530
284	66.760
285	66.060
286	67.500
287	66.120
288	67.420
289	66.980
291	66.110
293	66.890
294	66.850
295	67.040
297	67.020
298	67.260
302	67.240
303	66.150
304	66.580
305	66.580
306	67.000
307	66.810
308	67.170
310	66.660
311	66.380
312	66.420
313	67.220
315	66.140
316	66.920
318	66.740
319	67.210
320	66.320
323	66.580
324	66.390
325	66.120
327	67.150
328	67.280
329	66.970
331	66.370
332	67.140
334	66.150
335	67.220
336	66.650
338	66.150
339	66.340
340	67.490
344	66.330
346	66.610
347	66.180
348	66.290
349	66.920
351	66.390
352	66.650
353	66.510
354	67.500
355	67.050
356	67.010
357	66.460
358	67.140
359	67.410
360	67.060
361	67.110
362	66.270
363	67.300
367	66.610
368	67.000
369	66.040
372	67.090
375	66.890
376	67.360
377	66.600
378	66.880
379	66.860
381	66.560
382	67.180
383	66.300
384	66.960
385	66.530
386	67.360
387	67.420
388	66.890
390	66.280
392	66.170
393	67.010
394	67.350
395	67.410
396	66.400
397	66.720
398	66.790
399	67.460
400	66.640
401	67.070
403	66.470
404	66.650
405	66.660
406	66.480
407	66.680
408	66.500
409	67.200
410	66.450
411	66.790
412	66.630
413	67.470
414	67.350
416	67.290
417	66.400
418	66.390
419	66.820
420	66.880
422	67.440
423	66.160
424	66.300
427	67.240
428	66.360
429	66.480
430	66.340
431	66.870
432	66.350
434	66.850
435	66.940
436	67.080
437	66.840
438	66.520
439	66.130
441	66.110
442	67.070
443	66.110
445	67.380
446	67.490
447	66.780
450	66.180
452	66.740
453	66.390
454	66.480
455	67.380
456	67.150
457	66.530
459	66.390
460	66.750
462	66.310
463	67.380
464	66.600
465	67.130
467	67.280
468	66.720
469	66.260
470	67.450
472	67.000
473	66.550
475	67.040
476	66.170
477	66.230
478	66.510
479	66.450
480	66.750
482	66.830
483	66.300
485	66.950
487	67.340
488	67.180
489	66.360
491	66.020
492	66.780
493	67.470
494	66.390
497	66.510
498	66.560
499	66.480
500	67.060
1	67.810
2	68.960
3	67.860
5	68.680
9	67.560
10	68.850
11	67.750
13	68.610
15	68.930
16	68.290
17	68.290
18	68.690
19	67.910
20	68.310
21	68.150
22	68.560
23	68.080
25	68.670
26	67.760
27	68.860
28	67.790
30	68.240
31	68.680
33	68.220
34	68.000
37	68.480
38	68.510
40	68.370
41	68.370
46	68.440
47	68.260
49	67.590
50	68.990
51	67.810
52	68.690
54	68.000
56	68.820
58	67.710
59	67.990
63	68.600
65	68.440
66	68.640
67	68.080
68	67.760
69	67.920
70	67.820
71	68.130
72	67.890
76	68.250
77	67.560
78	68.910
79	68.180
81	67.970
82	68.200
84	67.710
85	69.000
86	68.270
87	68.570
89	68.700
90	67.870
91	68.400
92	68.490
93	67.620
94	68.300
95	67.890
97	68.450
99	68.230
101	68.510
102	67.670
103	68.730
105	68.840
106	67.890
107	68.750
109	68.320
112	68.850
114	68.180
115	67.780
116	68.740
117	68.940
118	68.290
119	68.930
120	68.810
121	68.010
122	67.590
125	67.810
126	68.920
127	68.630
129	68.260
130	68.150
131	68.210
132	68.710
134	68.050
135	67.610
136	68.660
137	67.930
139	68.870
140	67.570
141	68.830
143	68.330
145	67.940
146	68.690
147	68.730
149	68.740
150	68.790
153	68.450
154	67.570
155	67.790
156	68.060
157	67.870
158	67.630
159	67.550
161	68.620
165	68.260
171	68.510
172	68.160
173	67.590
175	67.980
176	68.420
178	68.640
179	68.700
180	68.260
181	67.680
182	68.030
183	67.680
184	68.250
185	68.680
186	67.850
188	68.080
189	68.640
191	68.540
194	67.660
195	68.610
196	67.920
197	67.800
198	68.860
199	67.650
200	68.140
201	67.600
202	68.310
203	67.760
204	68.150
205	68.390
206	68.720
207	68.410
208	67.690
210	69.000
211	67.530
213	67.680
214	67.580
215	68.710
216	67.650
217	68.330
218	67.540
219	68.740
220	68.760
221	68.310
223	67.930
224	67.720
225	67.590
227	68.770
228	67.840
230	68.740
231	68.900
232	68.230
233	68.130
235	68.270
236	67.940
237	68.930
238	68.590
240	68.690
241	67.580
242	68.770
244	67.970
245	68.860
246	68.450
247	68.830
248	68.320
249	67.550
250	67.990
253	68.500
254	68.100
255	68.130
256	67.760
258	67.720
260	67.550
261	68.320
262	67.850
263	67.870
264	67.810
266	68.050
267	67.880
268	68.880
269	67.540
271	68.970
272	68.720
273	68.430
274	67.710
275	68.100
276	68.830
277	68.870
278	68.620
279	68.900
280	68.210
281	68.450
282	68.650
283	68.540
284	68.770
285	68.070
287	68.130
289	68.990
290	67.780
291	68.120
292	67.730
293	68.900
294	68.860
296	67.610
299	67.520
300	67.620
301	67.630
303	68.160
304	68.590
305	68.590
307	68.820
309	67.840
310	68.670
311	68.390
312	68.430
314	67.580
315	68.150
316	68.930
317	67.940
318	68.750
320	68.330
321	67.710
322	67.760
323	68.590
324	68.400
325	68.130
326	67.600
329	68.980
330	67.950
331	68.380
333	67.970
334	68.160
336	68.660
337	67.800
338	68.160
339	68.350
341	67.580
342	67.930
343	67.860
344	68.340
345	67.860
346	68.620
347	68.190
348	68.300
349	68.930
350	67.940
351	68.400
352	68.660
353	68.520
357	68.470
362	68.280
364	67.850
365	67.680
366	67.540
367	68.620
369	68.050
370	67.660
371	67.950
373	67.820
374	67.740
375	68.900
377	68.610
378	68.890
379	68.870
380	67.590
381	68.570
383	68.310
384	68.970
385	68.540
388	68.900
389	67.590
390	68.290
391	67.510
392	68.180
396	68.410
397	68.730
398	68.800
400	68.650
402	67.770
403	68.480
404	68.660
405	68.670
406	68.490
407	68.690
408	68.510
410	68.460
411	68.800
412	68.640
415	67.790
417	68.410
418	68.400
419	68.830
420	68.890
421	67.830
423	68.170
424	68.310
425	67.740
426	67.760
428	68.370
429	68.490
430	68.350
431	68.880
432	68.360
433	68.010
434	68.860
435	68.950
437	68.850
438	68.530
439	68.140
440	67.870
441	68.120
443	68.120
444	67.750
447	68.790
448	67.510
449	67.880
450	68.190
451	67.690
452	68.750
453	68.400
454	68.490
457	68.540
458	67.560
459	68.400
460	68.760
461	67.820
462	68.320
464	68.610
466	67.650
468	68.730
469	68.270
471	67.530
473	68.560
474	67.810
476	68.180
477	68.240
478	68.520
479	68.460
480	68.760
481	67.880
482	68.840
483	68.310
484	67.940
485	68.960
486	67.650
489	68.370
490	67.660
491	68.030
492	68.790
494	68.400
495	67.940
496	67.670
497	68.520
498	68.570
499	68.490
1	69.820
3	69.870
4	69.070
6	69.250
7	69.130
8	69.140
9	69.570
11	69.760
12	69.020
14	69.410
16	70.300
17	70.300
19	69.920
20	70.320
21	70.160
23	70.090
24	69.360
26	69.770
28	69.800
29	69.070
30	70.250
32	69.420
33	70.230
34	70.010
35	69.430
36	69.210
37	70.490
39	69.150
40	70.380
41	70.380
42	69.100
43	69.170
44	69.080
45	69.320
46	70.450
47	70.270
48	69.090
49	69.600
51	69.820
53	69.090
54	70.010
55	69.120
57	69.300
58	69.720
59	70.000
60	69.510
61	69.200
62	69.300
64	69.190
65	70.450
67	70.090
68	69.770
69	69.930
70	69.830
71	70.140
72	69.900
73	69.290
74	69.100
75	69.150
76	70.260
77	69.570
79	70.190
80	69.300
81	69.980
82	70.210
83	69.360
84	69.720
86	70.280
88	69.270
90	69.880
91	70.410
92	70.500
93	69.630
94	70.310
95	69.900
96	69.480
97	70.460
98	69.170
99	70.240
100	69.260
102	69.680
104	69.460
106	69.900
108	69.300
109	70.330
110	69.330
111	69.080
113	69.120
114	70.190
115	69.790
118	70.300
121	70.020
122	69.600
123	69.150
124	69.110
125	69.820
128	69.090
129	70.270
130	70.160
131	70.220
133	69.300
134	70.060
135	69.620
137	69.940
138	69.370
140	69.580
142	69.220
143	70.340
144	69.150
145	69.950
148	69.070
151	69.220
152	69.040
153	70.460
154	69.580
155	69.800
156	70.070
157	69.880
158	69.640
159	69.560
160	69.370
162	69.290
163	69.420
164	69.290
165	70.270
166	69.270
167	69.060
168	69.260
169	69.460
170	69.270
172	70.170
173	69.600
174	69.410
175	69.990
176	70.430
177	69.100
180	70.270
181	69.690
182	70.040
183	69.690
184	70.260
186	69.860
187	69.060
188	70.090
190	69.500
192	69.110
193	69.500
194	69.670
196	69.930
197	69.810
199	69.660
200	70.150
201	69.610
202	70.320
203	69.770
204	70.160
205	70.400
207	70.420
208	69.700
209	69.130
211	69.540
212	69.130
213	69.690
214	69.590
216	69.660
217	70.340
218	69.550
221	70.320
222	69.080
223	69.940
224	69.730
225	69.600
226	69.190
228	69.850
229	69.450
232	70.240
233	70.140
234	69.060
235	70.280
236	69.950
239	69.180
241	69.590
243	69.320
244	69.980
246	70.460
248	70.330
249	69.560
250	70.000
251	69.430
252	69.020
254	70.110
255	70.140
256	69.770
257	69.310
258	69.730
259	69.170
260	69.560
261	70.330
262	69.860
263	69.880
264	69.820
265	69.310
266	70.060
267	69.890
269	69.550
270	69.380
273	70.440
274	69.720
275	70.110
280	70.220
281	70.460
285	70.080
286	69.510
287	70.140
288	69.430
290	69.790
291	70.130
292	69.740
295	69.050
296	69.620
297	69.030
298	69.270
299	69.530
300	69.630
301	69.640
302	69.250
303	70.170
306	69.010
308	69.180
309	69.850
311	70.400
312	70.440
313	69.230
314	69.590
315	70.160
317	69.950
319	69.220
320	70.340
321	69.720
322	69.770
324	70.410
325	70.140
326	69.610
327	69.160
328	69.290
330	69.960
331	70.390
332	69.150
333	69.980
334	70.170
335	69.230
337	69.810
338	70.170
339	70.360
340	69.500
341	69.590
342	69.940
343	69.870
344	70.350
345	69.870
347	70.200
348	70.310
350	69.950
351	70.410
354	69.510
355	69.060
356	69.020
357	70.480
358	69.150
359	69.420
360	69.070
361	69.120
362	70.290
363	69.310
364	69.860
365	69.690
366	69.550
368	69.010
369	70.060
370	69.670
371	69.960
372	69.100
373	69.830
374	69.750
376	69.370
380	69.600
382	69.190
383	70.320
386	69.370
387	69.430
389	69.600
390	70.300
391	69.520
392	70.190
393	69.020
394	69.360
395	69.420
396	70.420
399	69.470
401	69.080
402	69.780
403	70.490
406	70.500
409	69.210
410	70.470
413	69.480
414	69.360
415	69.800
416	69.300
417	70.420
418	70.410
421	69.840
422	69.450
423	70.180
424	70.320
425	69.750
426	69.770
427	69.250
428	70.380
429	70.500
430	70.360
432	70.370
433	70.020
436	69.090
439	70.150
440	69.880
441	70.130
442	69.080
443	70.130
444	69.760
445	69.390
446	69.500
448	69.520
449	69.890
450	70.200
451	69.700
453	70.410
454	70.500
455	69.390
456	69.160
458	69.570
459	70.410
461	69.830
462	70.330
463	69.390
465	69.140
466	69.660
467	69.290
469	70.280
470	69.460
471	69.540
472	69.010
474	69.820
475	69.050
476	70.190
477	70.250
479	70.470
481	69.890
483	70.320
484	69.950
486	69.660
487	69.350
488	69.190
489	70.380
490	69.670
491	70.040
493	69.480
494	70.410
495	69.950
496	69.680
499	70.500
500	69.070
1	71.830
2	70.970
3	71.880
4	71.080
5	70.690
6	71.260
7	71.140
8	71.150
9	71.580
10	70.860
11	71.770
12	71.030
13	70.620
14	71.420
15	70.940
18	70.700
19	71.930
22	70.570
24	71.370
25	70.680
26	71.780
27	70.870
28	71.810
29	71.080
31	70.690
32	71.430
35	71.440
36	71.220
38	70.520
39	71.160
42	71.110
43	71.180
44	71.090
45	71.330
48	71.100
49	71.610
50	71.000
51	71.830
52	70.700
53	71.100
55	71.130
56	70.830
57	71.310
58	71.730
60	71.520
61	71.210
62	71.310
63	70.610
64	71.200
66	70.650
68	71.780
69	71.940
70	71.840
72	71.910
73	71.300
74	71.110
75	71.160
77	71.580
78	70.920
80	71.310
81	71.990
83	71.370
84	71.730
85	71.010
87	70.580
88	71.280
89	70.710
90	71.890
93	71.640
95	71.910
96	71.490
98	71.180
100	71.270
101	70.520
102	71.690
103	70.740
104	71.470
105	70.850
106	71.910
107	70.760
108	71.310
110	71.340
111	71.090
112	70.860
113	71.130
115	71.800
116	70.750
117	70.950
119	70.940
120	70.820
122	71.610
123	71.160
124	71.120
125	71.830
126	70.930
127	70.640
128	71.100
132	70.720
133	71.310
135	71.630
136	70.670
137	71.950
138	71.380
139	70.880
140	71.590
141	70.840
142	71.230
144	71.160
145	71.960
146	70.700
147	70.740
148	71.080
149	70.750
150	70.800
151	71.230
152	71.050
154	71.590
155	71.810
157	71.890
158	71.650
159	71.570
160	71.380
161	70.630
162	71.300
163	71.430
164	71.300
166	71.280
167	71.070
168	71.270
169	71.470
170	71.280
171	70.520
173	71.610
174	71.420
175	72.000
177	71.110
178	70.650
179	70.710
181	71.700
183	71.700
185	70.690
186	71.870
187	71.070
189	70.650
190	71.510
191	70.550
192	71.120
193	71.510
194	71.680
195	70.620
196	71.940
197	71.820
198	70.870
199	71.670
201	71.620
203	71.780
206	70.730
208	71.710
209	71.140
210	71.010
211	71.550
212	71.140
213	71.700
214	71.600
215	70.720
216	71.670
218	71.560
219	70.750
220	70.770
222	71.090
223	71.950
224	71.740
225	71.610
226	71.200
227	70.780
228	71.860
229	71.460
230	70.750
231	70.910
234	71.070
236	71.960
237	70.940
238	70.600
239	71.190
240	70.700
241	71.600
242	70.780
243	71.330
244	71.990
245	70.870
247	70.840
249	71.570
251	71.440
252	71.030
253	70.510
256	71.780
257	71.320
258	71.740
259	71.180
260	71.570
262	71.870
263	71.890
264	71.830
265	71.320
267	71.900
268	70.890
269	71.560
270	71.390
271	70.980
272	70.730
274	71.730
276	70.840
277	70.880
278	70.630
279	70.910
282	70.660
283	70.550
284	70.780
286	71.520
288	71.440
289	71.000
290	71.800
292	71.750
293	70.910
294	70.870
295	71.060
296	71.630
297	71.040
298	71.280
299	71.540
300	71.640
301	71.650
302	71.260
304	70.600
305	70.600
306	71.020
307	70.830
308	71.190
309	71.860
310	70.680
313	71.240
314	71.600
316	70.940
317	71.960
318	70.760
319	71.230
321	71.730
322	71.780
323	70.600
326	71.620
327	71.170
328	71.300
329	70.990
330	71.970
332	71.160
333	71.990
335	71.240
336	70.670
337	71.820
340	71.510
341	71.600
342	71.950
343	71.880
345	71.880
346	70.630
349	70.940
350	71.960
352	70.670
353	70.530
354	71.520
355	71.070
356	71.030
358	71.160
359	71.430
360	71.080
361	71.130
363	71.320
364	71.870
365	71.700
366	71.560
367	70.630
368	71.020
370	71.680
371	71.970
372	71.110
373	71.840
374	71.760
375	70.910
376	71.380
377	70.620
378	70.900
379	70.880
380	71.610
381	70.580
382	71.200
384	70.980
385	70.550
386	71.380
387	71.440
388	70.910
389	71.610
391	71.530
393	71.030
394	71.370
395	71.430
397	70.740
398	70.810
399	71.480
400	70.660
401	71.090
402	71.790
404	70.670
405	70.680
407	70.700
408	70.520
409	71.220
411	70.810
412	70.650
413	71.490
414	71.370
415	71.810
416	71.310
419	70.840
420	70.900
421	71.850
422	71.460
425	71.760
426	71.780
427	71.260
431	70.890
434	70.870
435	70.960
436	71.100
437	70.860
438	70.540
440	71.890
442	71.090
444	71.770
445	71.400
446	71.510
447	70.800
448	71.530
449	71.900
451	71.710
452	70.760
455	71.400
456	71.170
457	70.550
458	71.580
460	70.770
461	71.840
463	71.400
464	70.620
465	71.150
466	71.670
467	71.300
468	70.740
470	71.470
471	71.550
472	71.020
473	70.570
474	71.830
475	71.060
478	70.530
480	70.770
481	71.900
482	70.850
484	71.960
485	70.970
486	71.670
487	71.360
488	71.200
490	71.680
492	70.800
493	71.490
495	71.960
496	71.690
497	70.530
498	70.580
500	71.080
2	72.980
4	73.090
5	72.700
6	73.270
7	73.150
8	73.160
10	72.870
12	73.040
13	72.630
14	73.430
15	72.950
16	72.310
17	72.310
18	72.710
20	72.330
21	72.170
22	72.580
23	72.100
24	73.380
25	72.690
27	72.880
29	73.090
30	72.260
31	72.700
32	73.440
33	72.240
34	72.020
35	73.450
36	73.230
37	72.500
38	72.530
39	73.170
40	72.390
41	72.390
42	73.120
43	73.190
44	73.100
45	73.340
46	72.460
47	72.280
48	73.110
50	73.010
52	72.710
53	73.110
54	72.020
55	73.140
56	72.840
57	73.320
59	72.010
61	73.220
62	73.320
63	72.620
64	73.210
65	72.460
67	72.100
71	72.150
73	73.310
74	73.120
75	73.170
76	72.270
78	72.930
79	72.200
80	73.320
82	72.220
83	73.380
85	73.020
86	72.290
87	72.590
88	73.290
89	72.720
91	72.420
92	72.510
94	72.320
96	73.500
97	72.470
98	73.190
99	72.250
100	73.280
101	72.530
103	72.750
104	73.480
105	72.860
107	72.770
108	73.320
109	72.340
110	73.350
111	73.100
112	72.870
113	73.140
114	72.200
116	72.760
117	72.960
118	72.310
119	72.950
120	72.830
121	72.030
123	73.170
124	73.130
126	72.940
127	72.650
128	73.110
129	72.280
130	72.170
131	72.230
132	72.730
133	73.320
134	72.070
136	72.680
138	73.390
139	72.890
141	72.850
142	73.240
143	72.350
144	73.170
146	72.710
147	72.750
148	73.090
149	72.760
150	72.810
151	73.240
152	73.060
153	72.470
156	72.080
160	73.390
161	72.640
162	73.310
163	73.440
164	73.310
165	72.280
166	73.290
167	73.080
168	73.280
169	73.480
170	73.290
171	72.530
172	72.180
174	73.430
176	72.440
177	73.120
178	72.660
179	72.720
180	72.280
182	72.050
184	72.270
185	72.700
187	73.080
188	72.100
189	72.660
191	72.560
192	73.130
195	72.630
198	72.880
200	72.160
202	72.330
204	72.170
205	72.410
206	72.740
207	72.430
209	73.150
210	73.020
212	73.150
215	72.730
217	72.350
219	72.760
220	72.780
221	72.330
222	73.100
226	73.210
227	72.790
229	73.470
230	72.760
231	72.920
232	72.250
233	72.150
234	73.080
235	72.290
237	72.950
238	72.610
239	73.200
240	72.710
242	72.790
243	73.340
245	72.880
246	72.470
247	72.850
248	72.340
250	72.010
251	73.450
252	73.040
253	72.520
254	72.120
255	72.150
257	73.330
259	73.190
261	72.340
265	73.330
266	72.070
268	72.900
270	73.400
271	72.990
272	72.740
273	72.450
275	72.120
276	72.850
277	72.890
278	72.640
279	72.920
280	72.230
281	72.470
282	72.670
283	72.560
284	72.790
285	72.090
287	72.150
288	73.450
289	73.010
291	72.140
293	72.920
294	72.880
295	73.070
297	73.050
298	73.290
302	73.270
303	72.180
304	72.610
305	72.610
306	73.030
307	72.840
308	73.200
310	72.690
311	72.410
312	72.450
313	73.250
315	72.170
316	72.950
318	72.770
319	73.240
323	72.610
324	72.420
325	72.150
327	73.180
328	73.310
329	73.000
331	72.400
332	73.170
334	72.180
335	73.250
336	72.680
338	72.180
339	72.370
344	72.360
346	72.640
347	72.210
348	72.320
349	72.950
351	72.420
352	72.680
353	72.540
355	73.080
356	73.040
357	72.490
358	73.170
359	73.440
360	73.090
361	73.140
362	72.300
363	73.330
367	72.640
368	73.030
369	72.070
372	73.120
375	72.920
376	73.390
377	72.630
378	72.910
379	72.890
381	72.590
382	73.210
383	72.330
384	72.990
385	72.560
386	73.390
387	73.450
388	72.920
390	72.310
392	72.200
393	73.040
394	73.380
396	72.430
397	72.750
398	72.820
399	73.490
400	72.670
401	73.100
403	72.500
404	72.680
405	72.690
406	72.510
407	72.710
408	72.530
409	73.230
410	72.480
411	72.820
412	72.660
413	73.500
414	73.380
416	73.320
417	72.430
418	72.420
419	72.850
420	72.910
422	73.470
423	72.190
424	72.330
427	73.270
428	72.390
429	72.510
430	72.370
431	72.900
432	72.380
433	72.030
434	72.880
435	72.970
436	73.110
437	72.870
438	72.550
439	72.160
441	72.140
442	73.100
443	72.140
445	73.410
447	72.810
450	72.210
452	72.770
453	72.420
454	72.510
455	73.410
456	73.180
457	72.560
459	72.420
460	72.780
462	72.340
463	73.410
464	72.630
465	73.160
467	73.310
468	72.750
469	72.290
470	73.480
472	73.030
473	72.580
475	73.070
476	72.200
477	72.260
478	72.540
479	72.480
480	72.780
482	72.860
483	72.330
485	72.980
487	73.370
488	73.210
489	72.390
491	72.050
492	72.810
493	73.500
494	72.420
497	72.540
498	72.590
499	72.510
500	73.090
1	73.840
2	74.990
3	73.890
9	73.590
10	74.880
11	73.780
13	74.640
15	74.960
16	74.320
17	74.320
18	74.720
19	73.940
20	74.340
21	74.180
23	74.110
25	74.700
26	73.790
27	74.890
28	73.820
30	74.270
31	74.710
33	74.250
34	74.030
37	74.510
38	74.540
40	74.400
41	74.400
46	74.470
47	74.290
49	73.620
52	74.720
54	74.030
56	74.850
58	73.740
59	74.020
60	73.530
63	74.630
65	74.470
68	73.790
69	73.950
70	73.850
71	74.160
72	73.920
76	74.280
77	73.590
79	74.210
81	74.000
82	74.230
84	73.740
86	74.300
87	74.600
89	74.730
90	73.900
91	74.430
92	74.520
93	73.650
94	74.330
95	73.920
97	74.480
99	74.260
101	74.540
102	73.700
103	74.760
105	74.870
106	73.920
107	74.780
109	74.350
112	74.880
114	74.210
115	73.810
117	74.970
118	74.320
119	74.960
120	74.840
122	73.620
125	73.840
126	74.950
127	74.660
129	74.290
130	74.180
131	74.240
132	74.740
134	74.080
135	73.640
136	74.690
137	73.960
139	74.900
140	73.600
141	74.860
143	74.360
145	73.970
146	74.720
147	74.760
149	74.770
150	74.820
153	74.480
154	73.600
155	73.820
156	74.090
157	73.900
158	73.660
159	73.580
161	74.650
165	74.290
171	74.540
172	74.190
173	73.620
175	74.010
176	74.450
178	74.670
179	74.730
181	73.710
182	74.060
183	73.710
184	74.280
185	74.710
186	73.880
188	74.110
189	74.670
190	73.520
191	74.570
193	73.520
194	73.690
195	74.640
196	73.950
197	73.830
198	74.890
199	73.680
200	74.170
201	73.630
202	74.340
203	73.790
204	74.180
205	74.420
206	74.750
207	74.440
208	73.720
211	73.560
213	73.710
214	73.610
215	74.740
216	73.680
218	73.570
219	74.770
220	74.790
221	74.340
223	73.960
224	73.750
225	73.620
227	74.800
228	73.870
230	74.770
231	74.930
232	74.260
233	74.160
235	74.300
236	73.970
237	74.960
238	74.620
240	74.720
241	73.610
242	74.800
244	74.000
245	74.890
246	74.480
248	74.350
249	73.580
250	74.020
253	74.530
254	74.130
255	74.160
258	73.750
260	73.580
261	74.350
262	73.880
263	73.900
264	73.840
266	74.080
267	73.910
268	74.910
269	73.570
271	75.000
272	74.750
274	73.740
275	74.130
276	74.860
277	74.900
278	74.650
279	74.930
280	74.240
281	74.480
283	74.570
284	74.800
285	74.100
286	73.530
287	74.160
290	73.810
291	74.150
292	73.760
293	74.930
294	74.890
296	73.640
299	73.550
300	73.650
301	73.660
303	74.190
304	74.620
305	74.620
307	74.850
309	73.870
311	74.420
312	74.460
314	73.610
315	74.180
316	74.960
317	73.970
318	74.780
321	73.740
322	73.790
323	74.620
324	74.430
325	74.160
326	73.630
331	74.410
333	74.000
334	74.190
336	74.690
337	73.830
338	74.190
339	74.380
340	73.520
341	73.610
342	73.960
343	73.890
344	74.370
345	73.890
346	74.650
347	74.220
348	74.330
349	74.960
350	73.970
351	74.430
353	74.550
354	73.530
357	74.500
362	74.310
364	73.880
365	73.710
366	73.570
367	74.650
369	74.080
370	73.690
371	73.980
373	73.850
374	73.770
375	74.930
377	74.640
379	74.900
380	73.620
381	74.600
383	74.340
384	75.000
385	74.570
388	74.930
389	73.620
390	74.320
391	73.540
392	74.210
396	74.440
397	74.760
398	74.830
402	73.800
403	74.510
404	74.690
405	74.700
406	74.520
407	74.720
408	74.540
410	74.490
411	74.830
412	74.670
415	73.820
417	74.440
418	74.430
419	74.860
420	74.920
421	73.860
423	74.200
424	74.340
425	73.770
426	73.790
428	74.400
429	74.520
430	74.380
431	74.910
432	74.390
433	74.040
434	74.890
435	74.980
437	74.880
438	74.560
439	74.170
440	73.900
441	74.150
443	74.150
444	73.780
446	73.520
447	74.820
448	73.540
449	73.910
450	74.220
451	73.720
452	74.780
453	74.430
457	74.570
458	73.590
459	74.430
460	74.790
461	73.850
462	74.350
464	74.640
466	73.680
468	74.760
469	74.300
471	73.560
473	74.590
474	73.840
476	74.210
477	74.270
478	74.550
479	74.490
480	74.790
481	73.910
482	74.870
483	74.340
484	73.970
485	74.990
486	73.680
490	73.690
491	74.060
492	74.820
494	74.430
495	73.970
496	73.700
497	74.550
498	74.600
499	74.520
1	75.850
4	75.100
6	75.280
7	75.160
8	75.170
9	75.600
12	75.050
14	75.440
16	76.330
17	76.330
19	75.950
21	76.190
24	75.390
26	75.800
29	75.100
30	76.280
32	75.450
34	76.040
35	75.460
36	75.240
39	75.180
40	76.410
42	75.130
43	75.200
44	75.110
45	75.350
47	76.300
48	75.120
49	75.630
50	75.020
53	75.120
54	76.040
55	75.150
57	75.330
58	75.750
59	76.030
60	75.540
61	75.230
62	75.330
64	75.220
65	76.480
68	75.800
70	75.860
72	75.930
73	75.320
74	75.130
75	75.180
77	75.600
79	76.220
80	75.330
81	76.010
82	76.240
83	75.390
84	75.750
85	75.030
86	76.310
90	75.910
91	76.440
93	75.660
95	75.930
96	75.510
97	76.490
98	75.200
100	75.290
102	75.710
106	75.930
108	75.330
110	75.360
111	75.110
113	75.150
118	76.330
123	75.180
124	75.140
125	75.850
128	75.120
129	76.300
130	76.190
131	76.250
133	75.330
134	76.090
135	75.650
137	75.970
138	75.400
140	75.610
142	75.250
144	75.180
145	75.980
151	75.250
154	75.610
155	75.830
156	76.100
157	75.910
158	75.670
160	75.400
162	75.320
163	75.450
164	75.320
165	76.300
166	75.300
167	75.090
168	75.290
169	75.490
170	75.300
173	75.630
174	75.440
175	76.020
177	75.130
181	75.720
183	75.720
186	75.890
188	76.120
190	75.530
192	75.140
193	75.530
194	75.700
196	75.960
197	75.840
199	75.690
201	75.640
203	75.800
204	76.190
208	75.730
209	75.160
210	75.030
211	75.570
212	75.160
213	75.720
214	75.620
216	75.690
218	75.580
221	76.350
222	75.110
223	75.970
225	75.630
226	75.220
232	76.270
233	76.170
234	75.090
236	75.980
239	75.210
241	75.620
243	75.350
244	76.010
248	76.360
249	75.590
250	76.030
251	75.460
252	75.050
254	76.140
255	76.170
257	75.340
259	75.200
260	75.590
261	76.360
262	75.890
263	75.910
264	75.850
265	75.340
266	76.090
267	75.920
269	75.580
270	75.410
281	76.490
285	76.110
289	75.020
291	76.160
292	75.770
295	75.080
297	75.060
299	75.560
300	75.660
301	75.670
302	75.280
303	76.200
306	75.040
308	75.210
309	75.880
311	76.430
312	76.470
313	75.260
314	75.620
315	76.190
317	75.980
319	75.250
321	75.750
326	75.640
327	75.190
328	75.320
329	75.010
331	76.420
332	75.180
333	76.010
334	76.200
335	75.260
337	75.840
338	76.200
339	76.390
340	75.530
341	75.620
342	75.970
343	75.900
344	76.380
345	75.900
347	76.230
348	76.340
350	75.980
351	76.440
354	75.540
355	75.090
356	75.050
358	75.180
359	75.450
360	75.100
361	75.150
363	75.340
364	75.890
365	75.720
366	75.580
368	75.040
371	75.990
372	75.130
373	75.860
374	75.780
376	75.400
380	75.630
382	75.220
383	76.350
386	75.400
389	75.630
390	76.330
391	75.550
392	76.220
393	75.050
399	75.500
401	75.110
409	75.240
410	76.500
413	75.510
414	75.390
415	75.830
418	76.440
421	75.870
422	75.480
423	76.210
424	76.350
425	75.780
426	75.800
427	75.280
428	76.410
433	76.050
436	75.120
439	76.180
440	75.910
441	76.160
442	75.110
443	76.160
444	75.790
445	75.420
446	75.530
448	75.550
450	76.230
451	75.730
453	76.440
455	75.420
456	75.190
458	75.600
459	76.440
461	75.860
462	76.360
463	75.420
465	75.170
467	75.320
469	76.310
470	75.490
472	75.040
474	75.850
475	75.080
476	76.220
479	76.500
481	75.920
483	76.350
486	75.690
487	75.380
490	75.700
491	76.070
493	75.510
494	76.440
495	75.980
496	75.710
500	75.100
2	77.000
7	77.170
8	77.180
9	77.610
12	77.060
14	77.450
18	76.730
25	76.710
27	76.900
29	77.110
37	76.520
38	76.550
39	77.190
43	77.210
45	77.360
48	77.130
49	77.640
50	77.030
52	76.730
53	77.130
58	77.760
64	77.230
70	77.870
89	76.740
90	77.920
92	76.530
100	77.300
103	76.770
105	76.880
107	76.790
110	77.370
112	76.890
117	76.980
119	76.970
120	76.850
123	77.190
124	77.150
125	77.860
126	76.960
127	76.670
128	77.130
132	76.750
135	77.660
137	77.980
138	77.410
141	76.870
142	77.260
144	77.190
145	77.990
146	76.730
147	76.770
150	76.830
151	77.260
155	77.840
157	77.920
161	76.660
162	77.330
163	77.460
164	77.330
167	77.100
171	76.550
173	77.640
178	76.680
179	76.740
181	77.730
185	76.720
189	76.680
190	77.540
191	76.580
196	77.970
197	77.850
199	77.700
201	77.650
203	77.810
209	77.170
211	77.580
214	77.630
215	76.750
216	77.700
218	77.590
219	76.780
220	76.800
225	77.640
230	76.780
231	76.940
239	77.220
241	77.630
242	76.810
251	77.470
257	77.350
259	77.210
264	77.860
265	77.350
268	76.920
269	77.590
270	77.420
278	76.660
284	76.810
289	77.030
293	76.940
299	77.570
301	77.680
302	77.290
304	76.630
305	76.630
306	77.050
307	76.860
314	77.630
316	76.970
318	76.790
319	77.260
323	76.630
326	77.650
340	77.540
341	77.630
342	77.980
345	77.910
353	76.560
355	77.100
356	77.060
357	76.510
358	77.190
359	77.460
360	77.110
364	77.900
367	76.660
368	77.050
371	78.000
372	77.140
373	77.870
374	77.790
375	76.940
376	77.410
377	76.650
384	77.010
385	76.580
388	76.940
389	77.640
391	77.560
397	76.770
398	76.840
405	76.710
406	76.530
407	76.730
414	77.400
420	76.930
421	77.880
434	76.900
436	77.130
437	76.890
438	76.570
444	77.800
447	76.830
448	77.560
451	77.740
452	76.790
455	77.430
456	77.200
457	76.580
458	77.610
460	76.800
464	76.650
467	77.330
470	77.500
474	77.860
478	76.560
480	76.800
481	77.930
482	76.880
485	77.000
486	77.700
487	77.390
492	76.830
497	76.560
499	76.530
500	77.110
7	79.180
8	79.190
12	79.070
14	79.460
25	78.720
27	78.910
30	78.290
39	79.200
40	78.420
45	79.370
47	78.310
53	79.140
82	78.250
86	78.320
89	78.750
91	78.450
92	78.540
107	78.800
112	78.900
117	78.990
119	78.980
120	78.860
127	78.680
129	78.310
131	78.260
134	78.100
144	79.200
147	78.780
156	78.110
162	79.340
165	78.310
175	78.030
185	78.730
189	78.690
204	78.200
219	78.790
220	78.810
221	78.360
230	78.790
231	78.950
232	78.280
239	79.230
250	78.040
254	78.150
255	78.180
284	78.820
302	79.300
305	78.640
307	78.870
311	78.440
319	79.270
331	78.430
347	78.240
351	78.450
357	78.520
360	79.120
383	78.360
390	78.340
407	78.740
418	78.450
423	78.220
436	79.140
439	78.190
443	78.170
447	78.840
453	78.450
462	78.370
464	78.660
479	78.510
480	78.810
482	78.890
487	79.400
494	78.450
497	78.570
47	80.320
58	79.770
91	80.460
112	80.910
120	80.870
131	80.270
147	80.790
190	79.550
197	79.860
199	79.710
203	79.820
216	79.710
220	80.820
225	79.650
255	80.190
269	79.600
305	80.650
342	79.990
345	79.920
373	79.880
374	79.800
444	79.810
451	79.750
470	79.510
480	80.820
482	80.900
497	80.580
7	81.190
12	81.080
144	81.210
225	82.240
239	81.240
255	82.200
319	81.280
345	81.930
451	81.760
7	83.200
220	82.830
220	84.840
283	145.090
107	146.810
312	146.820
134	148.030
178	147.030
211	147.230
241	148.400
400	147.760
410	147.810
430	147.980
29	149.910
135	149.450
173	148.630
178	149.780
371	149.340
8	150.950
25	150.970
33	150.220
67	151.320
77	151.430
141	150.710
165	151.310
211	151.000
218	151.050
223	151.400
261	151.160
263	150.790
281	150.770
287	151.400
313	151.430
318	151.180
359	151.310
361	151.050
390	150.190
450	151.460
488	150.980
18	152.340
21	152.220
29	152.910
32	152.330
63	151.700
76	152.690
84	153.000
97	151.800
100	152.540
108	151.960
114	152.880
118	152.040
134	152.280
141	152.890
143	151.810
164	152.880
167	152.430
169	152.710
173	152.010
176	152.150
200	152.830
240	152.810
285	152.060
299	152.630
301	152.290
312	152.160
329	152.300
344	152.780
355	152.080
366	151.940
369	152.610
379	152.170
395	152.350
415	152.170
424	151.670
442	152.880
444	151.790
461	151.650
468	152.390
473	152.610
482	151.850
488	152.990
490	151.750
500	152.940
8	153.240
11	153.820
14	153.140
18	154.350
19	154.440
21	154.230
22	154.430
32	154.340
51	153.360
54	153.730
59	154.080
62	154.090
67	153.330
68	154.300
72	153.850
77	153.720
80	154.290
95	154.100
97	154.020
102	154.250
113	153.140
124	154.160
131	154.150
142	153.100
161	153.200
165	153.680
166	153.280
171	154.090
176	154.200
184	153.930
189	154.450
194	153.250
209	153.010
218	154.080
227	154.070
243	154.480
244	154.240
247	154.080
261	153.570
265	153.290
266	153.260
268	153.650
304	154.230
312	154.170
313	153.570
318	153.190
321	153.980
329	154.460
336	153.040
343	153.570
349	154.020
355	154.370
357	153.320
359	153.520
361	154.130
366	154.290
379	154.180
395	154.470
397	153.160
415	154.430
424	153.680
427	153.920
432	154.460
439	154.150
445	153.360
450	153.980
452	153.830
453	153.600
462	154.350
468	154.400
482	153.860
490	153.760
494	154.200
499	154.240
1	155.050
4	155.610
7	155.080
8	155.250
10	154.770
11	155.830
13	155.930
15	155.790
23	155.380
26	154.690
29	154.920
44	155.790
47	155.260
51	155.370
54	155.940
67	155.340
71	154.610
73	155.360
76	154.700
77	155.730
79	156.000
84	155.010
86	155.840
87	155.550
93	155.800
99	155.910
100	154.550
101	154.850
103	155.890
108	154.820
110	155.190
111	155.280
114	154.890
118	154.720
121	154.970
126	154.810
130	154.960
132	155.300
133	155.630
141	154.980
150	154.950
158	155.800
164	155.070
165	155.690
166	155.860
167	155.120
169	154.940
174	155.970
180	154.670
183	155.880
184	155.940
193	155.730
201	155.160
202	154.590
203	154.580
209	155.020
219	155.180
223	154.910
225	155.690
226	155.320
234	155.900
236	154.830
240	155.860
254	155.660
257	155.820
261	155.750
268	155.660
269	155.560
271	155.460
276	154.520
278	154.570
286	155.340
289	155.970
299	154.640
301	154.820
303	154.710
306	155.750
307	155.980
308	155.600
310	154.630
313	155.580
318	155.200
320	155.210
322	154.860
330	155.820
335	155.320
336	155.050
343	155.580
344	154.790
350	154.930
351	155.740
353	155.060
363	155.160
365	155.550
367	155.450
369	154.620
370	155.540
372	155.260
373	155.920
375	155.980
381	155.910
383	155.900
384	155.090
386	154.880
388	154.970
396	155.120
399	155.950
400	155.290
405	154.850
408	155.150
411	155.450
424	155.690
425	154.580
427	155.930
431	155.580
436	155.870
437	155.970
440	154.640
442	154.890
444	155.030
449	154.950
450	155.990
452	155.840
455	154.760
456	155.930
465	154.740
473	154.820
477	155.150
484	154.830
486	155.620
488	155.000
490	155.770
496	154.710
500	155.550
1	157.060
2	156.800
5	156.870
6	156.810
7	157.090
8	157.260
9	156.260
10	156.780
12	157.000
14	157.070
16	156.550
17	157.180
19	156.450
21	156.240
22	156.530
24	157.480
26	156.700
29	156.930
32	156.350
35	156.120
47	157.270
49	157.280
50	156.590
51	157.380
52	156.630
53	156.270
57	157.220
59	156.670
67	157.350
68	156.310
73	157.370
76	156.710
84	157.020
85	156.460
89	156.740
91	156.900
94	157.300
100	156.560
101	156.860
102	156.780
109	157.470
111	157.290
113	156.790
114	156.900
118	157.180
120	156.430
121	156.980
123	156.590
124	157.370
125	156.910
126	156.820
130	156.970
131	156.180
138	156.020
144	156.810
148	157.430
149	156.630
153	156.220
155	156.950
156	156.650
160	156.660
162	156.170
164	157.240
169	156.950
170	157.490
171	156.810
175	157.090
176	156.210
180	157.500
181	157.020
189	156.460
198	156.760
200	156.050
201	157.170
202	156.600
203	156.590
207	156.370
209	157.030
214	157.340
215	157.090
218	156.390
219	157.190
223	156.920
226	157.330
227	156.080
236	156.840
243	156.490
245	157.300
246	157.120
250	156.840
252	156.390
253	156.010
262	156.130
266	156.750
270	157.140
276	156.530
277	157.340
278	156.580
285	156.310
291	156.880
293	156.010
295	157.070
298	156.190
299	156.650
301	156.830
303	156.790
309	156.220
310	157.140
312	156.180
314	157.260
317	156.670
318	157.210
320	157.220
322	157.200
325	156.740
326	156.470
329	156.700
333	156.750
335	157.330
336	157.060
340	157.300
344	156.800
349	156.960
350	156.940
353	157.070
355	156.380
356	157.290
357	156.740
359	157.150
360	156.200
361	156.140
363	157.170
366	156.300
367	157.460
369	156.720
372	157.270
374	156.970
379	156.190
384	157.100
385	156.030
386	156.890
388	157.170
390	156.310
393	156.940
395	156.480
415	157.230
417	156.630
423	157.100
425	156.590
428	157.100
430	156.220
439	156.280
441	156.810
444	157.040
445	156.050
446	156.060
447	156.810
449	156.960
451	156.180
455	156.770
457	156.880
460	156.440
462	156.360
465	156.910
468	157.170
469	156.230
470	157.000
471	156.240
472	156.040
473	156.830
477	157.160
479	157.230
480	156.470
484	156.840
487	156.510
488	157.010
492	156.440
494	156.210
496	156.720
499	156.330
2	158.810
3	157.510
4	157.620
5	158.880
6	158.820
9	158.270
10	158.790
11	157.840
13	157.940
15	158.960
16	158.560
18	158.220
19	158.460
21	158.250
23	158.530
26	158.710
28	158.590
29	158.940
32	158.360
35	158.390
39	158.680
42	157.520
44	158.360
45	158.430
50	158.710
52	158.680
53	158.740
55	158.680
56	158.120
59	158.680
60	158.900
62	157.890
65	158.300
68	158.320
74	158.360
75	157.610
76	158.720
77	157.740
79	158.010
85	158.940
86	157.850
87	157.560
88	157.830
89	158.750
91	158.910
93	157.810
96	157.930
98	158.890
101	158.870
102	158.790
103	157.900
104	157.780
110	157.970
113	158.800
114	158.910
121	158.990
122	158.000
123	158.600
125	158.920
126	158.830
131	158.350
132	157.860
135	157.940
137	157.510
138	158.190
139	158.440
144	158.880
149	158.770
150	157.510
151	158.060
153	158.690
155	158.960
156	158.660
160	158.670
161	157.750
165	157.700
166	157.870
168	158.180
169	158.960
174	157.980
176	158.220
182	158.870
183	157.890
184	157.950
187	158.140
189	158.470
192	158.710
193	158.010
194	157.920
198	158.770
200	158.060
202	158.610
203	158.600
207	158.380
208	158.200
211	158.370
212	158.750
223	158.930
225	157.700
227	158.090
228	158.030
229	158.750
232	158.720
234	157.910
236	158.850
238	157.530
243	158.500
248	158.040
253	158.520
254	157.670
256	158.490
257	157.830
258	157.810
261	157.790
262	158.140
263	158.420
265	157.810
266	158.760
268	157.670
269	157.570
275	157.650
276	158.540
278	158.590
282	158.530
284	157.860
285	158.320
289	158.240
291	158.890
292	158.640
293	158.020
297	158.820
299	158.660
301	158.840
303	158.800
306	157.830
307	157.990
308	157.610
309	158.230
312	158.190
313	157.590
315	157.780
316	158.900
317	158.680
326	158.910
327	158.110
330	157.830
331	158.550
337	157.690
341	158.840
342	157.650
343	157.590
344	158.810
345	157.830
346	158.590
347	158.390
349	158.970
350	158.950
351	157.750
355	158.390
357	158.750
358	157.950
360	158.210
361	158.150
364	157.810
365	157.560
366	158.310
370	157.550
371	157.710
374	158.980
378	157.700
379	158.200
381	158.310
385	158.040
386	158.900
390	158.570
392	158.230
393	158.950
395	158.490
396	157.540
399	158.240
400	158.340
403	157.570
409	157.570
411	157.950
417	158.640
419	158.630
422	158.340
424	157.700
425	158.600
427	157.940
429	158.700
430	158.320
431	157.590
432	158.700
434	158.330
436	157.880
437	157.980
438	158.260
439	158.290
440	157.580
441	158.820
442	157.680
445	158.060
446	158.110
447	158.820
449	158.970
450	158.000
451	158.610
452	157.850
455	158.780
456	157.940
457	158.890
460	158.730
462	158.370
465	158.920
472	158.050
473	158.840
475	157.620
481	158.660
484	158.850
485	157.940
486	158.180
487	158.520
489	158.900
490	157.780
491	158.590
492	158.450
494	158.220
496	158.730
497	157.850
499	158.340
500	157.560
1	159.070
3	159.960
4	159.630
7	159.100
8	159.270
9	160.280
11	159.850
12	159.010
13	159.950
14	159.940
17	159.190
18	160.460
19	160.470
21	160.260
24	159.490
25	160.000
31	159.480
32	160.370
34	159.800
35	160.400
42	160.010
43	159.010
44	160.370
47	159.280
48	160.060
49	159.620
51	159.390
54	159.100
57	159.230
58	159.600
61	160.050
62	159.900
63	160.120
64	159.140
65	160.310
68	160.330
69	159.730
71	159.680
73	159.380
74	160.370
75	159.620
77	159.750
79	160.020
84	159.030
86	159.860
87	159.570
88	159.840
90	159.070
92	159.230
93	159.820
94	159.310
95	160.390
96	160.400
103	159.910
107	159.690
108	159.500
109	159.480
110	159.980
111	159.300
118	159.190
120	159.280
122	160.070
124	159.380
130	159.630
132	159.870
135	159.950
137	159.520
138	160.200
139	160.450
140	159.340
142	159.330
148	160.100
150	159.520
151	160.070
158	159.040
162	159.230
164	159.250
166	159.880
170	159.500
171	159.090
173	159.420
174	159.990
175	159.100
176	160.230
177	160.350
178	160.190
180	159.510
181	159.030
183	160.030
184	159.960
186	159.740
187	160.150
188	159.410
189	160.480
191	159.840
195	159.380
196	160.060
197	160.030
200	160.070
201	159.180
206	159.810
207	160.390
208	160.210
209	160.030
210	159.390
211	160.380
214	159.350
215	159.100
216	159.070
218	160.080
219	159.200
220	159.180
221	160.380
222	160.230
225	159.710
226	159.340
227	160.100
228	160.040
230	159.700
234	159.920
238	159.540
240	159.100
245	159.310
246	159.130
248	160.050
250	159.420
254	159.680
255	159.140
257	159.840
258	159.820
259	160.410
260	159.080
261	159.800
262	160.150
263	160.430
265	160.180
267	159.080
268	159.680
269	159.580
270	159.250
271	159.040
275	159.660
277	159.350
279	160.140
284	159.870
285	160.330
289	160.250
290	160.210
293	160.030
294	159.990
295	159.080
298	160.000
304	160.240
305	159.420
306	159.840
307	160.000
308	159.620
309	160.240
310	159.150
311	159.770
312	160.200
313	159.600
314	159.270
315	159.790
318	159.220
320	159.230
321	159.220
322	159.210
327	160.180
330	159.840
333	159.820
335	159.340
336	159.070
337	159.860
338	159.550
339	159.850
340	159.310
342	159.660
343	159.600
345	159.840
347	160.400
351	159.760
352	159.280
353	159.080
355	160.400
358	159.960
359	159.160
360	160.220
361	160.160
363	159.180
364	159.820
365	159.570
366	160.320
367	159.470
368	159.290
370	159.560
371	159.720
372	159.280
373	159.130
375	159.250
378	159.710
380	159.560
381	160.320
382	159.380
383	159.440
384	159.110
385	160.050
388	159.180
391	160.080
392	160.240
395	160.500
396	159.550
397	159.230
399	160.250
400	160.350
402	160.240
403	159.580
408	159.740
409	160.100
411	160.030
413	159.600
415	159.310
418	159.530
420	159.820
421	159.860
422	160.350
423	159.110
424	159.710
427	159.950
428	159.110
430	160.330
431	159.600
433	160.030
434	160.340
436	159.890
437	159.990
438	160.270
439	160.420
440	159.590
443	160.000
444	159.050
445	160.070
446	160.370
448	160.110
450	160.010
452	159.860
453	159.570
454	160.320
456	159.950
459	159.990
462	160.380
463	159.010
467	159.370
468	159.180
469	159.240
470	159.900
472	160.060
474	159.510
475	159.630
477	159.170
479	159.240
485	159.950
486	160.190
488	159.020
490	159.790
492	160.460
494	160.230
495	159.440
498	159.260
499	160.350
500	159.570
1	161.080
2	160.820
3	161.970
4	161.640
5	160.890
6	160.830
7	161.110
8	161.280
10	160.800
11	161.860
12	161.020
13	161.960
14	161.950
15	160.970
16	160.570
17	161.200
24	161.500
26	160.720
27	161.230
28	160.670
29	160.950
31	161.490
33	160.910
34	161.810
36	161.790
37	160.610
38	160.980
39	160.970
40	160.610
43	161.710
45	160.720
46	161.470
47	161.290
49	161.630
50	160.720
51	161.400
52	160.690
53	160.750
54	161.480
55	160.690
56	160.890
58	161.610
59	160.690
60	160.910
62	161.910
64	161.150
66	161.500
69	161.740
70	161.160
72	161.540
73	161.390
75	161.630
76	160.730
77	161.760
78	160.530
84	161.040
85	161.140
86	161.870
87	161.580
88	161.850
89	160.760
90	161.080
91	160.920
92	161.240
93	161.830
94	161.320
98	160.900
99	161.130
101	160.880
102	160.800
103	161.920
104	161.150
105	161.700
106	161.640
107	161.700
108	161.510
109	161.490
110	161.990
111	161.310
112	160.740
113	160.810
114	160.920
115	161.210
118	161.200
119	161.490
120	161.290
121	161.000
123	160.610
124	161.390
125	160.930
126	160.840
127	161.190
129	161.040
132	161.880
134	161.980
135	161.960
137	161.530
140	161.350
142	161.430
144	161.770
149	160.780
150	161.530
153	160.700
154	161.410
155	160.970
156	160.670
157	160.560
158	161.050
159	161.620
160	160.680
161	161.030
162	161.240
164	161.260
166	161.890
169	160.970
170	161.510
171	161.100
173	161.430
174	162.000
175	161.110
180	161.520
181	161.040
182	160.880
184	161.970
185	161.890
186	161.750
188	161.420
190	161.760
191	161.850
192	160.720
193	161.850
194	160.540
195	161.390
198	160.780
201	161.190
202	160.620
203	160.610
206	161.820
210	161.400
212	160.760
213	160.630
214	161.360
215	161.110
216	161.080
217	161.600
219	161.210
220	161.190
223	160.940
225	161.720
226	161.350
229	160.760
230	161.710
231	161.380
232	160.730
233	160.730
234	161.930
235	160.640
236	160.860
237	161.990
238	161.550
240	161.110
241	160.550
242	160.910
243	160.510
245	161.320
246	161.140
247	161.860
249	160.700
250	161.430
251	160.720
253	160.530
254	161.690
255	161.150
256	160.910
257	161.850
258	161.830
260	161.090
261	161.810
266	160.770
267	161.740
268	161.690
269	161.590
270	161.260
271	161.050
272	161.120
273	161.150
275	161.670
276	160.550
277	161.360
278	160.600
281	161.170
282	160.540
283	160.920
284	161.880
286	160.570
291	160.900
292	160.650
294	162.000
295	161.090
296	161.030
297	160.830
299	160.670
300	161.410
301	160.850
302	161.180
303	160.810
305	161.820
306	161.850
308	161.630
310	161.160
311	161.780
314	161.280
315	161.800
316	160.910
317	160.690
318	161.230
320	161.240
321	161.230
322	161.220
323	160.590
324	161.730
325	161.440
326	160.920
328	161.630
330	161.850
331	160.560
332	161.170
333	161.830
335	161.350
336	161.080
339	161.860
340	161.320
341	160.850
342	161.670
343	161.610
344	160.820
345	161.850
346	160.700
348	161.480
349	160.980
350	160.960
351	161.770
352	161.290
353	161.090
354	161.230
356	160.570
357	160.760
358	161.970
359	161.170
363	161.190
364	161.830
365	161.580
367	161.480
368	161.300
370	161.570
371	161.730
372	161.290
373	161.140
374	160.990
375	161.260
378	161.720
380	161.570
382	161.390
383	161.450
384	161.120
386	160.910
388	161.190
389	161.910
393	160.960
396	161.560
397	161.240
401	160.690
403	161.590
405	161.890
408	161.750
410	161.730
413	161.610
414	161.690
415	161.320
416	160.880
417	160.650
418	161.540
419	161.150
420	161.830
421	161.870
423	161.120
424	161.720
425	160.610
427	161.960
428	161.120
429	160.900
431	161.610
432	160.710
435	160.980
436	161.900
437	162.000
440	161.600
441	160.830
442	161.120
444	161.060
447	160.830
449	160.980
451	160.620
452	161.870
453	161.580
455	160.790
456	161.960
457	160.900
459	162.000
460	160.740
461	161.740
463	161.020
464	160.680
465	160.930
467	161.380
468	161.190
469	161.250
473	160.850
474	161.520
475	161.640
476	161.710
477	161.180
479	161.250
481	160.670
483	161.270
484	160.860
485	161.960
488	161.030
489	161.410
490	161.800
491	160.600
493	161.310
495	161.450
496	160.740
497	160.970
498	161.270
500	161.580
1	163.090
2	162.830
5	162.900
6	162.840
7	163.120
8	163.290
9	162.290
10	162.810
12	163.030
15	162.980
16	162.580
17	163.210
18	162.470
19	162.480
20	163.320
21	162.270
22	162.660
23	162.060
25	162.010
26	162.730
27	163.240
28	162.680
29	162.960
30	162.570
31	163.500
32	162.380
33	162.920
35	162.410
37	162.620
38	162.990
39	162.980
40	162.620
41	163.300
42	162.020
44	162.380
45	162.730
46	163.480
47	163.300
48	162.070
50	162.730
51	163.410
52	162.700
53	162.760
54	163.490
55	162.700
56	163.500
59	162.700
60	162.920
61	162.060
63	162.130
64	163.160
65	162.320
67	163.020
68	162.340
70	163.170
73	163.400
74	162.380
76	162.740
78	162.540
79	162.030
81	163.340
82	163.300
83	162.990
84	163.050
85	163.150
89	162.770
90	163.090
91	162.930
92	163.250
94	163.330
95	162.400
97	162.790
98	162.910
99	163.140
100	162.410
101	162.890
102	162.810
104	163.160
109	163.500
111	163.320
112	162.750
113	162.820
114	162.930
115	163.220
117	162.830
118	163.210
119	163.500
120	163.300
121	163.010
122	162.080
123	162.620
124	163.400
125	162.940
126	162.850
127	163.200
129	163.050
130	163.230
133	162.590
136	162.310
138	162.210
139	162.460
140	163.360
142	163.440
143	162.230
145	163.300
147	162.930
148	162.110
149	162.790
151	162.080
152	162.540
153	162.710
154	163.420
155	162.980
156	162.680
157	163.370
158	163.060
160	162.690
161	163.040
162	163.250
163	162.350
164	163.270
165	162.170
167	162.610
168	162.520
169	162.980
171	163.110
173	163.440
175	163.120
176	162.400
177	162.360
178	162.200
179	162.130
181	163.050
182	162.890
183	162.420
187	162.160
188	163.430
189	162.490
192	162.730
194	162.550
195	163.400
196	162.070
197	162.040
198	162.790
199	162.860
200	162.080
201	163.200
202	162.630
203	162.620
204	163.480
205	162.540
208	162.220
209	162.040
210	163.410
211	162.390
212	162.770
213	162.640
214	163.370
215	163.120
216	163.090
218	162.090
219	163.220
220	163.200
221	162.390
222	162.240
223	162.950
226	163.360
227	162.110
228	162.050
229	162.770
231	163.390
232	162.740
233	162.740
235	162.650
236	162.870
240	163.120
241	162.560
242	162.920
243	162.520
245	163.330
246	163.150
248	162.060
249	162.710
250	163.440
251	162.730
253	162.540
255	163.160
256	162.920
259	162.420
260	163.100
262	162.160
263	162.440
264	163.040
265	162.190
266	162.780
270	163.270
271	163.060
272	163.130
273	163.160
276	162.560
277	163.370
278	162.610
279	162.240
280	162.090
281	163.180
282	162.550
283	162.930
285	162.340
286	162.580
289	162.260
290	162.220
291	162.910
292	162.660
293	162.040
295	163.100
296	163.040
297	162.840
298	162.010
299	162.680
300	163.420
301	162.860
302	163.190
303	162.820
304	162.250
307	162.010
309	162.250
310	163.170
312	162.210
314	163.290
316	162.920
317	162.700
318	163.240
319	162.200
320	163.250
321	163.240
322	163.230
323	162.600
325	163.450
326	162.930
327	162.190
329	162.250
331	162.570
332	163.180
334	162.200
335	163.360
336	163.090
337	163.380
338	162.760
340	163.330
341	162.860
344	162.830
346	162.710
347	162.410
348	163.490
349	162.990
350	162.970
352	163.300
353	163.100
354	163.240
355	162.410
356	162.580
357	162.770
359	163.180
360	162.230
361	162.170
363	163.200
367	163.490
368	163.310
372	163.300
373	163.150
374	163.000
375	163.270
376	162.300
377	162.210
379	163.300
381	162.330
382	163.400
383	163.460
384	163.130
385	162.060
386	162.920
388	163.200
390	163.210
391	162.090
392	162.250
393	162.970
394	162.880
395	162.510
397	163.250
399	162.260
400	162.360
401	162.700
402	162.250
409	162.110
411	162.040
415	163.330
416	162.890
417	162.660
419	163.160
422	162.360
423	163.130
425	162.620
426	162.280
428	163.130
429	162.910
430	162.340
432	162.720
433	162.040
434	162.350
435	162.990
438	162.280
439	162.430
441	162.840
442	163.130
443	162.010
444	163.070
445	162.080
446	162.380
447	162.840
448	162.120
449	162.990
450	162.020
451	162.630
454	162.330
455	162.800
457	162.910
460	162.750
462	162.390
463	163.030
464	162.690
465	162.940
466	162.350
467	163.390
468	163.200
469	163.260
470	162.230
471	163.000
472	162.070
473	162.860
477	163.190
478	162.940
479	163.260
480	162.800
481	162.680
482	163.480
483	163.280
484	162.870
486	162.200
487	162.900
489	163.420
491	162.610
492	162.470
493	163.320
494	162.240
495	163.460
496	162.750
497	162.980
498	163.280
499	162.360
2	164.840
3	163.980
4	163.650
5	164.910
6	164.850
9	164.300
10	164.820
11	163.870
13	163.970
14	163.960
15	164.990
16	164.590
18	164.480
19	164.490
21	164.280
22	164.670
23	164.070
24	163.510
25	164.020
26	164.740
28	164.690
29	164.970
30	164.580
32	164.390
33	164.930
34	163.820
35	164.420
36	163.800
37	164.630
38	165.000
39	164.990
40	164.630
42	164.030
43	163.720
44	164.390
45	164.740
48	164.080
49	163.640
50	164.740
52	164.710
53	164.770
55	164.710
58	163.620
59	164.710
60	164.930
61	164.070
62	163.920
63	164.140
65	164.330
66	163.510
68	164.350
69	163.750
71	163.540
72	163.550
74	164.390
75	163.640
76	164.750
77	163.770
78	164.550
79	164.040
80	164.500
83	165.000
86	163.880
87	163.590
88	163.860
89	164.780
91	164.940
93	163.840
95	164.410
96	163.580
97	164.800
98	164.920
100	164.420
101	164.900
102	164.820
103	163.930
105	163.710
106	163.650
107	163.710
108	163.520
110	164.000
112	164.760
113	164.830
114	164.940
116	163.570
117	164.840
122	164.090
123	164.630
125	164.950
126	164.860
131	164.250
132	163.890
133	164.600
134	163.990
135	163.970
136	164.320
137	163.540
138	164.220
139	164.470
141	164.610
143	164.240
144	163.780
146	163.990
147	164.940
148	164.120
149	164.800
150	163.540
151	164.090
152	164.550
153	164.720
155	164.990
156	164.690
159	163.630
160	164.700
163	164.360
165	164.180
166	163.900
167	164.620
168	164.530
169	164.990
170	163.520
172	163.850
174	164.010
176	164.410
177	164.370
178	164.210
179	164.140
180	163.530
182	164.900
183	164.430
184	163.980
185	163.900
186	163.760
187	164.170
189	164.500
190	163.770
191	163.860
192	164.740
193	163.860
194	164.560
196	164.080
197	164.050
198	164.800
199	164.870
200	164.090
202	164.640
203	164.630
205	164.550
206	163.830
207	163.940
208	164.230
209	164.050
211	164.400
212	164.780
213	164.650
217	164.200
218	164.100
221	164.400
222	164.250
223	164.960
224	164.220
225	163.730
227	164.120
228	164.060
229	164.780
230	163.720
232	164.750
233	164.750
234	163.940
235	164.660
236	164.880
237	164.000
238	163.560
239	164.310
241	164.570
242	164.930
243	164.530
244	164.000
247	163.870
248	164.070
249	164.720
251	164.740
252	164.450
253	164.550
254	163.700
256	164.930
257	163.860
258	163.840
259	164.430
261	163.820
262	164.170
263	164.450
265	164.200
266	164.790
267	163.750
268	163.700
269	163.600
275	163.680
276	164.570
278	164.620
279	164.250
280	164.100
282	164.560
283	164.940
284	163.890
285	164.350
286	164.590
287	164.370
289	164.270
290	164.230
291	164.920
292	164.670
293	164.050
294	164.010
297	164.850
298	164.020
299	164.690
301	164.870
303	164.830
304	164.260
305	163.830
306	163.860
307	164.020
308	163.640
309	164.260
311	163.790
312	164.220
315	163.810
316	164.930
317	164.710
319	164.210
323	164.610
324	163.740
326	164.940
327	164.200
328	163.640
329	164.260
330	163.860
331	164.580
333	163.840
334	164.210
338	164.770
339	163.870
341	164.870
342	163.680
343	163.620
344	164.840
345	163.860
346	164.720
347	164.420
349	165.000
350	164.980
351	163.780
355	164.420
356	164.590
357	164.780
358	163.980
360	164.240
361	164.180
364	163.840
365	163.590
366	163.530
369	164.900
370	163.580
371	163.740
376	164.310
377	164.220
378	163.730
380	163.580
381	164.340
385	164.070
386	164.930
387	164.170
389	163.920
391	164.100
392	164.260
393	164.980
394	164.890
395	164.520
396	163.570
398	164.490
399	164.270
400	164.370
401	164.710
402	164.260
403	163.600
404	163.630
405	163.900
406	164.510
407	164.850
408	163.760
409	164.120
410	163.740
411	164.050
412	163.590
413	163.620
414	163.700
416	164.900
417	164.670
418	163.550
420	163.840
421	163.880
422	164.370
424	163.730
425	164.630
426	164.290
427	163.970
429	164.920
430	164.350
431	163.620
432	164.730
433	164.050
434	164.360
435	165.000
436	163.910
437	164.010
438	164.290
439	164.440
440	163.610
441	164.850
443	164.020
445	164.090
446	164.390
447	164.850
448	164.130
449	165.000
450	164.030
451	164.640
452	163.880
453	163.590
454	164.340
455	164.810
456	163.970
457	164.920
459	164.010
460	164.760
461	163.750
462	164.400
464	164.700
465	164.950
466	164.360
470	164.240
472	164.080
473	164.870
474	163.530
475	163.650
476	163.720
478	164.950
480	164.810
481	164.690
484	164.880
485	163.970
486	164.210
487	164.910
488	163.990
490	163.810
491	164.620
492	164.480
494	164.250
496	164.760
497	164.990
499	164.370
500	163.590
1	165.100
3	165.990
4	165.660
7	165.130
8	165.300
9	166.310
11	165.880
12	165.040
13	165.980
14	165.970
17	165.220
18	166.490
19	166.500
20	165.330
21	166.290
23	166.080
24	165.520
25	166.030
27	165.250
31	165.510
32	166.400
34	165.830
35	166.430
36	165.810
41	165.310
42	166.040
43	165.730
44	166.400
46	165.490
47	165.310
48	166.090
49	165.650
51	165.420
54	165.500
56	165.510
57	165.950
58	165.630
61	166.080
62	165.930
63	166.150
64	165.170
65	166.340
66	165.520
67	165.030
68	166.360
69	165.760
70	165.180
71	165.550
72	165.560
73	165.410
74	166.400
75	165.650
77	165.780
79	166.050
81	165.350
82	165.310
84	165.060
85	165.160
86	165.890
87	165.600
88	165.870
90	165.100
92	165.260
93	165.850
94	165.340
95	166.420
96	165.590
99	165.150
100	166.430
103	165.940
104	165.170
105	165.720
106	165.660
107	165.720
108	165.530
109	165.510
110	166.010
111	165.330
115	165.230
116	165.580
118	165.220
119	165.510
120	165.310
121	165.020
122	166.100
124	165.410
127	165.210
128	165.990
129	165.060
130	165.240
131	166.260
132	165.900
134	166.000
135	165.980
136	166.330
137	165.550
138	166.230
139	166.480
140	165.370
142	165.450
143	166.250
144	165.790
145	165.310
146	166.000
148	166.130
150	165.550
151	166.100
154	165.430
157	165.380
158	165.070
159	165.640
161	165.050
162	165.260
163	166.370
164	165.280
165	166.190
166	165.910
170	165.530
171	165.120
172	165.860
173	165.450
174	166.020
175	165.130
176	166.420
177	166.380
178	166.220
179	166.150
180	165.540
181	165.060
183	166.440
184	165.990
185	165.910
186	165.770
187	166.180
188	165.440
190	165.780
191	165.870
193	165.870
195	165.410
196	166.090
197	166.060
200	166.100
201	165.210
204	165.490
206	165.840
207	165.950
208	166.240
209	166.060
210	165.420
211	166.410
214	165.380
215	165.130
216	165.100
217	166.210
218	166.110
219	165.230
220	165.210
221	166.410
222	166.260
224	166.230
225	165.740
226	165.370
227	166.130
228	166.070
230	165.730
231	165.400
234	165.950
237	166.010
238	165.570
239	166.320
240	165.130
244	166.010
245	165.340
246	165.160
247	165.880
248	166.080
250	165.450
252	166.460
254	165.710
255	165.170
257	165.870
258	165.850
259	166.440
260	165.110
261	165.830
262	166.180
263	166.460
264	165.050
265	166.210
267	165.760
268	165.710
269	165.610
270	165.280
271	165.070
272	165.140
273	165.170
274	165.150
275	165.690
277	165.380
279	166.260
280	166.110
281	165.190
284	165.900
285	166.360
287	166.380
288	165.600
289	166.280
290	166.240
293	166.060
294	166.020
295	165.110
296	165.050
298	166.030
300	165.430
302	165.200
304	166.270
305	165.840
306	165.870
307	166.030
308	165.650
309	166.270
310	165.180
311	165.800
312	166.230
314	165.300
315	165.820
318	165.250
319	166.220
320	165.260
321	165.250
322	165.240
324	165.750
325	165.460
327	166.210
328	165.650
329	166.270
330	165.870
332	165.190
333	165.850
334	166.220
335	165.370
336	165.100
337	165.390
339	165.880
340	165.340
342	165.690
343	165.630
345	165.870
347	166.430
348	165.500
351	165.790
352	165.310
353	165.110
354	165.250
355	166.430
358	165.990
359	165.190
360	166.250
361	166.190
362	166.420
363	165.210
364	165.850
365	165.600
366	165.540
367	165.500
368	165.320
370	165.590
371	165.750
372	165.310
373	165.160
374	165.010
375	165.280
376	166.320
377	166.230
378	165.740
379	165.310
380	165.590
381	166.350
382	165.410
383	165.470
384	165.140
385	166.080
387	166.180
388	165.210
389	165.930
390	165.220
391	166.110
392	166.270
396	165.580
397	165.260
398	166.500
399	166.280
400	166.380
402	166.270
403	165.610
404	165.640
405	165.910
408	165.770
409	166.130
410	165.750
411	166.060
412	165.600
413	165.630
414	165.710
415	165.340
418	165.560
419	165.170
420	165.850
421	165.890
422	166.380
423	165.140
424	165.740
426	166.300
427	165.980
428	165.140
430	166.360
431	165.630
433	166.060
434	166.370
436	165.920
437	166.020
438	166.300
439	166.450
440	165.620
442	165.140
443	166.030
444	165.080
445	166.100
446	166.400
448	166.140
450	166.040
452	165.890
453	165.600
454	166.350
456	165.980
458	165.040
459	166.020
461	165.760
462	166.410
463	165.040
466	166.370
467	165.400
468	165.210
469	165.270
470	166.250
471	165.010
472	166.090
474	165.540
475	165.660
476	165.730
477	165.200
479	165.270
482	165.490
483	165.290
485	165.980
486	166.220
488	166.000
489	165.430
490	165.820
492	166.490
493	165.330
494	166.260
495	165.470
498	165.290
499	166.380
500	165.600
1	167.110
2	166.850
3	168.000
4	167.670
5	166.920
6	166.860
7	167.140
8	167.310
10	166.830
11	167.890
12	167.050
13	167.990
14	167.980
15	167.000
16	166.600
17	167.230
20	167.340
22	166.680
24	167.530
26	166.750
27	167.260
28	166.700
29	166.980
30	166.590
31	167.520
33	166.940
34	167.840
36	167.820
37	166.640
38	167.010
39	167.000
40	166.640
41	167.320
43	167.740
45	166.750
46	167.500
47	167.320
49	167.660
50	166.750
51	167.430
52	166.720
53	166.780
54	167.510
55	166.720
56	167.520
57	167.960
58	167.640
59	166.720
60	166.940
62	167.940
64	167.180
66	167.530
67	167.040
69	167.770
70	167.190
71	167.560
72	167.570
73	167.420
75	167.660
76	166.760
77	167.790
78	166.560
80	166.510
81	167.360
82	167.320
83	167.010
84	167.070
85	167.170
86	167.900
87	167.610
88	167.880
89	166.790
90	167.110
91	166.950
92	167.270
93	167.860
94	167.350
96	167.600
97	166.810
98	166.930
99	167.160
101	166.910
102	166.830
103	167.950
104	167.180
105	167.730
106	167.670
107	167.730
108	167.540
109	167.520
111	167.340
112	166.770
113	166.840
114	166.950
115	167.240
116	167.590
117	166.850
118	167.230
119	167.520
120	167.320
121	167.030
123	166.640
124	167.420
125	166.960
126	166.870
127	167.220
128	168.000
129	167.070
130	167.250
132	167.910
133	166.610
135	167.990
137	167.560
140	167.380
141	166.620
142	167.460
144	167.800
145	167.320
147	166.950
149	166.810
150	167.560
152	166.560
153	166.730
154	167.440
155	167.000
156	166.700
157	167.390
158	167.080
159	167.650
160	166.710
161	167.060
162	167.270
164	167.290
166	167.920
167	166.630
168	166.540
169	167.000
170	167.540
171	167.130
172	167.870
173	167.460
175	167.140
180	167.550
181	167.070
182	166.910
184	168.000
185	167.920
186	167.780
188	167.450
189	166.510
190	167.790
191	167.880
192	166.750
193	167.880
194	166.570
195	167.420
198	166.810
199	166.880
201	167.220
202	166.650
203	166.640
204	167.500
205	166.560
206	167.850
207	167.960
210	167.430
212	166.790
213	166.660
214	167.390
215	167.140
216	167.110
219	167.240
220	167.220
223	166.970
225	167.750
226	167.380
229	166.790
230	167.740
231	167.410
232	166.760
233	166.760
234	167.960
235	166.670
236	166.890
238	167.580
240	167.140
241	166.580
242	166.940
243	166.540
245	167.350
246	167.170
247	167.890
249	166.730
250	167.460
251	166.750
253	166.560
254	167.720
255	167.180
256	166.940
257	167.880
258	167.860
260	167.120
261	167.840
264	167.060
266	166.800
267	167.770
268	167.720
269	167.620
270	167.290
271	167.080
272	167.150
273	167.180
274	167.160
275	167.700
276	166.580
277	167.390
278	166.630
281	167.200
282	166.570
283	166.950
284	167.910
286	166.600
288	167.610
291	166.930
292	166.680
295	167.120
296	167.060
297	166.860
299	166.700
300	167.440
301	166.880
302	167.210
303	166.840
305	167.850
306	167.880
308	167.660
310	167.190
311	167.810
313	166.680
314	167.310
315	167.830
316	166.940
317	166.720
318	167.260
320	167.270
321	167.260
322	167.250
323	166.620
324	167.760
325	167.470
326	166.950
328	167.660
330	167.880
331	166.590
332	167.200
333	167.860
335	167.380
336	167.110
337	167.400
338	166.780
339	167.890
340	167.350
341	166.880
342	167.700
343	167.640
344	166.850
345	167.880
346	166.730
348	167.510
349	167.010
350	166.990
351	167.800
352	167.320
353	167.120
354	167.260
356	166.600
357	166.790
358	168.000
359	167.200
363	167.220
364	167.860
365	167.610
366	167.550
367	167.510
368	167.330
369	166.910
370	167.600
371	167.760
372	167.320
373	167.170
374	167.020
375	167.290
378	167.750
379	167.320
380	167.600
382	167.420
383	167.480
384	167.150
386	166.940
388	167.220
389	167.940
390	167.230
393	166.990
394	166.900
395	166.530
396	167.590
397	167.270
401	166.720
403	167.620
404	167.650
405	167.920
406	166.520
407	166.860
408	167.780
410	167.760
412	167.610
413	167.640
414	167.720
415	167.350
416	166.910
417	166.680
418	167.570
419	167.180
420	167.860
421	167.900
423	167.150
424	167.750
425	166.640
427	167.990
428	167.150
429	166.930
431	167.640
432	166.740
435	167.010
436	167.930
440	167.630
441	166.860
442	167.150
444	167.090
447	166.860
449	167.010
451	166.650
452	167.900
453	167.610
455	166.820
456	167.990
457	166.930
458	167.050
460	166.770
461	167.770
463	167.050
464	166.710
465	166.960
467	167.410
468	167.220
469	167.280
471	167.020
473	166.880
474	167.550
475	167.670
476	167.740
477	167.210
478	166.960
479	167.280
480	166.820
481	166.700
482	167.500
483	167.300
484	166.890
485	167.990
487	166.920
489	167.440
490	167.830
491	166.630
493	167.340
495	167.480
496	166.770
497	167.000
498	167.300
500	167.610
1	169.120
2	168.860
5	168.930
6	168.870
7	169.150
8	169.320
9	168.320
10	168.840
12	169.060
15	169.010
16	168.610
17	169.240
18	168.500
19	168.510
20	169.350
21	168.300
22	168.690
23	168.090
25	168.040
26	168.760
27	169.270
28	168.710
29	168.990
30	168.600
32	168.410
33	168.950
35	168.440
37	168.650
38	169.020
39	169.010
40	168.650
41	169.330
42	168.050
44	168.410
45	168.760
47	169.330
48	168.100
50	168.760
51	169.440
52	168.730
53	168.790
55	168.730
59	168.730
60	168.950
61	168.090
63	168.160
64	169.190
65	168.350
67	169.050
68	168.370
70	169.200
73	169.430
74	168.410
76	168.770
78	168.570
79	168.060
80	168.520
81	169.370
82	169.330
83	169.020
84	169.080
85	169.180
89	168.800
90	169.120
91	168.960
92	169.280
94	169.360
95	168.430
97	168.820
98	168.940
99	169.170
100	168.440
101	168.920
102	168.840
104	169.190
110	168.020
111	169.350
112	168.780
113	168.850
114	168.960
115	169.250
117	168.860
118	169.240
120	169.330
121	169.040
122	168.110
123	168.650
124	169.430
125	168.970
126	168.880
127	169.230
129	169.080
130	169.260
131	168.270
133	168.620
134	168.010
136	168.340
138	168.240
139	168.490
140	169.390
141	168.630
142	169.470
143	168.260
145	169.330
146	168.010
147	168.960
148	168.140
149	168.820
151	168.110
152	168.570
153	168.740
154	169.450
155	169.010
156	168.710
157	169.400
158	169.090
160	168.720
161	169.070
162	169.280
163	168.380
164	169.300
165	168.200
167	168.640
168	168.550
169	169.010
171	169.140
173	169.470
174	168.030
175	169.150
176	168.430
177	168.390
178	168.230
179	168.160
181	169.080
182	168.920
183	168.450
187	168.190
188	169.460
189	168.520
192	168.760
194	168.580
195	169.430
196	168.100
197	168.070
198	168.820
199	168.890
200	168.110
201	169.230
202	168.660
203	168.650
205	168.570
208	168.250
209	168.070
210	169.440
211	168.420
212	168.800
213	168.670
214	169.400
215	169.150
216	169.120
217	168.220
218	168.120
219	169.250
220	169.230
221	168.420
222	168.270
223	168.980
224	168.240
226	169.390
227	168.140
228	168.080
229	168.800
231	169.420
232	168.770
233	168.770
235	168.680
236	168.900
237	168.020
239	168.330
240	169.150
241	168.590
242	168.950
243	168.550
244	168.020
245	169.360
246	169.180
248	168.090
249	168.740
250	169.470
251	168.760
252	168.470
253	168.570
255	169.190
256	168.950
259	168.450
260	169.130
262	168.190
263	168.470
264	169.070
265	168.220
266	168.810
270	169.300
271	169.090
272	169.160
273	169.190
274	169.170
276	168.590
277	169.400
278	168.640
279	168.270
280	168.120
281	169.210
282	168.580
283	168.960
285	168.370
286	168.610
287	168.390
289	168.290
290	168.250
291	168.940
292	168.690
293	168.070
294	168.030
295	169.130
296	169.070
297	168.870
298	168.040
299	168.710
300	169.450
301	168.890
302	169.220
303	168.850
304	168.280
307	168.040
309	168.280
310	169.200
312	168.240
313	168.690
314	169.320
316	168.950
317	168.730
318	169.270
319	168.230
320	169.280
321	169.270
322	169.260
323	168.630
325	169.480
326	168.960
327	168.220
329	168.280
331	168.600
332	169.210
334	168.230
335	169.390
336	169.120
337	169.410
338	168.790
340	169.360
341	168.890
344	168.860
346	168.740
347	168.440
349	169.020
350	169.000
352	169.330
353	169.130
354	169.270
355	168.440
356	168.610
357	168.800
359	169.210
360	168.260
361	168.200
362	168.430
363	169.230
368	169.340
369	168.920
372	169.330
373	169.180
374	169.030
375	169.300
376	168.330
377	168.240
379	169.330
381	168.360
382	169.430
383	169.490
384	169.160
385	168.090
386	168.950
387	168.190
388	169.230
390	169.240
391	168.120
392	168.280
393	169.000
394	168.910
395	168.540
397	169.280
398	168.510
399	168.290
400	168.390
401	168.730
402	168.280
406	168.530
407	168.870
409	168.140
411	168.070
415	169.360
416	168.920
417	168.690
419	169.190
422	168.390
423	169.160
425	168.650
426	168.310
428	169.160
429	168.940
430	168.370
432	168.750
433	168.070
434	168.380
435	169.020
437	168.030
438	168.310
439	168.460
441	168.870
442	169.160
443	168.040
444	169.100
445	168.110
446	168.410
447	168.870
448	168.150
449	169.020
450	168.050
451	168.660
454	168.360
455	168.830
457	168.940
458	169.060
459	168.030
460	168.780
462	168.420
463	169.060
464	168.720
465	168.970
466	168.380
467	169.420
468	169.230
469	169.290
470	168.260
471	169.030
472	168.100
473	168.890
477	169.220
478	168.970
479	169.290
480	168.830
481	168.710
483	169.310
484	168.900
486	168.230
487	168.930
488	168.010
489	169.450
491	168.640
492	168.500
493	169.350
494	168.270
495	169.490
496	168.780
497	169.010
498	169.310
499	168.390
2	170.870
3	170.010
4	169.680
5	170.940
6	170.880
9	170.330
10	170.850
11	169.900
13	170.000
14	169.990
16	170.620
18	170.510
19	170.520
21	170.310
22	170.700
23	170.100
24	169.540
25	170.050
26	170.770
28	170.720
29	171.000
30	170.610
31	169.530
32	170.420
33	170.960
34	169.850
35	170.450
36	169.830
37	170.660
40	170.660
42	170.060
43	169.750
44	170.420
45	170.770
46	169.510
48	170.110
49	169.670
50	170.770
52	170.740
53	170.800
54	169.520
55	170.740
56	169.530
57	169.970
58	169.650
59	170.740
60	170.960
61	170.100
62	169.950
63	170.170
65	170.360
66	169.540
68	170.380
69	169.780
71	169.570
72	169.580
74	170.420
75	169.670
76	170.780
77	169.800
78	170.580
79	170.070
80	170.530
86	169.910
87	169.620
88	169.890
89	170.810
91	170.970
93	169.870
95	170.440
96	169.610
97	170.830
98	170.950
100	170.450
101	170.930
102	170.850
103	169.960
105	169.740
106	169.680
107	169.740
108	169.550
109	169.530
110	170.030
112	170.790
113	170.860
114	170.970
116	169.600
117	170.870
119	169.530
122	170.120
123	170.660
125	170.980
126	170.890
128	170.010
131	170.280
132	169.920
133	170.630
134	170.020
135	170.000
136	170.350
137	169.570
138	170.250
139	170.500
141	170.640
143	170.270
144	169.810
146	170.020
147	170.970
148	170.150
149	170.830
150	169.570
151	170.120
152	170.580
153	170.750
156	170.720
159	169.660
160	170.730
163	170.390
165	170.210
166	169.930
167	170.650
168	170.560
170	169.550
172	169.880
174	170.040
176	170.440
177	170.400
178	170.240
179	170.170
180	169.560
182	170.930
183	170.460
184	170.010
185	169.930
186	169.790
187	170.200
189	170.530
190	169.800
191	169.890
192	170.770
193	169.890
194	170.590
196	170.110
197	170.080
198	170.830
199	170.900
200	170.120
202	170.670
203	170.660
204	169.510
205	170.580
206	169.860
207	169.970
208	170.260
209	170.080
211	170.430
212	170.810
213	170.680
217	170.230
218	170.130
221	170.430
222	170.280
223	170.990
224	170.250
225	169.760
227	170.150
228	170.090
229	170.810
230	169.750
232	170.780
233	170.780
234	169.970
235	170.690
236	170.910
237	170.030
238	169.590
239	170.340
241	170.600
242	170.960
243	170.560
244	170.030
247	169.900
248	170.100
249	170.750
251	170.770
252	170.480
253	170.580
254	169.730
256	170.960
257	169.890
258	169.870
259	170.460
261	169.850
262	170.200
263	170.480
265	170.230
266	170.820
267	169.780
268	169.730
269	169.630
275	169.710
276	170.600
278	170.650
279	170.280
280	170.130
282	170.590
283	170.970
284	169.920
285	170.380
286	170.620
287	170.400
288	169.620
289	170.300
290	170.260
291	170.950
292	170.700
293	170.080
294	170.040
297	170.880
298	170.050
299	170.720
301	170.900
303	170.860
304	170.290
305	169.860
306	169.890
307	170.050
308	169.670
309	170.290
311	169.820
312	170.250
313	170.700
315	169.840
316	170.960
317	170.740
319	170.240
323	170.640
324	169.770
326	170.970
327	170.230
328	169.670
329	170.290
330	169.890
331	170.610
333	169.870
334	170.240
338	170.800
339	169.900
341	170.900
342	169.710
343	169.650
344	170.870
345	169.890
346	170.750
347	170.450
348	169.520
351	169.810
355	170.450
356	170.620
357	170.810
358	170.010
360	170.270
361	170.210
362	170.440
364	169.870
365	169.620
366	169.560
367	169.520
369	170.930
370	169.610
371	169.770
376	170.340
377	170.250
378	169.760
380	169.610
381	170.370
385	170.100
386	170.960
387	170.200
389	169.950
391	170.130
392	170.290
394	170.920
395	170.550
396	169.600
398	170.520
399	170.300
400	170.400
401	170.740
402	170.290
403	169.630
404	169.660
405	169.930
406	170.540
407	170.880
408	169.790
409	170.150
410	169.770
411	170.080
412	169.620
413	169.650
414	169.730
416	170.930
417	170.700
418	169.580
420	169.870
421	169.910
422	170.400
424	169.760
425	170.660
426	170.320
427	170.000
429	170.950
430	170.380
431	169.650
432	170.760
433	170.080
434	170.390
436	169.940
437	170.040
438	170.320
439	170.470
440	169.640
441	170.880
443	170.050
445	170.120
446	170.420
447	170.880
448	170.160
450	170.060
451	170.670
452	169.910
453	169.620
454	170.370
455	170.840
456	170.000
457	170.950
459	170.040
460	170.790
461	169.780
462	170.430
464	170.730
465	170.980
466	170.390
470	170.270
472	170.110
473	170.900
474	169.560
475	169.680
476	169.750
478	170.980
480	170.840
481	170.720
482	169.510
484	170.910
485	170.000
486	170.240
487	170.940
488	170.020
490	169.840
491	170.650
492	170.510
494	170.280
496	170.790
499	170.400
500	169.620
1	171.130
3	172.020
4	171.690
7	171.160
8	171.330
9	172.340
11	171.910
12	171.070
13	172.010
14	172.000
15	171.020
17	171.250
20	171.360
21	172.320
23	172.110
24	171.550
25	172.060
27	171.280
31	171.540
32	172.430
34	171.860
35	172.460
36	171.840
38	171.030
39	171.020
41	171.340
42	172.070
43	171.760
44	172.430
46	171.520
47	171.340
48	172.120
49	171.680
51	171.450
54	171.530
56	171.540
57	171.980
58	171.660
61	172.110
62	171.960
63	172.180
64	171.200
65	172.370
66	171.550
67	171.060
68	172.390
69	171.790
70	171.210
71	171.580
72	171.590
73	171.440
74	172.430
75	171.680
77	171.810
79	172.080
81	171.380
82	171.340
83	171.030
84	171.090
85	171.190
86	171.920
87	171.630
88	171.900
90	171.130
92	171.290
93	171.880
94	171.370
95	172.450
96	171.620
99	171.180
100	172.460
103	171.970
104	171.200
105	171.750
106	171.690
107	171.750
108	171.560
109	171.540
110	172.040
111	171.360
115	171.260
116	171.610
118	171.250
119	171.540
120	171.340
121	171.050
122	172.130
124	171.440
127	171.240
128	172.020
129	171.090
130	171.270
131	172.290
132	171.930
134	172.030
135	172.010
136	172.360
137	171.580
138	172.260
140	171.400
142	171.480
143	172.280
144	171.820
145	171.340
146	172.030
148	172.160
150	171.580
151	172.130
154	171.460
155	171.020
157	171.410
158	171.100
159	171.670
161	171.080
162	171.290
163	172.400
164	171.310
165	172.220
166	171.940
169	171.020
170	171.560
171	171.150
172	171.890
173	171.480
174	172.050
175	171.160
176	172.450
177	172.410
178	172.250
179	172.180
180	171.570
181	171.090
183	172.470
184	172.020
185	171.940
186	171.800
187	172.210
188	171.470
190	171.810
191	171.900
193	171.900
195	171.440
196	172.120
197	172.090
200	172.130
201	171.240
204	171.520
206	171.870
207	171.980
208	172.270
209	172.090
210	171.450
211	172.440
214	171.410
215	171.160
216	171.130
217	172.240
218	172.140
219	171.260
220	171.240
221	172.440
222	172.290
224	172.260
225	171.770
226	171.400
227	172.160
228	172.100
230	171.760
231	171.430
234	171.980
237	172.040
238	171.600
239	172.350
240	171.160
244	172.040
245	171.370
246	171.190
247	171.910
248	172.110
250	171.480
252	172.490
254	171.740
255	171.200
257	171.900
258	171.880
259	172.470
260	171.140
261	171.860
262	172.210
263	172.490
264	171.080
265	172.240
267	171.790
268	171.740
269	171.640
270	171.310
271	171.100
272	171.170
273	171.200
274	171.180
275	171.720
277	171.410
279	172.290
280	172.140
281	171.220
284	171.930
285	172.390
287	172.410
288	171.630
289	172.310
290	172.270
293	172.090
294	172.050
295	171.140
296	171.080
298	172.060
300	171.460
302	171.230
304	172.300
305	171.870
306	171.900
307	172.060
308	171.680
309	172.300
310	171.210
311	171.830
312	172.260
314	171.330
315	171.850
318	171.280
319	172.250
320	171.290
321	171.280
322	171.270
324	171.780
325	171.490
327	172.240
328	171.680
329	172.300
330	171.900
332	171.220
333	171.880
334	172.250
335	171.400
336	171.130
337	171.420
339	171.910
340	171.370
342	171.720
343	171.660
345	171.900
347	172.460
348	171.530
349	171.030
350	171.010
351	171.820
352	171.340
353	171.140
354	171.280
355	172.460
358	172.020
359	171.220
360	172.280
361	172.220
362	172.450
363	171.240
364	171.880
365	171.630
366	171.570
367	171.530
368	171.350
370	171.620
371	171.780
372	171.340
373	171.190
374	171.040
375	171.310
376	172.350
377	172.260
378	171.770
379	171.340
380	171.620
381	172.380
382	171.440
383	171.500
384	171.170
385	172.110
387	172.210
388	171.240
389	171.960
390	171.250
391	172.140
392	172.300
393	171.010
396	171.610
397	171.290
399	172.310
400	172.410
402	172.300
403	171.640
404	171.670
405	171.940
408	171.800
409	172.160
410	171.780
411	172.090
412	171.630
413	171.660
414	171.740
415	171.370
418	171.590
419	171.200
420	171.880
421	171.920
422	172.410
423	171.170
424	171.770
426	172.330
427	172.010
428	171.170
430	172.390
431	171.660
433	172.090
434	172.400
435	171.030
436	171.950
437	172.050
438	172.330
439	172.480
440	171.650
442	171.170
443	172.060
444	171.110
445	172.130
446	172.430
448	172.170
449	171.030
450	172.070
452	171.920
453	171.630
454	172.380
456	172.010
458	171.070
459	172.050
461	171.790
462	172.440
463	171.070
466	172.400
467	171.430
468	171.240
469	171.300
470	172.280
471	171.040
472	172.120
474	171.570
475	171.690
476	171.760
477	171.230
479	171.300
482	171.520
483	171.320
485	172.010
486	172.250
488	172.030
489	171.460
490	171.850
493	171.360
494	172.290
495	171.500
497	171.020
498	171.320
499	172.410
500	171.630
1	173.140
2	172.880
4	173.700
5	172.950
6	172.890
7	173.170
8	173.340
10	172.860
11	173.920
12	173.080
15	173.030
16	172.630
17	173.260
18	172.520
19	172.530
20	173.370
22	172.710
24	173.560
26	172.780
27	173.290
28	172.730
29	173.010
30	172.620
31	173.550
33	172.970
34	173.870
36	173.850
37	172.670
38	173.040
39	173.030
40	172.670
41	173.350
43	173.770
45	172.780
46	173.530
47	173.350
49	173.690
50	172.780
51	173.460
52	172.750
53	172.810
54	173.540
55	172.750
56	173.550
57	173.990
58	173.670
59	172.750
60	172.970
62	173.970
64	173.210
66	173.560
67	173.070
69	173.800
70	173.220
71	173.590
72	173.600
73	173.450
75	173.690
76	172.790
77	173.820
78	172.590
80	172.540
81	173.390
82	173.350
83	173.040
84	173.100
85	173.200
86	173.930
87	173.640
88	173.910
89	172.820
90	173.140
91	172.980
92	173.300
93	173.890
94	173.380
96	173.630
97	172.840
98	172.960
99	173.190
101	172.940
102	172.860
103	173.980
104	173.210
105	173.760
106	173.700
107	173.760
108	173.570
109	173.550
111	173.370
112	172.800
113	172.870
114	172.980
115	173.270
116	173.620
117	172.880
118	173.260
119	173.550
120	173.350
121	173.060
123	172.670
124	173.450
125	172.990
126	172.900
127	173.250
129	173.100
130	173.280
132	173.940
133	172.640
137	173.590
139	172.510
140	173.410
141	172.650
142	173.490
144	173.830
145	173.350
147	172.980
149	172.840
150	173.590
152	172.590
153	172.760
154	173.470
155	173.030
156	172.730
157	173.420
158	173.110
159	173.680
160	172.740
161	173.090
162	173.300
164	173.320
166	173.950
167	172.660
168	172.570
169	173.030
170	173.570
171	173.160
172	173.900
173	173.490
175	173.170
180	173.580
181	173.100
182	172.940
185	173.950
186	173.810
188	173.480
189	172.540
190	173.820
191	173.910
192	172.780
193	173.910
194	172.600
195	173.450
198	172.840
199	172.910
201	173.250
202	172.680
203	172.670
204	173.530
205	172.590
206	173.880
207	173.990
210	173.460
212	172.820
213	172.690
214	173.420
215	173.170
216	173.140
219	173.270
220	173.250
223	173.000
225	173.780
226	173.410
229	172.820
230	173.770
231	173.440
232	172.790
233	172.790
234	173.990
235	172.700
236	172.920
238	173.610
240	173.170
241	172.610
242	172.970
243	172.570
245	173.380
246	173.200
247	173.920
249	172.760
250	173.490
251	172.780
253	172.590
254	173.750
255	173.210
256	172.970
257	173.910
258	173.890
260	173.150
261	173.870
264	173.090
266	172.830
267	173.800
268	173.750
269	173.650
270	173.320
271	173.110
272	173.180
273	173.210
274	173.190
275	173.730
276	172.610
277	173.420
278	172.660
281	173.230
282	172.600
283	172.980
284	173.940
286	172.630
288	173.640
291	172.960
292	172.710
295	173.150
296	173.090
297	172.890
299	172.730
300	173.470
301	172.910
302	173.240
303	172.870
305	173.880
306	173.910
308	173.690
310	173.220
311	173.840
313	172.710
314	173.340
315	173.860
316	172.970
317	172.750
318	173.290
320	173.300
321	173.290
322	173.280
323	172.650
324	173.790
325	173.500
326	172.980
328	173.690
330	173.910
331	172.620
332	173.230
333	173.890
335	173.410
336	173.140
337	173.430
338	172.810
339	173.920
340	173.380
341	172.910
342	173.730
343	173.670
344	172.880
345	173.910
346	172.760
348	173.540
349	173.040
350	173.020
351	173.830
352	173.350
353	173.150
354	173.290
356	172.630
357	172.820
359	173.230
363	173.250
364	173.890
365	173.640
366	173.580
367	173.540
368	173.360
369	172.940
370	173.630
371	173.790
372	173.350
373	173.200
374	173.050
375	173.320
378	173.780
379	173.350
380	173.630
382	173.450
383	173.510
384	173.180
386	172.970
388	173.250
389	173.970
390	173.260
393	173.020
394	172.930
395	172.560
396	173.620
397	173.300
398	172.530
401	172.750
403	173.650
404	173.680
405	173.950
406	172.550
407	172.890
408	173.810
410	173.790
412	173.640
413	173.670
414	173.750
415	173.380
416	172.940
417	172.710
418	173.600
419	173.210
420	173.890
421	173.930
423	173.180
424	173.780
425	172.670
428	173.180
429	172.960
431	173.670
432	172.770
435	173.040
436	173.960
440	173.660
441	172.890
442	173.180
444	173.120
447	172.890
449	173.040
451	172.680
452	173.930
453	173.640
455	172.850
457	172.960
458	173.080
460	172.800
461	173.800
463	173.080
464	172.740
465	172.990
467	173.440
468	173.250
469	173.310
471	173.050
473	172.910
474	173.580
475	173.700
476	173.770
477	173.240
478	172.990
479	173.310
480	172.850
481	172.730
482	173.530
483	173.330
484	172.920
487	172.950
489	173.470
490	173.860
491	172.660
492	172.520
493	173.370
495	173.510
496	172.800
497	173.030
498	173.330
500	173.640
1	175.150
2	174.890
3	174.030
5	174.960
6	174.900
7	175.180
8	175.350
9	174.350
10	174.870
12	175.090
13	174.020
14	174.010
15	175.040
16	174.640
17	175.270
18	174.530
19	174.540
20	175.380
21	174.330
22	174.720
23	174.120
25	174.070
26	174.790
27	175.300
28	174.740
29	175.020
30	174.630
32	174.440
33	174.980
35	174.470
37	174.680
38	175.050
39	175.040
40	174.680
41	175.360
42	174.080
44	174.440
45	174.790
47	175.360
48	174.130
50	174.790
51	175.470
52	174.760
53	174.820
55	174.760
59	174.760
60	174.980
61	174.120
63	174.190
64	175.220
65	174.380
67	175.080
68	174.400
70	175.230
73	175.460
74	174.440
76	174.800
78	174.600
79	174.090
80	174.550
81	175.400
82	175.360
83	175.050
84	175.110
85	175.210
89	174.830
90	175.150
91	174.990
92	175.310
94	175.390
95	174.460
97	174.850
98	174.970
99	175.200
100	174.470
101	174.950
102	174.870
104	175.220
110	174.050
111	175.380
112	174.810
113	174.880
114	174.990
115	175.280
117	174.890
118	175.270
120	175.360
121	175.070
122	174.140
123	174.680
124	175.460
125	175.000
126	174.910
127	175.260
128	174.030
129	175.110
130	175.290
131	174.300
133	174.650
134	174.040
135	174.020
136	174.370
138	174.270
139	174.520
140	175.420
141	174.660
142	175.500
143	174.290
145	175.360
146	174.040
147	174.990
148	174.170
149	174.850
151	174.140
152	174.600
153	174.770
154	175.480
155	175.040
156	174.740
157	175.430
158	175.120
160	174.750
161	175.100
162	175.310
163	174.410
164	175.330
165	174.230
167	174.670
168	174.580
169	175.040
171	175.170
173	175.500
174	174.060
175	175.180
176	174.460
177	174.420
178	174.260
179	174.190
181	175.110
182	174.950
183	174.480
184	174.030
187	174.220
188	175.490
189	174.550
192	174.790
194	174.610
195	175.460
196	174.130
197	174.100
198	174.850
199	174.920
200	174.140
201	175.260
202	174.690
203	174.680
205	174.600
208	174.280
209	174.100
210	175.470
211	174.450
212	174.830
213	174.700
214	175.430
215	175.180
216	175.150
217	174.250
218	174.150
219	175.280
220	175.260
221	174.450
222	174.300
223	175.010
224	174.270
226	175.420
227	174.170
228	174.110
229	174.830
231	175.450
232	174.800
233	174.800
235	174.710
236	174.930
237	174.050
239	174.360
240	175.180
241	174.620
242	174.980
243	174.580
244	174.050
245	175.390
246	175.210
248	174.120
249	174.770
250	175.500
251	174.790
252	174.500
253	174.600
255	175.220
256	174.980
259	174.480
260	175.160
262	174.220
263	174.500
264	175.100
265	174.250
266	174.840
270	175.330
271	175.120
272	175.190
273	175.220
274	175.200
276	174.620
277	175.430
278	174.670
279	174.300
280	174.150
281	175.240
282	174.610
283	174.990
285	174.400
286	174.640
287	174.420
289	174.320
290	174.280
291	174.970
292	174.720
293	174.100
294	174.060
295	175.160
296	175.100
297	174.900
298	174.070
299	174.740
300	175.480
301	174.920
302	175.250
303	174.880
304	174.310
307	174.070
309	174.310
310	175.230
312	174.270
313	174.720
314	175.350
316	174.980
317	174.760
318	175.300
319	174.260
320	175.310
321	175.300
322	175.290
323	174.660
326	174.990
327	174.250
329	174.310
331	174.630
332	175.240
334	174.260
335	175.420
336	175.150
337	175.440
338	174.820
340	175.390
341	174.920
344	174.890
346	174.770
347	174.470
349	175.050
350	175.030
352	175.360
353	175.160
354	175.300
355	174.470
356	174.640
357	174.830
358	174.030
359	175.240
360	174.290
361	174.230
362	174.460
363	175.260
368	175.370
369	174.950
372	175.360
373	175.210
374	175.060
375	175.330
376	174.360
377	174.270
379	175.360
381	174.390
382	175.460
384	175.190
385	174.120
386	174.980
387	174.220
388	175.260
390	175.270
391	174.150
392	174.310
393	175.030
394	174.940
395	174.570
397	175.310
398	174.540
399	174.320
400	174.420
401	174.760
402	174.310
406	174.560
407	174.900
409	174.170
411	174.100
415	175.390
416	174.950
417	174.720
419	175.220
422	174.420
423	175.190
425	174.680
426	174.340
427	174.020
428	175.190
429	174.970
430	174.400
432	174.780
433	174.100
434	174.410
435	175.050
437	174.060
438	174.340
439	174.490
441	174.900
442	175.190
443	174.070
444	175.130
445	174.140
446	174.440
447	174.900
448	174.180
449	175.050
450	174.080
451	174.690
454	174.390
455	174.860
456	174.020
457	174.970
458	175.090
459	174.060
460	174.810
462	174.450
463	175.090
464	174.750
465	175.000
466	174.410
467	175.450
468	175.260
469	175.320
470	174.290
471	175.060
472	174.130
473	174.920
477	175.250
478	175.000
479	175.320
480	174.860
481	174.740
483	175.340
484	174.930
485	174.020
486	174.260
487	174.960
488	174.040
489	175.480
491	174.670
492	174.530
493	175.380
494	174.300
496	174.810
497	175.040
498	175.340
499	174.420
2	176.900
3	176.040
4	175.710
5	176.970
6	176.910
9	176.360
10	176.880
11	175.930
13	176.030
14	176.020
16	176.650
18	176.540
19	176.550
21	176.340
22	176.730
23	176.130
24	175.570
25	176.080
26	176.800
28	176.750
30	176.640
31	175.560
32	176.450
33	176.990
34	175.880
35	176.480
36	175.860
37	176.690
40	176.690
42	176.090
43	175.780
44	176.450
45	176.800
46	175.540
48	176.140
49	175.700
50	176.800
52	176.770
53	176.830
54	175.550
55	176.770
56	175.560
57	176.000
58	175.680
59	176.770
60	176.990
61	176.130
62	175.980
63	176.200
65	176.390
66	175.570
68	176.410
69	175.810
71	175.600
72	175.610
74	176.450
75	175.700
76	176.810
77	175.830
78	176.610
79	176.100
80	176.560
86	175.940
87	175.650
88	175.920
89	176.840
91	177.000
93	175.900
95	176.470
96	175.640
97	176.860
98	176.980
100	176.480
101	176.960
102	176.880
103	175.990
105	175.770
106	175.710
107	175.770
108	175.580
109	175.560
110	176.060
112	176.820
113	176.890
114	177.000
116	175.630
117	176.900
119	175.560
122	176.150
123	176.690
126	176.920
128	176.040
131	176.310
132	175.950
133	176.660
134	176.050
135	176.030
136	176.380
137	175.600
138	176.280
139	176.530
141	176.670
143	176.300
144	175.840
146	176.050
147	177.000
148	176.180
149	176.860
150	175.600
151	176.150
152	176.610
153	176.780
156	176.750
159	175.690
160	176.760
163	176.420
165	176.240
166	175.960
167	176.680
168	176.590
170	175.580
172	175.910
174	176.070
176	176.470
177	176.430
178	176.270
179	176.200
180	175.590
182	176.960
183	176.490
184	176.040
185	175.960
186	175.820
187	176.230
189	176.560
190	175.830
191	175.920
192	176.800
193	175.920
194	176.620
196	176.140
197	176.110
198	176.860
199	176.930
200	176.150
202	176.700
203	176.690
204	175.540
205	176.610
206	175.890
207	176.000
208	176.290
209	176.110
211	176.460
212	176.840
213	176.710
217	176.260
218	176.160
221	176.460
222	176.310
224	176.280
225	175.790
227	176.180
228	176.120
229	176.840
230	175.780
232	176.810
233	176.810
234	176.000
235	176.720
236	176.940
237	176.060
238	175.620
239	176.370
241	176.630
242	176.990
243	176.590
244	176.060
247	175.930
248	176.130
249	176.780
251	176.800
252	176.510
253	176.610
254	175.760
256	176.990
257	175.920
258	175.900
259	176.490
261	175.880
262	176.230
263	176.510
265	176.260
266	176.850
267	175.810
268	175.760
269	175.660
275	175.740
276	176.630
278	176.680
279	176.310
280	176.160
282	176.620
283	177.000
284	175.950
285	176.410
286	176.650
287	176.430
288	175.650
289	176.330
290	176.290
291	176.980
292	176.730
293	176.110
294	176.070
297	176.910
298	176.080
299	176.750
301	176.930
303	176.890
304	176.320
305	175.890
306	175.920
307	176.080
308	175.700
309	176.320
311	175.850
312	176.280
313	176.730
315	175.870
316	176.990
317	176.770
319	176.270
323	176.670
324	175.800
325	175.510
326	177.000
327	176.260
328	175.700
329	176.320
330	175.920
331	176.640
333	175.900
334	176.270
338	176.830
339	175.930
341	176.930
342	175.740
343	175.680
344	176.900
345	175.920
346	176.780
347	176.480
348	175.550
351	175.840
355	176.480
356	176.650
357	176.840
358	176.040
360	176.300
361	176.240
362	176.470
364	175.900
365	175.650
366	175.590
367	175.550
369	176.960
370	175.640
371	175.800
376	176.370
377	176.280
378	175.790
380	175.640
381	176.400
383	175.520
385	176.130
386	176.990
387	176.230
389	175.980
391	176.160
392	176.320
394	176.950
395	176.580
396	175.630
398	176.550
399	176.330
400	176.430
401	176.770
402	176.320
403	175.660
404	175.690
405	175.960
406	176.570
407	176.910
408	175.820
409	176.180
410	175.800
411	176.110
412	175.650
413	175.680
414	175.760
416	176.960
417	176.730
418	175.610
420	175.900
421	175.940
422	176.430
424	175.790
425	176.690
426	176.350
427	176.030
429	176.980
430	176.410
431	175.680
432	176.790
433	176.110
434	176.420
436	175.970
437	176.070
438	176.350
439	176.500
440	175.670
441	176.910
443	176.080
445	176.150
446	176.450
447	176.910
448	176.190
450	176.090
451	176.700
452	175.940
453	175.650
454	176.400
455	176.870
456	176.030
457	176.980
459	176.070
460	176.820
461	175.810
462	176.460
464	176.760
466	176.420
470	176.300
472	176.140
473	176.930
474	175.590
475	175.710
476	175.780
480	176.870
481	176.750
482	175.540
484	176.940
485	176.030
486	176.270
487	176.970
488	176.050
490	175.870
491	176.680
492	176.540
494	176.310
495	175.520
496	176.820
499	176.430
500	175.650
1	177.160
3	178.050
4	177.720
7	177.190
8	177.360
9	178.370
11	177.940
12	177.100
13	178.040
14	178.030
15	177.050
17	177.280
20	177.390
21	178.350
23	178.140
24	177.580
25	178.090
27	177.310
29	177.030
31	177.570
32	178.460
34	177.890
35	178.490
36	177.870
38	177.060
39	177.050
41	177.370
42	178.100
43	177.790
44	178.460
46	177.550
47	177.370
48	178.150
49	177.710
51	177.480
54	177.560
56	177.570
57	178.010
58	177.690
61	178.140
62	177.990
63	178.210
64	177.230
65	178.400
66	177.580
67	177.090
68	178.420
69	177.820
70	177.240
71	177.610
72	177.620
73	177.470
74	178.460
75	177.710
77	177.840
79	178.110
81	177.410
82	177.370
83	177.060
84	177.120
85	177.220
86	177.950
87	177.660
88	177.930
90	177.160
92	177.320
93	177.910
94	177.400
95	178.480
96	177.650
99	177.210
100	178.490
103	178.000
104	177.230
105	177.780
106	177.720
107	177.780
108	177.590
109	177.570
110	178.070
111	177.390
115	177.290
116	177.640
118	177.280
119	177.570
120	177.370
121	177.080
122	178.160
124	177.470
125	177.010
127	177.270
128	178.050
129	177.120
130	177.300
131	178.320
132	177.960
134	178.060
135	178.040
136	178.390
137	177.610
138	178.290
140	177.430
142	177.510
143	178.310
144	177.850
145	177.370
146	178.060
148	178.190
150	177.610
151	178.160
154	177.490
155	177.050
157	177.440
158	177.130
159	177.700
161	177.110
162	177.320
163	178.430
164	177.340
165	178.250
166	177.970
169	177.050
170	177.590
171	177.180
172	177.920
173	177.510
174	178.080
175	177.190
176	178.480
177	178.440
178	178.280
179	178.210
180	177.600
181	177.120
183	178.500
184	178.050
185	177.970
186	177.830
187	178.240
188	177.500
190	177.840
191	177.930
193	177.930
195	177.470
196	178.150
197	178.120
200	178.160
201	177.270
204	177.550
206	177.900
207	178.010
208	178.300
209	178.120
210	177.480
211	178.470
214	177.440
215	177.190
216	177.160
217	178.270
218	178.170
219	177.290
220	177.270
221	178.470
222	178.320
223	177.020
224	178.290
225	177.800
226	177.430
227	178.190
228	178.130
230	177.790
231	177.460
234	178.010
237	178.070
238	177.630
239	178.380
240	177.190
244	178.070
245	177.400
246	177.220
247	177.940
248	178.140
250	177.510
254	177.770
255	177.230
257	177.930
258	177.910
259	178.500
260	177.170
261	177.890
262	178.240
264	177.110
265	178.270
267	177.820
268	177.770
269	177.670
270	177.340
271	177.130
272	177.200
273	177.230
274	177.210
275	177.750
277	177.440
279	178.320
280	178.170
281	177.250
284	177.960
285	178.420
287	178.440
288	177.660
289	178.340
290	178.300
293	178.120
294	178.080
295	177.170
296	177.110
298	178.090
300	177.490
302	177.260
304	178.330
305	177.900
306	177.930
307	178.090
308	177.710
309	178.330
310	177.240
311	177.860
312	178.290
314	177.360
315	177.880
318	177.310
319	178.280
320	177.320
321	177.310
322	177.300
324	177.810
325	177.520
327	178.270
328	177.710
329	178.330
330	177.930
332	177.250
333	177.910
334	178.280
335	177.430
336	177.160
337	177.450
339	177.940
340	177.400
342	177.750
343	177.690
345	177.930
347	178.490
348	177.560
349	177.060
350	177.040
351	177.850
352	177.370
353	177.170
354	177.310
355	178.490
358	178.050
359	177.250
360	178.310
361	178.250
362	178.480
363	177.270
364	177.910
365	177.660
366	177.600
367	177.560
368	177.380
370	177.650
371	177.810
372	177.370
373	177.220
374	177.070
375	177.340
376	178.380
377	178.290
378	177.800
379	177.370
380	177.650
381	178.410
382	177.470
383	177.530
384	177.200
385	178.140
387	178.240
388	177.270
389	177.990
390	177.280
391	178.170
392	178.330
393	177.040
396	177.640
397	177.320
399	178.340
400	178.440
402	178.330
403	177.670
404	177.700
405	177.970
408	177.830
409	178.190
410	177.810
411	178.120
412	177.660
413	177.690
414	177.770
415	177.400
418	177.620
419	177.230
420	177.910
421	177.950
422	178.440
423	177.200
424	177.800
426	178.360
427	178.040
428	177.200
430	178.420
431	177.690
433	178.120
434	178.430
435	177.060
436	177.980
437	178.080
438	178.360
440	177.680
442	177.200
443	178.090
444	177.140
445	178.160
446	178.460
448	178.200
449	177.060
450	178.100
452	177.950
453	177.660
454	178.410
456	178.040
458	177.100
459	178.080
461	177.820
462	178.470
463	177.100
465	177.010
466	178.430
467	177.460
468	177.270
469	177.330
470	178.310
471	177.070
472	178.150
474	177.600
475	177.720
476	177.790
477	177.260
478	177.010
479	177.330
482	177.550
483	177.350
485	178.040
486	178.280
488	178.060
489	177.490
490	177.880
493	177.390
494	178.320
495	177.530
497	177.050
498	177.350
499	178.440
500	177.660
1	179.170
2	178.910
4	179.730
5	178.980
6	178.920
7	179.200
8	179.370
10	178.890
11	179.950
12	179.110
15	179.060
16	178.660
17	179.290
18	178.550
19	178.560
20	179.400
22	178.740
24	179.590
26	178.810
27	179.320
28	178.760
29	179.040
30	178.650
31	179.580
33	179.000
34	179.900
36	179.880
37	178.700
38	179.070
39	179.060
40	178.700
41	179.380
43	179.800
45	178.810
46	179.560
47	179.380
49	179.720
50	178.810
51	179.490
52	178.780
53	178.840
54	179.570
55	178.780
56	179.580
58	179.700
59	178.780
60	179.000
62	180.000
64	179.240
66	179.590
67	179.100
69	179.830
70	179.250
71	179.620
72	179.630
73	179.480
75	179.720
76	178.820
77	179.850
78	178.620
80	178.570
81	179.420
82	179.380
83	179.070
84	179.130
85	179.230
86	179.960
87	179.670
88	179.940
89	178.850
90	179.170
91	179.010
92	179.330
93	179.920
94	179.410
96	179.660
97	178.870
98	178.990
99	179.220
101	178.970
102	178.890
104	179.240
105	179.790
106	179.730
107	179.790
108	179.600
109	179.580
111	179.400
112	178.830
113	178.900
114	179.010
115	179.300
116	179.650
117	178.910
118	179.290
119	179.580
120	179.380
121	179.090
123	178.700
124	179.480
125	179.020
126	178.930
127	179.280
129	179.130
130	179.310
132	179.970
133	178.670
137	179.620
139	178.540
140	179.440
141	178.680
142	179.520
144	179.860
145	179.380
147	179.010
149	178.870
150	179.620
152	178.620
153	178.790
154	179.500
155	179.060
156	178.760
157	179.450
158	179.140
159	179.710
160	178.770
161	179.120
162	179.330
164	179.350
166	179.980
167	178.690
168	178.600
169	179.060
170	179.600
171	179.190
172	179.930
173	179.520
175	179.200
180	179.610
181	179.130
182	178.970
185	179.980
186	179.840
188	179.510
189	178.570
190	179.850
191	179.940
192	178.810
193	179.940
194	178.630
195	179.480
198	178.870
199	178.940
201	179.280
202	178.710
203	178.700
204	179.560
205	178.620
206	179.910
210	179.490
212	178.850
213	178.720
214	179.450
215	179.200
216	179.170
219	179.300
220	179.280
223	179.030
225	179.810
226	179.440
229	178.850
230	179.800
231	179.470
232	178.820
233	178.820
235	178.730
236	178.950
238	179.640
240	179.200
241	178.640
242	179.000
243	178.600
245	179.410
246	179.230
247	179.950
249	178.790
250	179.520
251	178.810
252	178.520
253	178.620
254	179.780
255	179.240
256	179.000
257	179.940
258	179.920
260	179.180
261	179.900
263	178.520
264	179.120
266	178.860
267	179.830
268	179.780
269	179.680
270	179.350
271	179.140
272	179.210
273	179.240
274	179.220
275	179.760
276	178.640
277	179.450
278	178.690
281	179.260
282	178.630
283	179.010
284	179.970
286	178.660
288	179.670
291	178.990
292	178.740
295	179.180
296	179.120
297	178.920
299	178.760
300	179.500
301	178.940
302	179.270
303	178.900
305	179.910
306	179.940
308	179.720
310	179.250
311	179.870
313	178.740
314	179.370
315	179.890
316	179.000
317	178.780
318	179.320
320	179.330
321	179.320
322	179.310
323	178.680
324	179.820
325	179.530
326	179.010
328	179.720
330	179.940
331	178.650
332	179.260
333	179.920
335	179.440
336	179.170
337	179.460
338	178.840
339	179.950
340	179.410
341	178.940
342	179.760
343	179.700
344	178.910
345	179.940
346	178.790
348	179.570
349	179.070
350	179.050
351	179.860
352	179.380
353	179.180
354	179.320
356	178.660
357	178.850
359	179.260
363	179.280
364	179.920
365	179.670
366	179.610
367	179.570
368	179.390
369	178.970
370	179.660
371	179.820
372	179.380
373	179.230
374	179.080
375	179.350
378	179.810
379	179.380
380	179.660
382	179.480
383	179.540
384	179.210
386	179.000
388	179.280
389	180.000
390	179.290
393	179.050
394	178.960
395	178.590
396	179.650
397	179.330
398	178.560
401	178.780
403	179.680
404	179.710
405	179.980
406	178.580
407	178.920
408	179.840
410	179.820
412	179.670
413	179.700
414	179.780
415	179.410
416	178.970
417	178.740
418	179.630
419	179.240
420	179.920
421	179.960
423	179.210
424	179.810
425	178.700
428	179.210
429	178.990
431	179.700
432	178.800
435	179.070
436	179.990
439	178.510
440	179.690
441	178.920
442	179.210
444	179.150
447	178.920
449	179.070
451	178.710
452	179.960
453	179.670
455	178.880
457	178.990
458	179.110
460	178.830
461	179.830
463	179.110
464	178.770
465	179.020
467	179.470
468	179.280
469	179.340
471	179.080
473	178.940
474	179.610
475	179.730
476	179.800
477	179.270
478	179.020
479	179.340
480	178.880
481	178.760
482	179.560
483	179.360
484	178.950
487	178.980
489	179.500
490	179.890
491	178.690
492	178.550
493	179.400
495	179.540
496	178.830
497	179.060
498	179.360
500	179.670
1	181.180
2	180.920
3	180.060
5	180.990
6	180.930
7	181.210
8	181.380
9	180.380
10	180.900
12	181.120
13	180.050
14	180.040
15	181.070
16	180.670
17	181.300
18	180.560
19	180.570
20	181.410
21	180.360
22	180.750
23	180.150
25	180.100
26	180.820
27	181.330
28	180.770
29	181.050
30	180.660
32	180.470
33	181.010
35	180.500
37	180.710
38	181.080
39	181.070
40	180.710
41	181.390
42	180.110
44	180.470
45	180.820
47	181.390
48	180.160
50	180.820
51	181.500
52	180.790
53	180.850
55	180.790
57	180.020
59	180.790
60	181.010
61	180.150
63	180.220
64	181.250
65	180.410
67	181.110
68	180.430
70	181.260
73	181.490
74	180.470
76	180.830
78	180.630
79	180.120
80	180.580
81	181.430
82	181.390
83	181.080
84	181.140
85	181.240
89	180.860
90	181.180
91	181.020
92	181.340
94	181.420
95	180.490
97	180.880
98	181.000
99	181.230
100	180.500
101	180.980
102	180.900
103	180.010
104	181.250
110	180.080
111	181.410
112	180.840
113	180.910
114	181.020
115	181.310
117	180.920
118	181.300
120	181.390
121	181.100
122	180.170
123	180.710
124	181.490
125	181.030
126	180.940
127	181.290
128	180.060
129	181.140
130	181.320
131	180.330
133	180.680
134	180.070
135	180.050
136	180.400
138	180.300
139	180.550
140	181.450
141	180.690
143	180.320
145	181.390
146	180.070
147	181.020
148	180.200
149	180.880
151	180.170
152	180.630
153	180.800
155	181.070
156	180.770
157	181.460
158	181.150
160	180.780
161	181.130
162	181.340
163	180.440
164	181.360
165	180.260
167	180.700
168	180.610
169	181.070
171	181.200
174	180.090
175	181.210
176	180.490
177	180.450
178	180.290
179	180.220
181	181.140
182	180.980
183	180.510
184	180.060
187	180.250
189	180.580
192	180.820
194	180.640
195	181.490
196	180.160
197	180.130
198	180.880
199	180.950
200	180.170
201	181.290
202	180.720
203	180.710
205	180.630
207	180.020
208	180.310
209	180.130
210	181.500
211	180.480
212	180.860
213	180.730
214	181.460
215	181.210
216	181.180
217	180.280
218	180.180
219	181.310
220	181.290
221	180.480
222	180.330
223	181.040
224	180.300
226	181.450
227	180.200
228	180.140
229	180.860
231	181.480
232	180.830
233	180.830
234	180.020
235	180.740
236	180.960
237	180.080
239	180.390
240	181.210
241	180.650
242	181.010
243	180.610
244	180.080
245	181.420
246	181.240
248	180.150
249	180.800
251	180.820
252	180.530
253	180.630
255	181.250
256	181.010
259	180.510
260	181.190
262	180.250
263	180.530
264	181.130
265	180.280
266	180.870
270	181.360
271	181.150
272	181.220
273	181.250
274	181.230
276	180.650
277	181.460
278	180.700
279	180.330
280	180.180
281	181.270
282	180.640
283	181.020
285	180.430
286	180.670
287	180.450
289	180.350
290	180.310
291	181.000
292	180.750
293	180.130
294	180.090
295	181.190
296	181.130
297	180.930
298	180.100
299	180.770
301	180.950
302	181.280
303	180.910
304	180.340
307	180.100
309	180.340
310	181.260
312	180.300
313	180.750
314	181.380
316	181.010
317	180.790
318	181.330
319	180.290
320	181.340
321	181.330
322	181.320
323	180.690
326	181.020
327	180.280
329	180.340
331	180.660
332	181.270
334	180.290
335	181.450
336	181.180
337	181.470
338	180.850
340	181.420
341	180.950
344	180.920
346	180.800
347	180.500
349	181.080
350	181.060
352	181.390
353	181.190
354	181.330
355	180.500
356	180.670
357	180.860
358	180.060
359	181.270
360	180.320
361	180.260
362	180.490
363	181.290
368	181.400
369	180.980
372	181.390
373	181.240
374	181.090
375	181.360
376	180.390
377	180.300
379	181.390
381	180.420
382	181.490
384	181.220
385	180.150
386	181.010
387	180.250
388	181.290
390	181.300
391	180.180
392	180.340
393	181.060
394	180.970
395	180.600
397	181.340
398	180.570
399	180.350
400	180.450
401	180.790
402	180.340
406	180.590
407	180.930
409	180.200
411	180.130
415	181.420
416	180.980
417	180.750
419	181.250
422	180.450
423	181.220
425	180.710
426	180.370
427	180.050
428	181.220
429	181.000
430	180.430
432	180.810
433	180.130
434	180.440
435	181.080
437	180.090
438	180.370
439	180.520
441	180.930
442	181.220
443	180.100
444	181.160
445	180.170
446	180.470
447	180.930
448	180.210
449	181.080
450	180.110
451	180.720
454	180.420
455	180.890
456	180.050
457	181.000
458	181.120
459	180.090
460	180.840
462	180.480
463	181.120
464	180.780
465	181.030
466	180.440
467	181.480
468	181.290
469	181.350
470	180.320
471	181.090
472	180.160
473	180.950
477	181.280
478	181.030
479	181.350
480	180.890
481	180.770
483	181.370
484	180.960
485	180.050
486	180.290
487	180.990
488	180.070
491	180.700
492	180.560
493	181.410
494	180.330
496	180.840
497	181.070
498	181.370
499	180.450
2	182.930
3	182.070
4	181.740
5	183.000
6	182.940
9	182.390
10	182.910
11	181.960
13	182.060
14	182.050
16	182.680
18	182.570
19	182.580
21	182.370
22	182.760
23	182.160
24	181.600
25	182.110
26	182.830
28	182.780
30	182.670
31	181.590
32	182.480
34	181.910
35	182.510
36	181.890
37	182.720
40	182.720
42	182.120
43	181.810
44	182.480
45	182.830
46	181.570
48	182.170
49	181.730
50	182.830
52	182.800
53	182.860
54	181.580
55	182.800
56	181.590
57	182.030
58	181.710
59	182.800
61	182.160
62	182.010
63	182.230
65	182.420
66	181.600
68	182.440
69	181.840
71	181.630
72	181.640
74	182.480
75	181.730
76	182.840
77	181.860
78	182.640
79	182.130
80	182.590
86	181.970
87	181.680
88	181.950
89	182.870
93	181.930
95	182.500
96	181.670
97	182.890
100	182.510
101	182.990
102	182.910
103	182.020
105	181.800
106	181.740
107	181.800
108	181.610
109	181.590
110	182.090
112	182.850
113	182.920
116	181.660
117	182.930
119	181.590
122	182.180
123	182.720
126	182.950
128	182.070
131	182.340
132	181.980
133	182.690
134	182.080
135	182.060
136	182.410
137	181.630
138	182.310
139	182.560
141	182.700
142	181.530
143	182.330
144	181.870
146	182.080
148	182.210
149	182.890
150	181.630
151	182.180
152	182.640
153	182.810
154	181.510
156	182.780
159	181.720
160	182.790
163	182.450
165	182.270
166	181.990
167	182.710
168	182.620
170	181.610
172	181.940
173	181.530
174	182.100
176	182.500
177	182.460
178	182.300
179	182.230
180	181.620
182	182.990
183	182.520
184	182.070
185	181.990
186	181.850
187	182.260
188	181.520
189	182.590
190	181.860
191	181.950
192	182.830
193	181.950
194	182.650
196	182.170
197	182.140
198	182.890
199	182.960
200	182.180
202	182.730
203	182.720
204	181.570
205	182.640
206	181.920
207	182.030
208	182.320
209	182.140
211	182.490
212	182.870
213	182.740
217	182.290
218	182.190
221	182.490
222	182.340
224	182.310
225	181.820
227	182.210
228	182.150
229	182.870
230	181.810
232	182.840
233	182.840
234	182.030
235	182.750
236	182.970
237	182.090
238	181.650
239	182.400
241	182.660
243	182.620
244	182.090
247	181.960
248	182.160
249	182.810
250	181.530
251	182.830
252	182.540
253	182.640
254	181.790
257	181.950
258	181.930
259	182.520
261	181.910
262	182.260
263	182.540
265	182.290
266	182.880
267	181.840
268	181.790
269	181.690
275	181.770
276	182.660
278	182.710
279	182.340
280	182.190
282	182.650
284	181.980
285	182.440
286	182.680
287	182.460
288	181.680
289	182.360
290	182.320
292	182.760
293	182.140
294	182.100
297	182.940
298	182.110
299	182.780
300	181.510
301	182.960
303	182.920
304	182.350
305	181.920
306	181.950
307	182.110
308	181.730
309	182.350
311	181.880
312	182.310
313	182.760
315	181.900
317	182.800
319	182.300
323	182.700
324	181.830
325	181.540
327	182.290
328	181.730
329	182.350
330	181.950
331	182.670
333	181.930
334	182.300
338	182.860
339	181.960
341	182.960
342	181.770
343	181.710
344	182.930
345	181.950
346	182.810
347	182.510
348	181.580
351	181.870
355	182.510
356	182.680
357	182.870
358	182.070
360	182.330
361	182.270
362	182.500
364	181.930
365	181.680
366	181.620
367	181.580
369	182.990
370	181.670
371	181.830
376	182.400
377	182.310
378	181.820
380	181.670
381	182.430
383	181.550
385	182.160
387	182.260
389	182.010
391	182.190
392	182.350
394	182.980
395	182.610
396	181.660
398	182.580
399	182.360
400	182.460
401	182.800
402	182.350
403	181.690
404	181.720
405	181.990
406	182.600
407	182.940
408	181.850
409	182.210
410	181.830
411	182.140
412	181.680
413	181.710
414	181.790
416	182.990
417	182.760
418	181.640
420	181.930
421	181.970
422	182.460
424	181.820
425	182.720
426	182.380
427	182.060
430	182.440
431	181.710
432	182.820
433	182.140
434	182.450
436	182.000
437	182.100
438	182.380
439	182.530
440	181.700
441	182.940
443	182.110
445	182.180
446	182.480
447	182.940
448	182.220
450	182.120
451	182.730
452	181.970
453	181.680
454	182.430
455	182.900
456	182.060
459	182.100
460	182.850
461	181.840
462	182.490
464	182.790
466	182.450
470	182.330
472	182.170
473	182.960
474	181.620
475	181.740
476	181.810
480	182.900
481	182.780
482	181.570
484	182.970
485	182.060
486	182.300
487	183.000
488	182.080
489	181.510
490	181.900
491	182.710
492	182.570
494	182.340
495	181.550
496	182.850
499	182.460
500	181.680
1	183.190
3	184.080
4	183.750
7	183.220
8	183.390
9	184.400
11	183.970
12	183.130
13	184.070
14	184.060
15	183.080
17	183.310
20	183.420
21	184.380
23	184.170
24	183.610
25	184.120
27	183.340
29	183.060
31	183.600
32	184.490
33	183.020
34	183.920
36	183.900
38	183.090
39	183.080
41	183.400
42	184.130
43	183.820
44	184.490
46	183.580
47	183.400
48	184.180
49	183.740
51	183.510
54	183.590
56	183.600
57	184.040
58	183.720
60	183.020
61	184.170
62	184.020
63	184.240
64	183.260
65	184.430
66	183.610
67	183.120
68	184.450
69	183.850
70	183.270
71	183.640
72	183.650
73	183.500
74	184.490
75	183.740
77	183.870
79	184.140
81	183.440
82	183.400
83	183.090
84	183.150
85	183.250
86	183.980
87	183.690
88	183.960
90	183.190
91	183.030
92	183.350
93	183.940
94	183.430
96	183.680
98	183.010
99	183.240
103	184.030
104	183.260
105	183.810
106	183.750
107	183.810
108	183.620
109	183.600
110	184.100
111	183.420
114	183.030
115	183.320
116	183.670
118	183.310
119	183.600
120	183.400
121	183.110
122	184.190
124	183.500
125	183.040
127	183.300
128	184.080
129	183.150
130	183.330
131	184.350
132	183.990
134	184.090
135	184.070
136	184.420
137	183.640
138	184.320
140	183.460
142	183.540
143	184.340
144	183.880
145	183.400
146	184.090
147	183.030
148	184.220
150	183.640
151	184.190
154	183.520
155	183.080
157	183.470
158	183.160
159	183.730
161	183.140
162	183.350
163	184.460
164	183.370
165	184.280
166	184.000
169	183.080
170	183.620
171	183.210
172	183.950
173	183.540
174	184.110
175	183.220
177	184.470
178	184.310
179	184.240
180	183.630
181	183.150
184	184.080
185	184.000
186	183.860
187	184.270
188	183.530
190	183.870
191	183.960
193	183.960
195	183.500
196	184.180
197	184.150
200	184.190
201	183.300
204	183.580
206	183.930
207	184.040
208	184.330
209	184.150
210	183.510
211	184.500
214	183.470
215	183.220
216	183.190
217	184.300
218	184.200
219	183.320
220	183.300
221	184.500
222	184.350
223	183.050
224	184.320
225	183.830
226	183.460
227	184.220
228	184.160
230	183.820
231	183.490
234	184.040
237	184.100
238	183.660
239	184.410
240	183.220
242	183.020
244	184.100
245	183.430
246	183.250
247	183.970
248	184.170
250	183.540
254	183.800
255	183.260
256	183.020
257	183.960
258	183.940
260	183.200
261	183.920
262	184.270
264	183.140
265	184.300
267	183.850
268	183.800
269	183.700
270	183.370
271	183.160
272	183.230
273	183.260
274	183.240
275	183.780
277	183.470
279	184.350
280	184.200
281	183.280
283	183.030
284	183.990
285	184.450
287	184.470
288	183.690
289	184.370
290	184.330
291	183.010
293	184.150
294	184.110
295	183.200
296	183.140
298	184.120
300	183.520
302	183.290
304	184.360
305	183.930
306	183.960
307	184.120
308	183.740
309	184.360
310	183.270
311	183.890
312	184.320
314	183.390
315	183.910
316	183.020
318	183.340
319	184.310
320	183.350
321	183.340
322	183.330
324	183.840
325	183.550
326	183.030
327	184.300
328	183.740
329	184.360
330	183.960
332	183.280
333	183.940
334	184.310
335	183.460
336	183.190
337	183.480
339	183.970
340	183.430
342	183.780
343	183.720
345	183.960
348	183.590
349	183.090
350	183.070
351	183.880
352	183.400
353	183.200
354	183.340
358	184.080
359	183.280
360	184.340
361	184.280
363	183.300
364	183.940
365	183.690
366	183.630
367	183.590
368	183.410
370	183.680
371	183.840
372	183.400
373	183.250
374	183.100
375	183.370
376	184.410
377	184.320
378	183.830
379	183.400
380	183.680
381	184.440
382	183.500
383	183.560
384	183.230
385	184.170
386	183.020
387	184.270
388	183.300
389	184.020
390	183.310
391	184.200
392	184.360
393	183.070
396	183.670
397	183.350
399	184.370
400	184.470
402	184.360
403	183.700
404	183.730
405	184.000
408	183.860
409	184.220
410	183.840
411	184.150
412	183.690
413	183.720
414	183.800
415	183.430
418	183.650
419	183.260
420	183.940
421	183.980
422	184.470
423	183.230
424	183.830
426	184.390
427	184.070
428	183.230
429	183.010
430	184.450
431	183.720
433	184.150
434	184.460
435	183.090
436	184.010
437	184.110
438	184.390
440	183.710
442	183.230
443	184.120
444	183.170
445	184.190
446	184.490
448	184.230
449	183.090
450	184.130
452	183.980
453	183.690
454	184.440
456	184.070
457	183.010
458	183.130
459	184.110
461	183.850
462	184.500
463	183.130
465	183.040
466	184.460
467	183.490
468	183.300
469	183.360
470	184.340
471	183.100
472	184.180
474	183.630
475	183.750
476	183.820
477	183.290
478	183.040
479	183.360
482	183.580
483	183.380
485	184.070
486	184.310
488	184.090
489	183.520
490	183.910
493	183.420
494	184.350
495	183.560
497	183.080
498	183.380
499	184.470
500	183.690
1	185.200
2	184.940
4	185.760
5	185.010
6	184.950
7	185.230
8	185.400
10	184.920
11	185.980
12	185.140
15	185.090
16	184.690
17	185.320
18	184.580
19	184.590
20	185.430
22	184.770
24	185.620
26	184.840
27	185.350
28	184.790
29	185.070
30	184.680
31	185.610
33	185.030
34	185.930
35	184.520
36	185.910
37	184.730
38	185.100
39	185.090
40	184.730
41	185.410
43	185.830
45	184.840
46	185.590
47	185.410
49	185.750
50	184.840
51	185.520
52	184.810
53	184.870
54	185.600
55	184.810
56	185.610
58	185.730
59	184.810
60	185.030
64	185.270
66	185.620
67	185.130
69	185.860
70	185.280
71	185.650
72	185.660
73	185.510
75	185.750
76	184.850
77	185.880
78	184.650
80	184.600
81	185.450
82	185.410
83	185.100
84	185.160
85	185.260
86	185.990
87	185.700
88	185.970
89	184.880
90	185.200
91	185.040
92	185.360
93	185.950
94	185.440
95	184.510
96	185.690
97	184.900
98	185.020
99	185.250
100	184.520
101	185.000
102	184.920
104	185.270
105	185.820
106	185.760
107	185.820
108	185.630
109	185.610
111	185.430
112	184.860
113	184.930
114	185.040
115	185.330
116	185.680
117	184.940
118	185.320
119	185.610
120	185.410
121	185.120
123	184.730
124	185.510
125	185.050
126	184.960
127	185.310
129	185.160
130	185.340
132	186.000
133	184.700
137	185.650
139	184.570
140	185.470
141	184.710
142	185.550
144	185.890
145	185.410
147	185.040
149	184.900
150	185.650
152	184.650
153	184.820
154	185.530
155	185.090
156	184.790
157	185.480
158	185.170
159	185.740
160	184.800
161	185.150
162	185.360
164	185.380
167	184.720
168	184.630
169	185.090
170	185.630
171	185.220
172	185.960
173	185.550
175	185.230
176	184.510
180	185.640
181	185.160
182	185.000
183	184.530
186	185.870
188	185.540
189	184.600
190	185.880
191	185.970
192	184.840
193	185.970
194	184.660
195	185.510
198	184.900
199	184.970
201	185.310
202	184.740
203	184.730
204	185.590
205	184.650
206	185.940
210	185.520
212	184.880
213	184.750
214	185.480
215	185.230
216	185.200
219	185.330
220	185.310
223	185.060
225	185.840
226	185.470
229	184.880
230	185.830
231	185.500
232	184.850
233	184.850
235	184.760
236	184.980
238	185.670
240	185.230
241	184.670
242	185.030
243	184.630
245	185.440
246	185.260
247	185.980
249	184.820
250	185.550
251	184.840
252	184.550
253	184.650
254	185.810
255	185.270
256	185.030
257	185.970
258	185.950
259	184.530
260	185.210
261	185.930
263	184.550
264	185.150
266	184.890
267	185.860
268	185.810
269	185.710
270	185.380
271	185.170
272	185.240
273	185.270
274	185.250
275	185.790
276	184.670
277	185.480
278	184.720
281	185.290
282	184.660
283	185.040
284	186.000
286	184.690
288	185.700
291	185.020
292	184.770
295	185.210
296	185.150
297	184.950
299	184.790
300	185.530
301	184.970
302	185.300
303	184.930
305	185.940
306	185.970
308	185.750
310	185.280
311	185.900
313	184.770
314	185.400
315	185.920
316	185.030
317	184.810
318	185.350
320	185.360
321	185.350
322	185.340
323	184.710
324	185.850
325	185.560
326	185.040
328	185.750
330	185.970
331	184.680
332	185.290
333	185.950
335	185.470
336	185.200
337	185.490
338	184.870
339	185.980
340	185.440
341	184.970
342	185.790
343	185.730
344	184.940
345	185.970
346	184.820
347	184.520
348	185.600
349	185.100
350	185.080
351	185.890
352	185.410
353	185.210
354	185.350
355	184.520
356	184.690
357	184.880
359	185.290
362	184.510
363	185.310
364	185.950
365	185.700
366	185.640
367	185.600
368	185.420
369	185.000
370	185.690
371	185.850
372	185.410
373	185.260
374	185.110
375	185.380
378	185.840
379	185.410
380	185.690
382	185.510
383	185.570
384	185.240
386	185.030
388	185.310
390	185.320
393	185.080
394	184.990
395	184.620
396	185.680
397	185.360
398	184.590
401	184.810
403	185.710
404	185.740
406	184.610
407	184.950
408	185.870
410	185.850
412	185.700
413	185.730
414	185.810
415	185.440
416	185.000
417	184.770
418	185.660
419	185.270
420	185.950
421	185.990
423	185.240
424	185.840
425	184.730
428	185.240
429	185.020
431	185.730
432	184.830
435	185.100
439	184.540
440	185.720
441	184.950
442	185.240
444	185.180
447	184.950
449	185.100
451	184.740
452	185.990
453	185.700
455	184.910
457	185.020
458	185.140
460	184.860
461	185.860
463	185.140
464	184.800
465	185.050
467	185.500
468	185.310
469	185.370
471	185.110
473	184.970
474	185.640
475	185.760
476	185.830
477	185.300
478	185.050
479	185.370
480	184.910
481	184.790
482	185.590
483	185.390
484	184.980
487	185.010
489	185.530
490	185.920
491	184.720
492	184.580
493	185.430
495	185.570
496	184.860
497	185.090
498	185.390
500	185.700
1	187.210
2	186.950
3	186.090
5	187.020
6	186.960
7	187.240
8	187.410
9	186.410
10	186.930
12	187.150
13	186.080
14	186.070
15	187.100
16	186.700
17	187.330
18	186.590
19	186.600
20	187.440
21	186.390
22	186.780
23	186.180
25	186.130
26	186.850
27	187.360
28	186.800
29	187.080
30	186.690
32	186.500
33	187.040
35	186.530
37	186.740
38	187.110
39	187.100
40	186.740
41	187.420
42	186.140
44	186.500
45	186.850
47	187.420
48	186.190
50	186.850
52	186.820
53	186.880
55	186.820
57	186.050
59	186.820
60	187.040
61	186.180
62	186.030
63	186.250
64	187.280
65	186.440
67	187.140
68	186.460
70	187.290
74	186.500
76	186.860
78	186.660
79	186.150
80	186.610
81	187.460
82	187.420
83	187.110
84	187.170
85	187.270
89	186.890
90	187.210
91	187.050
92	187.370
94	187.450
95	186.520
97	186.910
98	187.030
99	187.260
100	186.530
101	187.010
102	186.930
103	186.040
104	187.280
110	186.110
112	186.870
113	186.940
115	187.340
117	186.950
118	187.330
120	187.420
121	187.130
122	186.200
123	186.740
125	187.060
126	186.970
127	187.320
128	186.090
129	187.170
130	187.350
131	186.360
133	186.710
134	186.100
135	186.080
136	186.430
138	186.330
139	186.580
140	187.480
141	186.720
143	186.350
145	187.420
146	186.100
147	187.050
148	186.230
149	186.910
151	186.200
152	186.660
153	186.830
155	187.100
156	186.800
157	187.490
158	187.180
160	186.810
161	187.160
162	187.370
163	186.470
164	187.390
165	186.290
166	186.010
167	186.730
168	186.640
169	187.100
171	187.230
174	186.120
175	187.240
176	186.520
177	186.480
178	186.320
179	186.250
181	187.170
182	187.010
183	186.540
184	186.090
185	186.010
187	186.280
189	186.610
192	186.850
194	186.670
196	186.190
197	186.160
198	186.910
199	186.980
200	186.200
201	187.320
202	186.750
203	186.740
205	186.660
207	186.050
208	186.340
209	186.160
211	186.510
212	186.890
213	186.760
214	187.490
215	187.240
216	187.210
217	186.310
218	186.210
219	187.340
220	187.320
221	186.510
222	186.360
224	186.330
226	187.480
227	186.230
228	186.170
229	186.890
232	186.860
233	186.860
234	186.050
235	186.770
236	186.990
237	186.110
239	186.420
240	187.240
241	186.680
242	187.040
243	186.640
244	186.110
245	187.450
246	187.270
248	186.180
249	186.830
251	186.850
252	186.560
253	186.660
255	187.280
256	187.040
259	186.540
260	187.220
262	186.280
263	186.560
264	187.160
265	186.310
266	186.900
270	187.390
271	187.180
272	187.250
273	187.280
274	187.260
276	186.680
277	187.490
278	186.730
279	186.360
280	186.210
281	187.300
282	186.670
283	187.050
285	186.460
286	186.700
287	186.480
289	186.380
290	186.340
291	187.030
292	186.780
293	186.160
294	186.120
295	187.220
296	187.160
297	186.960
298	186.130
299	186.800
301	186.980
302	187.310
303	186.940
304	186.370
307	186.130
309	186.370
312	186.330
313	186.780
314	187.410
316	187.040
317	186.820
318	187.360
319	186.320
320	187.370
321	187.360
322	187.350
323	186.720
326	187.050
327	186.310
329	186.370
331	186.690
332	187.300
334	186.320
335	187.480
336	187.210
337	187.500
338	186.880
340	187.450
341	186.980
344	186.950
346	186.830
347	186.530
349	187.110
350	187.090
352	187.420
353	187.220
354	187.360
355	186.530
356	186.700
357	186.890
358	186.090
359	187.300
360	186.350
361	186.290
362	186.520
363	187.320
368	187.430
369	187.010
372	187.420
373	187.270
374	187.120
375	187.390
376	186.420
377	186.330
379	187.420
381	186.450
384	187.250
385	186.180
386	187.040
387	186.280
388	187.320
389	186.030
390	187.330
391	186.210
392	186.370
393	187.090
394	187.000
395	186.630
397	187.370
398	186.600
399	186.380
400	186.480
401	186.820
402	186.370
405	186.010
406	186.620
407	186.960
409	186.230
411	186.160
415	187.450
416	187.010
417	186.780
419	187.280
422	186.480
425	186.740
426	186.400
427	186.080
428	187.250
429	187.030
430	186.460
432	186.840
433	186.160
434	186.470
435	187.110
436	186.020
437	186.120
438	186.400
439	186.550
441	186.960
442	187.250
443	186.130
444	187.190
445	186.200
446	186.500
447	186.960
448	186.240
449	187.110
450	186.140
451	186.750
454	186.450
455	186.920
456	186.080
457	187.030
458	187.150
459	186.120
460	186.870
462	186.510
463	187.150
464	186.810
465	187.060
466	186.470
468	187.320
469	187.380
470	186.350
471	187.120
472	186.190
473	186.980
477	187.310
478	187.060
479	187.380
480	186.920
481	186.800
483	187.400
484	186.990
485	186.080
486	186.320
487	187.020
488	186.100
491	186.730
492	186.590
493	187.440
494	186.360
496	186.870
497	187.100
498	187.400
499	186.480
3	188.100
4	187.770
6	188.970
10	188.940
11	187.990
13	188.090
14	188.080
18	188.600
22	188.790
23	188.190
24	187.630
25	188.140
26	188.860
28	188.810
30	188.700
31	187.620
32	188.510
34	187.940
35	188.540
36	187.920
37	188.750
40	188.750
42	188.150
43	187.840
44	188.510
45	188.860
46	187.600
48	188.200
49	187.760
50	188.860
52	188.830
53	188.890
54	187.610
55	188.830
56	187.620
57	188.060
58	187.740
61	188.190
62	188.040
63	188.260
66	187.630
68	188.470
69	187.870
71	187.660
72	187.670
73	187.520
74	188.510
75	187.760
78	188.670
79	188.160
80	188.620
86	188.000
87	187.710
88	187.980
89	188.900
93	187.960
95	188.530
96	187.700
97	188.920
100	188.540
102	188.940
103	188.050
105	187.830
106	187.770
107	187.830
108	187.640
109	187.620
110	188.120
112	188.880
113	188.950
116	187.690
117	188.960
119	187.620
122	188.210
123	188.750
124	187.520
126	188.980
128	188.100
131	188.370
132	188.010
133	188.720
134	188.110
135	188.090
136	188.440
137	187.660
138	188.340
139	188.590
141	188.730
142	187.560
143	188.360
144	187.900
146	188.110
148	188.240
149	188.920
150	187.660
151	188.210
152	188.670
153	188.840
154	187.540
156	188.810
159	187.750
160	188.820
163	188.480
165	188.300
166	188.020
167	188.740
168	188.650
170	187.640
172	187.970
173	187.560
174	188.130
176	188.530
177	188.490
178	188.330
179	188.260
180	187.650
183	188.550
184	188.100
185	188.020
186	187.880
187	188.290
188	187.550
189	188.620
190	187.890
191	187.980
192	188.860
193	187.980
194	188.680
195	187.520
196	188.200
197	188.170
198	188.920
199	188.990
200	188.210
203	188.750
204	187.600
205	188.670
206	187.950
207	188.060
208	188.350
209	188.170
210	187.530
211	188.520
212	188.900
213	188.770
217	188.320
218	188.220
221	188.520
222	188.370
224	188.340
225	187.850
227	188.240
228	188.180
229	188.900
230	187.840
231	187.510
232	188.870
233	188.870
234	188.060
235	188.780
236	189.000
237	188.120
238	187.680
239	188.430
241	188.690
243	188.650
244	188.120
247	187.990
248	188.190
249	188.840
250	187.560
251	188.860
252	188.570
253	188.670
254	187.820
258	187.960
259	188.550
261	187.940
263	188.570
265	188.320
267	187.870
268	187.820
269	187.720
275	187.800
276	188.690
278	188.740
279	188.370
280	188.220
282	188.680
284	188.010
286	188.710
287	188.490
288	187.710
289	188.390
290	188.350
292	188.790
294	188.130
297	188.970
298	188.140
299	188.810
300	187.540
303	188.950
304	188.380
305	187.950
306	187.980
307	188.140
308	187.760
309	188.380
311	187.910
313	188.790
315	187.930
319	188.330
323	188.730
324	187.860
325	187.570
327	188.320
328	187.760
329	188.380
330	187.980
333	187.960
334	188.330
338	188.890
339	187.990
341	188.990
342	187.800
343	187.740
345	187.980
346	188.840
347	188.540
348	187.610
351	187.900
355	188.540
356	188.710
357	188.900
360	188.360
361	188.300
362	188.530
364	187.960
365	187.710
366	187.650
370	187.700
371	187.860
376	188.430
377	188.340
378	187.850
380	187.700
381	188.460
382	187.520
383	187.580
385	188.190
387	188.290
389	188.040
391	188.220
392	188.380
395	188.640
396	187.690
398	188.610
399	188.390
400	188.490
401	188.830
402	188.380
404	187.750
405	188.020
406	188.630
407	188.970
408	187.880
409	188.240
410	187.860
411	188.170
412	187.710
413	187.740
414	187.820
418	187.670
420	187.960
421	188.000
422	188.490
424	187.850
425	188.750
426	188.410
427	188.090
430	188.470
431	187.740
432	188.850
433	188.170
434	188.480
436	188.030
437	188.130
438	188.410
439	188.560
440	187.730
441	188.970
443	188.140
445	188.210
446	188.510
447	188.970
448	188.250
450	188.150
451	188.760
453	187.710
454	188.460
455	188.930
456	188.090
459	188.130
461	187.870
462	188.520
464	188.820
466	188.480
467	187.510
470	188.360
472	188.200
473	188.990
474	187.650
475	187.770
476	187.840
480	188.930
481	188.810
482	187.600
484	189.000
485	188.090
486	188.330
488	188.110
489	187.540
492	188.600
494	188.370
495	187.580
496	188.880
500	187.710
1	189.220
4	189.780
7	189.250
8	189.420
11	190.000
12	189.160
14	190.090
15	189.110
17	189.340
20	189.450
23	190.200
24	189.640
25	190.150
27	189.370
29	189.090
31	189.630
33	189.050
34	189.950
36	189.930
38	189.120
39	189.110
41	189.430
42	190.160
43	189.850
46	189.610
47	189.430
48	190.210
49	189.770
54	189.620
56	189.630
57	190.070
58	189.750
60	189.050
61	190.200
62	190.050
64	189.290
66	189.640
67	189.150
69	189.880
70	189.300
71	189.670
72	189.680
81	189.470
82	189.430
83	189.120
85	189.280
88	189.990
90	189.220
91	189.060
92	189.380
94	189.460
96	189.710
98	189.040
99	189.270
101	189.020
103	190.060
104	189.290
105	189.840
106	189.780
107	189.840
108	189.650
109	189.630
110	190.130
115	189.350
116	189.700
118	189.340
119	189.630
120	189.430
121	189.140
124	189.530
127	189.330
128	190.110
129	189.180
130	189.360
131	190.380
132	190.020
134	190.120
135	190.100
136	190.450
137	189.670
138	190.350
140	189.490
142	189.570
143	190.370
144	189.910
145	189.430
146	190.120
147	189.060
150	189.670
151	190.220
154	189.550
155	189.110
157	189.500
159	189.760
161	189.170
162	189.380
163	190.490
164	189.400
165	190.310
166	190.030
170	189.650
171	189.240
172	189.980
173	189.570
174	190.140
175	189.250
177	190.500
178	190.340
179	190.270
181	189.180
182	189.020
184	190.110
185	190.030
186	189.890
187	190.300
188	189.560
190	189.900
191	189.990
193	189.990
195	189.530
196	190.210
201	189.330
204	189.610
207	190.070
215	189.250
216	189.220
217	190.330
220	189.330
222	190.380
224	190.350
226	189.490
228	190.190
231	189.520
234	190.070
237	190.130
239	190.440
240	189.250
242	189.050
244	190.130
245	189.460
247	190.000
250	189.570
254	189.830
255	189.290
256	189.050
258	189.970
260	189.230
264	189.170
265	190.330
267	189.880
269	189.730
270	189.400
271	189.190
272	189.260
273	189.290
274	189.270
277	189.500
279	190.380
280	190.230
281	189.310
283	189.060
287	190.500
288	189.720
289	190.400
291	189.040
294	190.140
296	189.170
298	190.150
300	189.550
302	189.320
305	189.960
308	189.770
309	190.390
311	189.920
314	189.420
316	189.050
318	189.370
319	190.340
320	189.380
321	189.370
322	189.360
324	189.870
325	189.580
326	189.060
327	190.330
328	189.770
329	190.390
332	189.310
333	189.970
334	190.340
335	189.490
336	189.220
337	189.510
342	189.810
343	189.750
345	189.990
348	189.620
349	189.120
350	189.100
351	189.910
353	189.230
354	189.370
359	189.310
364	189.970
365	189.720
366	189.660
368	189.440
369	189.020
370	189.710
371	189.870
373	189.280
374	189.130
375	189.400
376	190.440
377	190.350
378	189.860
379	189.430
380	189.710
381	190.470
382	189.530
387	190.300
388	189.330
389	190.050
390	189.340
391	190.230
392	190.390
394	189.010
396	189.700
402	190.390
404	189.760
405	190.030
408	189.890
409	190.250
410	189.870
411	190.180
412	189.720
413	189.750
414	189.830
415	189.460
416	189.020
418	189.680
419	189.290
420	189.970
422	190.500
424	189.860
426	190.420
429	189.040
431	189.750
433	190.180
435	189.120
436	190.040
442	189.260
443	190.150
444	189.200
445	190.220
448	190.260
449	189.120
453	189.720
454	190.470
457	189.040
458	189.160
459	190.140
461	189.880
463	189.160
466	190.490
467	189.520
470	190.370
471	189.130
472	190.210
474	189.660
476	189.850
477	189.320
478	189.070
479	189.390
482	189.610
483	189.410
486	190.340
487	189.030
488	190.120
489	189.550
493	189.450
495	189.590
497	189.110
498	189.410
500	189.720
1	191.230
12	191.170
20	191.460
22	190.800
28	190.820
30	190.710
33	191.060
35	190.550
38	191.130
39	191.120
41	191.440
43	191.860
49	191.780
50	190.870
55	190.840
56	191.640
70	191.310
71	191.680
72	191.690
74	190.520
80	190.630
81	191.480
82	191.440
83	191.130
89	190.910
94	191.470
96	191.720
97	190.930
99	191.280
100	190.550
112	190.890
113	190.960
116	191.710
117	190.970
118	191.350
119	191.640
123	190.760
127	191.340
129	191.190
130	191.370
133	190.730
141	190.740
145	191.440
147	191.070
152	190.680
153	190.850
157	191.510
159	191.770
164	191.410
167	190.750
168	190.660
172	191.990
173	191.580
176	190.540
182	191.030
183	190.560
186	191.900
189	190.630
192	190.870
194	190.690
199	191.000
204	191.620
205	190.680
213	190.780
216	191.230
233	190.880
240	191.260
242	191.060
249	190.850
250	191.580
252	190.580
253	190.680
259	190.560
263	190.580
264	191.180
267	191.890
270	191.410
273	191.300
274	191.280
276	190.700
286	190.720
288	191.730
291	191.050
292	190.800
296	191.180
297	190.980
305	191.970
313	190.800
318	191.380
320	191.390
324	191.880
325	191.590
337	191.520
338	190.900
345	192.000
346	190.850
347	190.550
353	191.240
355	190.550
357	190.910
362	190.540
364	191.980
366	191.670
369	191.030
371	191.880
378	191.870
379	191.440
390	191.350
394	191.020
396	191.710
398	190.620
401	190.840
404	191.770
406	190.640
407	190.980
412	191.730
418	191.690
429	191.050
435	191.130
439	190.570
444	191.210
447	190.980
457	191.050
458	191.170
463	191.170
471	191.140
478	191.080
480	190.940
483	191.420
487	191.040
493	191.460
496	190.890
500	191.730
22	192.810
41	193.450
57	192.080
80	192.640
103	192.070
117	192.980
127	193.350
128	192.120
130	193.380
131	192.390
133	192.740
136	192.460
141	192.750
145	193.450
146	192.130
152	192.690
163	192.500
166	192.040
167	192.760
168	192.670
183	192.570
199	193.010
217	192.340
224	192.360
239	192.450
244	192.140
247	192.010
252	192.590
265	192.340
274	193.290
279	192.390
280	192.240
287	192.510
313	192.810
319	192.350
334	192.350
362	192.550
369	193.040
387	192.310
389	192.060
392	192.400
398	192.630
406	192.650
407	192.990
443	192.160
458	193.180
471	193.150
478	193.090
487	193.050
496	192.900
43	193.870
56	193.650
57	194.090
96	193.730
128	194.130
131	194.400
252	194.600
288	193.740
313	194.820
337	193.530
362	194.560
418	193.700
443	194.170
418	195.710
458	195.190
384	259.900
464	259.820
223	261.950
273	262.240
333	261.900
79	262.520
105	262.720
212	263.860
288	263.380
499	263.300
89	264.320
106	264.510
168	265.460
188	264.200
236	265.250
250	264.720
329	264.780
459	264.430
73	266.370
184	266.800
206	266.590
287	265.850
499	266.130
24	268.300
37	268.190
39	268.420
55	268.360
59	267.980
85	268.000
159	268.190
163	268.230
164	267.580
175	268.150
192	267.660
202	267.640
204	267.700
207	267.280
210	268.300
215	267.940
221	267.380
243	267.290
255	267.650
267	267.730
275	268.040
296	268.120
299	267.840
325	268.170
334	267.620
351	268.490
361	267.330
379	267.740
389	267.370
390	268.020
403	268.380
426	268.310
436	267.360
472	268.240
482	267.960
19	268.610
35	269.910
41	269.820
44	268.970
75	269.360
109	268.790
114	269.940
127	269.660
139	269.160
140	269.920
147	269.000
148	268.520
161	268.510
170	269.650
179	268.850
202	269.760
203	269.750
206	269.810
208	269.630
214	269.660
231	269.530
238	269.630
243	269.520
246	269.450
247	269.420
260	269.840
267	269.740
274	269.080
277	268.900
287	269.410
290	269.990
293	268.850
313	269.900
338	268.610
339	269.080
344	269.020
361	269.450
362	268.640
366	269.640
369	269.260
371	269.960
382	268.790
389	269.730
405	269.300
412	269.970
417	269.850
422	268.870
440	269.310
443	269.700
448	268.990
449	268.620
455	268.930
466	269.400
500	268.850
2	270.920
6	270.410
7	270.580
15	271.280
17	270.850
24	270.700
31	271.290
37	270.930
39	271.370
45	271.090
49	270.640
51	270.630
55	270.370
57	270.720
59	270.650
63	270.520
76	271.490
79	271.270
83	270.600
85	270.840
97	271.500
111	270.750
113	271.470
117	270.910
126	270.850
136	270.650
139	271.240
144	270.050
147	271.410
159	270.990
161	270.520
164	271.250
175	271.320
179	271.310
180	270.310
186	270.850
192	270.230
193	271.360
204	271.300
207	270.400
210	270.310
212	270.750
215	270.240
221	270.110
229	271.190
246	271.460
247	271.430
254	271.440
256	270.190
264	270.350
270	271.220
272	271.490
275	270.570
276	271.300
277	270.910
279	270.590
282	271.430
283	271.370
293	270.860
294	270.160
295	271.340
296	270.130
297	270.600
307	271.400
323	271.030
325	270.180
334	271.500
338	271.280
339	271.090
351	270.820
361	271.460
362	270.650
365	271.400
374	271.380
376	270.160
378	271.000
383	271.310
390	270.580
395	271.270
403	270.390
404	271.200
418	271.320
419	270.180
426	270.810
431	270.770
434	271.280
436	270.190
440	271.320
448	271.000
449	270.630
454	270.390
455	271.270
463	270.700
469	270.350
472	270.960
478	271.100
485	271.490
488	270.400
499	270.710
500	271.140
2	272.930
4	272.080
9	272.020
17	272.860
19	271.690
20	272.320
22	272.230
24	272.710
28	272.810
35	271.920
41	272.480
44	271.950
46	272.900
49	272.650
51	272.640
56	272.590
62	272.130
64	271.790
68	272.460
72	271.630
73	271.640
77	272.720
78	272.420
83	272.610
85	272.850
86	271.780
109	272.400
115	271.680
123	271.660
124	271.890
126	272.960
127	271.670
128	272.430
130	272.030
135	272.050
136	272.660
137	271.710
138	272.360
141	272.770
144	272.060
146	272.500
148	271.630
150	271.640
151	272.030
157	271.960
160	272.190
161	272.530
171	272.560
172	272.600
176	272.410
178	271.890
181	272.230
184	272.120
189	272.790
192	272.340
196	271.910
202	271.770
203	271.760
207	272.410
208	271.640
209	272.070
210	272.320
213	272.330
215	272.250
221	272.430
228	272.610
231	272.100
232	272.190
238	271.900
240	272.310
241	271.570
248	271.520
249	272.240
251	272.450
253	272.870
255	272.760
260	271.850
261	272.390
265	272.080
267	271.750
275	272.630
277	272.920
278	272.180
284	272.440
285	272.050
289	272.070
290	272.150
292	272.010
294	272.190
296	272.140
297	272.610
300	271.750
305	272.300
308	272.070
313	271.910
316	272.910
321	272.300
322	271.870
325	272.190
330	271.620
331	272.590
332	272.320
336	272.760
337	272.350
341	272.920
342	271.670
344	271.920
346	272.820
347	272.330
349	271.550
350	272.050
352	271.950
356	272.200
360	272.130
362	272.660
366	272.890
369	271.690
371	271.970
372	271.900
373	271.620
375	272.900
376	272.170
380	271.990
388	272.400
389	272.060
390	272.940
391	272.110
398	272.850
401	272.260
403	272.400
405	272.730
412	271.980
415	271.740
416	272.600
417	271.860
422	271.830
426	272.820
432	272.580
435	272.530
436	272.750
442	272.320
443	271.710
445	271.850
446	272.660
449	272.640
451	271.950
452	271.820
453	271.950
454	272.430
457	271.820
460	272.200
462	271.550
466	271.520
468	272.260
472	272.970
473	272.290
486	272.890
487	272.470
488	272.620
497	272.880
498	271.590
499	272.720
6	273.500
7	273.310
9	274.030
12	273.080
15	273.310
19	273.700
20	274.330
27	273.450
31	273.420
33	273.670
36	273.450
38	274.230
39	273.380
41	274.490
42	273.420
44	273.960
50	273.890
53	273.380
59	273.120
62	274.140
67	274.180
68	274.470
72	273.640
73	273.650
75	273.860
86	273.980
93	274.130
97	273.580
100	273.300
103	274.350
105	274.080
107	273.950
110	273.520
111	273.490
113	273.480
114	274.370
115	273.690
117	273.650
121	273.590
123	274.090
124	273.900
127	273.680
131	274.280
135	274.060
137	274.040
138	274.370
139	273.610
143	273.380
144	274.070
147	273.420
148	273.640
150	273.650
151	274.040
152	274.230
154	273.800
155	273.020
157	273.970
158	273.020
159	274.100
164	273.260
165	273.380
166	273.060
167	273.190
174	273.660
176	274.420
178	273.900
179	273.590
180	273.610
182	274.500
184	274.210
188	273.190
190	273.030
191	273.010
193	273.370
196	273.920
202	273.780
203	273.770
204	274.210
207	274.420
208	273.650
209	274.080
210	274.330
211	273.440
214	273.310
215	274.260
216	273.110
218	273.480
221	274.440
222	274.340
226	273.690
227	274.270
229	273.200
230	273.500
231	274.110
232	274.200
240	274.320
241	273.580
243	273.240
246	273.470
247	273.440
248	273.660
254	274.010
256	273.690
258	274.010
260	273.860
265	274.090
267	273.760
270	273.230
272	273.500
274	273.020
278	274.220
282	273.440
283	273.930
284	274.450
285	274.250
286	273.710
288	273.150
289	274.080
290	274.310
292	274.020
293	273.040
294	274.200
295	273.500
296	274.150
300	273.760
307	274.250
313	273.920
318	273.500
322	273.880
323	273.040
325	274.200
326	274.380
328	273.760
329	273.260
330	273.630
332	274.330
338	273.290
339	273.100
340	274.230
342	273.840
343	273.230
344	274.040
347	274.340
349	274.090
350	274.060
351	273.010
352	273.960
356	274.210
358	274.060
360	274.140
361	273.470
365	273.410
367	273.050
368	274.150
369	273.700
371	273.980
372	274.060
373	274.240
374	273.540
376	274.180
377	273.440
383	273.990
386	273.570
389	274.070
394	273.210
395	273.500
396	273.360
403	274.410
404	273.210
406	274.420
409	273.500
410	273.310
412	273.990
415	273.750
419	273.700
421	273.290
422	274.180
433	273.210
434	274.230
437	273.640
440	273.330
442	274.330
443	273.720
445	273.860
448	273.010
452	273.830
453	274.310
454	274.440
455	273.570
457	273.830
458	274.370
459	273.970
460	274.210
462	273.590
463	274.000
466	273.530
469	273.740
476	274.050
478	273.140
479	273.210
483	273.530
485	273.500
487	274.480
489	274.130
491	273.520
492	273.070
498	273.740
500	273.150
2	274.940
4	275.150
6	275.510
7	275.630
8	274.670
11	274.910
12	275.250
15	275.320
17	274.870
19	275.710
21	274.860
24	274.720
27	275.460
28	274.820
29	274.900
30	275.450
31	275.430
32	275.620
33	275.680
35	274.940
36	275.460
39	275.390
42	275.980
44	275.970
46	274.910
47	274.620
49	274.660
50	275.900
51	274.650
53	275.990
55	275.470
56	275.350
58	275.560
59	275.130
61	275.610
63	275.550
70	274.670
71	275.320
72	275.650
73	275.660
76	274.980
77	274.980
78	275.130
79	274.620
81	274.710
83	274.620
84	275.910
85	274.860
86	275.990
88	274.930
89	274.750
90	275.170
91	274.860
92	275.310
94	274.750
95	275.120
96	275.430
97	275.600
100	275.310
102	275.250
110	275.530
111	275.500
112	275.900
113	275.490
115	275.700
116	275.280
117	275.660
121	275.820
124	275.910
126	274.970
127	275.690
128	275.260
130	275.270
133	275.100
136	274.670
139	275.620
141	274.780
142	274.890
143	275.390
145	275.580
146	274.510
147	275.430
148	275.650
150	275.660
154	275.950
155	275.030
157	275.980
158	275.030
161	274.540
164	275.270
166	275.440
167	275.420
169	275.020
171	274.570
172	274.750
173	275.170
174	275.670
175	275.180
178	275.910
179	275.600
180	275.830
181	274.770
185	274.770
186	275.270
189	274.800
190	275.040
191	275.020
193	275.380
195	274.520
196	275.930
200	275.550
201	274.880
202	275.790
203	275.780
208	275.660
211	275.730
216	275.120
218	275.600
220	275.930
224	275.180
228	274.620
229	275.210
230	275.510
233	275.460
234	275.760
235	275.710
238	274.810
241	275.590
243	275.490
244	275.050
246	275.480
247	275.450
248	275.670
249	274.830
250	275.740
251	275.640
252	275.300
253	274.880
255	275.660
256	275.700
257	274.590
260	275.870
261	274.980
262	274.620
266	274.520
267	275.770
268	275.150
270	275.240
271	275.050
272	275.510
275	275.460
276	275.150
277	274.930
282	275.850
283	275.940
286	275.830
287	275.200
288	275.160
295	275.510
297	274.620
300	275.770
301	274.710
302	275.020
305	274.630
308	275.620
310	275.710
311	275.380
313	275.930
316	275.000
318	275.510
320	275.710
321	274.880
322	275.890
323	275.050
328	275.770
329	275.270
330	275.640
331	275.830
336	274.770
337	274.900
338	275.300
339	275.110
341	274.930
342	275.850
343	275.240
345	275.720
346	274.830
351	275.270
352	275.970
353	275.380
354	275.810
355	275.690
359	275.890
361	275.480
362	274.670
363	275.900
365	275.420
367	275.070
369	275.710
371	275.990
374	275.550
375	274.910
380	274.650
383	276.000
384	275.680
386	275.580
388	274.740
391	275.330
392	275.520
394	275.220
395	275.510
396	275.370
401	275.500
404	275.220
408	274.990
409	275.510
410	275.320
412	276.000
414	275.460
415	275.760
416	274.610
418	275.710
419	275.770
421	275.300
424	275.980
425	275.260
426	274.830
427	275.250
428	274.960
429	275.270
431	274.830
432	274.590
437	275.650
440	275.340
443	275.730
445	275.870
446	274.670
448	275.020
450	274.650
452	275.840
457	275.840
459	275.980
461	274.560
462	275.890
465	275.730
466	275.540
467	274.940
468	275.630
469	275.750
471	275.470
472	274.980
475	275.120
477	275.150
478	275.150
479	275.220
482	275.380
483	275.540
484	275.790
485	275.510
486	275.470
488	274.630
491	275.530
492	275.890
494	275.290
495	275.100
497	274.890
498	275.750
499	274.730
500	275.160
1	276.740
2	276.950
4	277.320
5	276.860
8	276.680
9	276.040
11	276.920
12	277.260
14	277.040
15	277.330
17	276.880
20	276.340
21	276.870
22	277.040
24	276.730
27	277.470
28	276.830
29	276.910
30	277.460
31	277.440
35	276.950
36	277.470
38	276.250
39	277.400
41	276.500
43	276.810
45	277.450
46	276.920
49	276.670
51	276.660
52	277.180
56	277.360
57	276.170
59	277.140
62	276.150
66	277.270
67	276.190
68	276.480
69	277.050
70	277.490
71	277.330
76	276.990
77	276.990
78	277.140
79	276.850
80	276.420
81	277.080
82	276.720
83	276.630
85	276.870
88	276.940
89	276.880
90	277.180
91	276.870
92	277.320
93	276.140
94	276.760
95	277.130
96	277.440
98	277.110
100	277.320
101	277.050
102	277.260
104	276.290
105	276.130
107	276.660
113	277.500
114	276.380
116	277.290
123	276.100
125	277.320
128	277.270
129	277.190
130	277.280
131	276.290
132	276.790
133	277.110
135	276.070
136	276.680
137	276.050
138	276.380
141	276.790
142	276.900
143	277.400
144	276.080
146	276.520
147	277.440
149	276.420
151	276.050
152	276.240
153	276.270
155	277.170
158	277.040
159	277.500
160	277.280
161	276.550
162	277.330
163	276.390
164	277.280
165	276.890
166	277.450
167	277.430
169	277.030
171	276.580
172	276.760
173	277.180
176	276.430
181	276.930
182	276.510
183	276.270
184	276.220
186	277.280
189	276.810
190	277.050
191	277.030
193	277.390
195	276.530
197	276.970
198	276.420
199	276.880
201	276.890
204	276.950
205	276.060
207	276.430
209	276.090
210	276.340
212	276.670
215	276.310
216	277.130
221	276.450
222	276.350
223	276.140
224	277.190
225	276.530
227	276.280
228	276.630
229	277.220
231	276.120
232	276.210
233	277.470
238	276.820
239	277.170
240	276.330
242	276.900
243	277.500
244	277.060
245	276.260
246	277.490
247	277.460
249	276.860
252	277.310
253	276.890
254	276.020
257	276.600
258	276.020
261	277.040
262	276.630
265	276.100
266	276.530
268	277.160
269	277.430
270	277.250
271	277.060
274	276.500
275	277.470
277	276.940
278	276.230
279	276.520
281	276.050
284	276.460
285	277.080
287	277.210
288	277.170
289	276.090
290	277.460
292	276.030
293	276.110
294	276.210
296	276.160
297	276.630
298	276.960
301	277.050
302	277.280
303	277.280
304	276.290
305	276.640
307	276.310
309	276.440
311	277.390
316	277.010
319	276.180
321	276.890
323	277.060
324	276.600
325	276.210
326	276.680
329	277.280
332	276.340
336	276.780
337	276.910
338	277.310
339	277.120
340	276.240
341	276.940
343	277.250
344	276.050
346	276.840
347	276.350
349	276.100
350	276.070
351	277.280
353	277.390
356	276.220
357	276.220
358	276.070
360	276.150
361	277.490
362	276.680
365	277.430
367	277.080
370	277.350
372	276.070
373	276.250
375	276.920
376	276.190
377	277.100
378	277.110
379	276.460
380	276.660
385	277.050
388	276.750
389	276.080
390	276.640
391	277.370
393	276.070
394	277.230
396	277.380
398	276.920
399	276.800
400	276.930
403	276.420
404	277.230
405	276.400
406	276.430
408	277.220
410	277.330
413	277.250
414	277.470
416	276.620
421	277.350
422	276.190
423	276.150
425	277.270
426	276.840
427	277.260
428	276.970
429	277.280
432	276.600
433	276.030
434	276.240
436	276.330
438	276.480
439	277.500
440	277.350
441	276.490
442	276.340
444	277.190
446	276.680
448	277.030
450	276.960
451	276.740
453	276.320
454	276.450
456	276.160
458	276.520
460	276.220
461	276.570
463	276.010
464	277.280
467	276.950
471	277.480
472	276.990
475	277.130
478	277.160
479	277.230
480	277.120
481	276.260
482	277.390
487	276.490
488	276.640
489	276.140
494	277.300
495	277.110
497	276.900
499	276.740
500	277.170
1	278.750
2	278.960
5	278.870
6	277.520
7	277.640
8	278.690
9	278.050
10	277.860
11	278.930
13	277.920
16	278.500
17	278.890
19	277.720
20	278.350
21	278.880
24	278.740
26	277.830
28	278.840
29	278.920
32	277.630
33	277.690
35	278.960
38	278.260
41	278.510
42	277.990
43	278.820
44	277.980
46	278.930
47	277.710
48	278.700
49	278.680
50	277.910
51	278.670
53	278.000
54	278.150
55	278.080
57	278.180
58	278.330
60	277.720
61	277.620
62	278.160
63	277.860
64	278.670
67	278.200
68	278.490
72	277.660
73	277.670
74	278.110
75	278.380
76	279.000
77	279.000
79	278.860
80	278.430
82	278.730
83	278.640
84	277.920
85	278.880
86	278.000
88	278.950
89	278.890
91	278.880
93	278.150
94	278.770
97	277.610
99	278.140
103	278.930
104	278.300
105	278.140
106	278.710
107	278.670
109	278.940
110	277.540
111	277.510
114	278.390
115	277.710
117	277.670
118	278.290
120	277.530
121	277.830
122	278.470
123	278.110
124	277.920
127	277.700
131	278.300
132	278.800
134	277.550
135	278.080
136	278.690
137	278.060
139	277.630
140	278.500
141	278.800
142	278.910
144	278.090
145	277.590
146	278.530
148	277.660
149	278.430
150	277.670
151	278.060
152	278.250
153	278.280
154	277.960
156	277.880
157	277.990
161	278.560
163	278.400
165	278.900
170	278.790
171	278.590
172	278.770
174	277.680
175	277.710
176	278.440
178	277.920
179	277.610
180	277.900
181	278.940
182	278.520
183	278.280
184	278.230
185	277.940
187	278.490
188	278.830
189	278.820
192	278.290
194	278.340
195	278.540
196	277.940
197	278.980
198	278.430
199	278.890
200	277.560
201	278.900
202	277.800
203	277.790
204	278.960
205	278.070
206	277.560
207	278.440
208	277.670
209	278.100
210	278.350
211	277.740
212	278.680
213	278.660
215	278.320
218	277.610
220	277.940
221	278.460
222	278.360
223	278.150
225	278.540
226	278.070
227	278.290
228	278.640
230	277.520
231	278.130
232	278.220
234	277.770
235	277.720
236	277.620
237	277.580
238	278.830
240	278.340
241	277.600
242	278.910
245	278.270
248	277.680
249	278.870
250	277.750
251	277.650
253	278.900
254	278.030
255	277.670
256	277.710
257	278.610
258	278.030
259	278.550
260	277.880
262	278.640
263	277.540
264	278.000
265	278.110
266	278.540
267	277.780
272	277.520
273	278.430
274	278.510
276	277.660
277	278.950
278	278.240
279	278.530
280	278.140
281	278.060
282	278.370
283	277.950
284	278.470
286	277.840
289	278.100
291	277.570
292	278.040
293	278.120
294	278.220
295	277.520
296	278.170
297	278.640
298	278.970
300	277.780
304	279.000
305	278.650
307	278.320
308	277.630
309	278.450
310	277.720
312	278.940
313	277.940
314	277.940
315	278.780
317	278.280
318	277.520
319	278.190
320	277.720
321	278.900
322	277.900
324	278.610
325	278.220
326	278.690
327	278.240
328	277.780
330	277.650
331	277.860
332	278.350
333	277.640
334	278.020
335	278.290
336	278.790
337	278.920
340	278.250
341	278.950
342	277.860
344	278.060
345	277.730
346	278.850
347	278.360
349	278.110
350	278.080
352	277.980
354	277.820
355	277.700
356	278.230
357	278.230
358	278.080
359	277.900
360	278.160
362	278.690
363	277.910
368	278.540
369	277.720
371	278.000
372	278.080
373	278.260
374	277.560
375	278.930
376	278.200
379	278.470
380	278.670
381	278.580
382	278.480
383	278.010
384	277.690
386	277.590
387	278.670
388	278.760
389	278.090
390	278.650
392	277.530
393	278.080
395	277.520
397	277.840
398	278.930
399	278.810
400	278.940
401	277.510
403	278.430
405	278.410
406	278.440
409	277.520
411	278.680
412	278.010
415	277.770
416	278.630
419	277.780
420	277.670
422	278.200
423	278.160
424	277.990
426	278.850
428	278.980
431	278.400
432	278.610
433	278.040
434	278.250
436	278.340
437	277.660
438	278.490
441	278.500
442	278.350
443	277.740
445	277.880
446	278.690
450	278.970
451	278.750
452	277.850
453	278.330
454	278.460
455	278.240
456	278.170
457	277.850
458	278.530
459	277.990
460	278.230
461	278.580
462	278.160
463	278.020
465	277.740
466	277.550
467	278.960
468	277.640
469	277.760
470	278.260
472	279.000
474	278.770
476	278.110
477	278.810
481	278.270
483	277.550
484	278.010
485	277.520
486	277.770
487	278.500
488	278.650
489	278.150
490	278.560
491	277.540
496	277.940
497	278.910
498	277.760
499	278.750
3	280.430
4	279.330
6	279.530
7	279.650
9	280.060
10	279.870
12	279.270
13	279.930
14	279.050
15	279.340
18	280.230
19	279.730
20	280.360
22	279.050
25	280.120
26	279.840
27	279.480
30	279.470
31	279.450
32	279.640
33	279.700
36	279.480
37	279.660
38	280.270
39	279.410
40	279.210
42	280.000
44	279.990
45	279.460
47	279.720
50	279.920
52	279.190
53	280.010
54	280.160
55	280.090
56	279.370
57	280.190
58	280.340
59	279.150
60	279.730
61	279.630
62	280.170
63	279.870
65	279.890
66	279.280
67	280.210
68	280.500
69	279.060
70	279.500
71	279.340
72	279.670
73	279.680
74	280.120
75	280.390
78	279.150
80	280.440
81	279.090
84	279.930
86	280.010
87	279.420
90	279.190
92	279.330
93	280.160
95	279.140
96	279.450
97	279.620
98	279.120
99	280.150
100	279.330
101	279.060
102	279.270
104	280.310
105	280.150
108	279.980
110	279.550
111	279.520
112	279.720
113	279.510
114	280.400
115	279.720
116	279.300
117	279.680
118	280.300
120	279.540
121	279.840
122	280.480
123	280.120
124	279.930
125	279.330
126	280.190
127	279.710
128	279.280
129	279.200
130	279.290
131	280.310
133	279.120
134	279.560
135	280.090
137	280.070
138	279.090
139	279.640
143	279.410
144	280.100
145	279.600
147	279.450
148	279.670
149	280.440
150	279.680
151	280.070
152	280.260
153	280.290
154	279.970
155	279.460
156	279.890
157	280.000
158	279.050
159	279.510
160	279.290
162	279.340
163	280.410
164	279.290
166	279.460
167	279.440
169	279.040
173	279.190
174	279.690
175	279.720
176	280.450
178	279.930
179	279.620
180	279.910
183	280.290
184	280.240
185	279.950
186	279.290
187	280.500
190	279.060
191	279.040
192	280.300
193	279.400
194	280.350
196	279.950
198	280.440
200	279.570
202	279.810
203	279.800
205	280.080
206	279.570
207	280.450
208	279.680
209	280.110
210	280.360
211	279.750
214	279.830
215	280.330
216	279.140
217	279.490
218	279.620
219	279.140
220	279.950
221	280.470
222	280.370
223	280.160
224	279.200
226	280.080
227	280.300
229	279.230
230	279.530
231	280.140
232	280.230
233	279.480
234	279.780
235	279.730
236	279.630
239	279.180
240	280.350
241	279.610
243	279.510
244	279.070
245	280.280
246	279.500
247	279.470
248	279.690
250	279.760
251	279.660
252	279.320
254	280.040
255	279.680
256	279.720
258	280.040
260	279.890
261	279.050
263	279.550
264	280.010
265	280.120
267	279.790
268	279.170
269	279.440
270	279.260
271	279.070
272	279.530
273	280.440
275	279.480
276	280.090
278	280.250
280	280.150
281	280.070
282	280.380
283	279.960
284	280.480
285	279.460
286	279.850
287	279.220
288	279.180
289	280.110
290	279.470
291	279.580
292	280.050
293	280.130
294	280.230
295	279.530
296	280.180
299	279.660
300	279.790
301	279.060
302	279.290
303	279.290
306	280.220
307	280.330
308	279.640
309	280.460
310	279.730
311	279.400
313	279.950
314	279.950
316	279.020
317	280.290
318	279.530
319	280.200
320	279.730
322	279.910
323	279.070
325	280.230
327	280.250
328	279.790
329	279.290
330	279.660
331	279.870
332	280.360
333	279.650
334	280.030
335	280.300
338	279.320
339	279.130
340	280.260
342	279.870
343	279.260
344	280.070
345	279.740
347	280.370
348	279.630
349	280.120
350	280.090
351	279.290
352	279.990
353	279.400
354	279.830
355	279.710
356	280.240
357	280.240
358	280.090
359	279.910
360	280.170
361	279.500
363	279.920
364	279.560
365	279.440
366	279.110
367	279.090
369	279.730
370	279.360
371	280.010
372	280.090
373	280.270
374	279.570
376	280.210
377	279.110
378	279.120
379	280.480
382	280.490
383	280.020
384	279.700
385	279.060
386	279.600
389	280.100
391	279.380
392	279.540
393	280.090
394	279.240
395	279.530
396	279.390
397	279.850
401	279.520
402	279.430
404	279.240
405	280.420
406	280.450
407	279.520
408	279.230
409	279.530
410	279.340
412	280.020
413	279.260
414	279.480
415	279.780
418	279.240
419	279.790
420	279.680
421	279.360
422	280.210
423	280.170
424	280.000
425	279.280
427	279.270
429	279.290
431	280.410
433	280.050
434	280.260
435	279.510
436	280.350
437	279.670
438	280.500
439	279.510
440	279.360
442	280.360
443	279.750
444	279.200
445	279.890
447	279.770
448	279.040
452	279.860
453	280.340
454	280.470
455	280.250
456	280.180
457	279.860
459	280.000
460	280.240
462	280.170
463	280.030
464	279.290
465	279.750
466	279.560
468	279.650
469	279.770
470	280.270
471	279.490
475	279.140
476	280.120
478	279.170
479	279.240
480	279.130
481	280.280
482	279.400
483	279.560
484	280.020
485	279.530
486	279.780
489	280.160
491	279.550
492	279.980
493	280.360
494	279.310
495	279.120
496	279.950
498	279.770
500	279.180
1	280.760
2	280.970
4	281.340
5	280.880
6	281.540
7	281.660
8	280.700
10	281.880
11	280.940
12	281.280
13	281.940
14	281.060
15	281.350
16	280.510
17	280.900
19	281.740
21	280.890
22	281.060
24	280.750
26	281.850
27	281.490
28	280.850
29	280.930
30	281.480
31	281.460
32	281.650
33	281.710
35	280.970
36	281.490
37	281.670
39	281.420
40	281.220
41	280.520
43	280.830
44	282.000
45	281.470
46	280.940
47	281.730
48	280.710
49	280.690
50	281.930
51	280.680
52	281.200
56	281.380
59	281.160
60	281.740
61	281.640
63	281.880
64	280.680
65	281.900
66	281.290
69	281.070
70	281.510
71	281.350
72	281.680
73	281.690
76	281.010
77	281.010
78	281.160
79	280.870
81	281.100
82	280.740
83	280.650
84	281.940
85	280.890
87	281.430
88	280.960
89	280.900
90	281.200
91	280.890
92	281.340
94	280.780
95	281.150
96	281.460
97	281.630
98	281.130
100	281.340
101	281.070
102	281.280
103	280.940
106	280.720
107	280.680
108	281.990
109	280.950
110	281.560
111	281.530
112	281.730
113	281.520
115	281.730
116	281.310
117	281.690
119	280.980
120	281.550
121	281.850
124	281.940
125	281.340
127	281.720
128	281.290
129	281.210
130	281.300
132	280.810
133	281.130
134	281.570
136	280.700
138	281.100
139	281.650
140	280.510
141	280.810
142	280.920
143	281.420
145	281.610
146	280.540
147	281.460
148	281.680
150	281.690
154	281.980
155	281.470
156	281.900
158	281.060
159	281.520
160	281.300
161	280.570
162	281.350
164	281.300
165	280.910
166	281.470
167	281.450
168	280.600
169	281.050
170	280.800
171	280.600
172	280.780
173	281.200
174	281.700
175	281.730
178	281.940
179	281.630
180	281.920
181	280.950
182	280.530
185	281.960
186	281.300
188	280.840
189	280.830
190	281.070
191	281.050
193	281.410
195	280.550
196	281.960
197	280.990
199	280.900
200	281.580
201	280.910
202	281.820
203	281.810
204	280.970
206	281.580
208	281.690
211	281.760
212	280.690
213	280.670
214	281.840
216	281.150
217	281.500
218	281.630
219	281.150
220	281.960
224	281.210
225	280.550
228	280.650
229	281.240
230	281.540
233	281.490
234	281.790
235	281.740
236	281.640
237	280.960
238	280.840
239	281.190
241	281.620
242	280.920
243	281.520
244	281.080
246	281.510
247	281.480
248	281.700
249	280.880
250	281.770
251	281.670
252	281.330
253	280.910
255	281.690
256	281.730
257	280.620
259	280.560
260	281.900
261	281.060
262	280.650
263	281.560
266	280.550
267	281.800
268	281.180
269	281.450
270	281.270
271	281.080
272	281.540
274	280.520
275	281.490
277	280.960
279	280.540
283	281.970
285	281.470
286	281.860
287	281.230
288	281.190
290	281.480
291	281.590
295	281.540
297	280.650
298	280.980
299	281.670
300	281.800
301	281.070
302	281.300
303	281.300
304	281.010
305	280.660
308	281.650
310	281.740
311	281.410
312	280.950
313	281.960
314	281.960
315	280.790
316	281.030
318	281.540
320	281.740
321	280.910
322	281.920
323	281.080
324	280.620
326	280.700
328	281.800
329	281.300
330	281.670
331	281.880
333	281.660
336	280.800
337	280.930
338	281.330
339	281.140
341	280.960
342	281.880
343	281.270
345	281.750
346	280.860
348	281.640
351	281.300
352	282.000
353	281.410
354	281.840
355	281.720
359	281.920
361	281.510
362	280.700
363	281.930
364	281.570
365	281.450
366	281.120
367	281.100
368	280.550
369	281.740
370	281.370
374	281.580
375	280.940
377	281.120
378	281.130
380	280.680
381	280.590
384	281.710
385	281.070
386	281.610
387	280.680
388	280.770
390	280.660
391	281.390
392	281.550
394	281.250
395	281.540
396	281.400
397	281.860
398	280.940
399	280.820
400	280.950
401	281.530
402	281.440
404	281.250
407	281.530
408	281.240
409	281.540
410	281.350
411	280.690
413	281.270
414	281.490
415	281.790
416	280.640
418	281.250
419	281.800
420	281.690
421	281.370
425	281.290
426	280.860
427	281.280
428	280.990
429	281.300
432	280.620
435	281.520
437	281.680
439	281.520
440	281.370
441	280.510
443	281.760
444	281.210
445	281.900
446	280.700
447	281.780
448	281.680
449	281.620
450	280.980
451	280.760
452	281.870
457	281.870
458	280.540
461	280.590
464	281.300
465	281.760
466	281.570
467	280.970
468	281.660
469	281.780
471	281.500
472	281.010
473	280.800
474	280.780
475	281.150
477	280.820
478	281.180
479	281.250
480	281.140
482	281.410
483	281.570
485	281.540
486	281.790
487	280.510
488	280.660
490	281.560
491	281.560
492	281.990
494	281.320
495	281.130
496	281.960
497	280.920
498	281.780
499	280.760
500	281.190
1	282.770
2	282.980
3	282.440
4	283.350
5	282.890
8	282.710
9	282.070
11	282.950
12	283.290
14	283.070
15	283.360
16	282.520
17	282.910
18	282.240
20	282.370
21	282.900
22	283.070
23	282.680
24	282.760
25	282.130
27	283.500
28	282.860
29	282.940
30	283.490
31	283.470
34	282.620
35	282.980
36	283.500
38	282.280
39	283.430
40	283.230
41	282.530
42	282.010
43	282.840
45	283.480
46	282.950
48	282.720
49	282.700
51	282.690
52	283.210
53	282.020
54	282.170
55	282.100
56	283.390
57	282.200
58	282.350
59	283.170
62	282.180
64	282.690
66	283.300
67	282.220
68	282.510
69	283.080
71	283.360
74	282.130
75	282.400
76	283.020
77	283.020
78	283.170
79	282.880
80	282.450
81	283.110
82	282.750
83	282.660
85	282.900
86	282.020
87	283.440
88	282.970
89	282.910
90	283.210
91	282.900
92	283.350
93	282.170
94	282.790
95	283.160
96	283.470
98	283.140
99	282.160
100	283.350
101	283.080
102	283.290
103	282.950
104	282.320
105	282.160
106	282.730
107	282.690
109	282.960
114	282.410
116	283.320
118	282.310
119	282.990
122	282.490
123	282.130
125	283.350
126	282.200
128	283.300
129	283.220
130	283.310
131	282.320
132	282.820
133	283.140
135	282.100
136	282.710
137	282.080
138	283.110
140	282.520
141	282.820
142	282.930
143	283.430
144	282.110
146	282.550
147	283.470
149	282.450
151	282.080
152	282.270
153	282.300
155	283.480
157	282.010
158	283.070
160	283.310
161	282.580
162	283.360
163	282.420
164	283.310
165	282.920
166	283.480
167	283.460
168	282.610
169	283.060
170	282.810
171	282.610
172	282.790
173	283.210
176	282.460
177	282.870
181	282.960
182	282.540
183	282.300
184	282.250
186	283.310
187	282.510
188	282.850
189	282.840
190	283.080
191	283.060
192	282.310
193	283.420
194	282.360
195	282.560
197	283.000
198	282.450
199	282.910
201	282.920
204	282.980
205	282.090
207	282.460
209	282.120
210	282.370
212	282.700
213	282.680
215	282.340
216	283.160
219	283.160
221	282.480
222	282.380
223	282.170
224	283.220
225	282.560
226	282.090
227	282.310
228	282.660
229	283.250
231	282.150
232	282.240
233	283.500
237	282.970
238	282.850
239	283.200
240	282.360
242	282.930
244	283.090
245	282.290
247	283.490
249	282.890
252	283.340
253	282.920
254	282.050
257	282.630
258	282.050
259	282.570
261	283.070
262	282.660
264	282.020
265	282.130
266	282.560
268	283.190
269	283.460
270	283.280
271	283.090
273	282.450
274	282.530
275	283.500
276	282.100
277	282.970
278	282.260
279	282.550
280	282.160
281	282.080
282	282.390
284	282.490
285	283.480
287	283.240
288	283.200
289	282.120
290	283.490
292	282.060
293	282.140
294	282.240
296	282.190
297	282.660
298	282.990
301	283.080
302	283.310
303	283.310
304	283.020
305	282.670
306	282.230
307	282.340
309	282.470
311	283.420
312	282.960
315	282.800
316	283.040
317	282.300
319	282.210
321	282.920
323	283.090
324	282.630
325	282.240
326	282.710
327	282.260
329	283.310
332	282.370
334	282.040
335	282.310
336	282.810
337	282.940
338	283.340
339	283.150
340	282.270
341	282.970
343	283.280
344	282.080
346	282.870
347	282.380
349	282.130
350	282.100
351	283.310
353	283.420
356	282.250
357	282.250
358	282.100
360	282.180
362	282.710
365	283.460
366	283.130
367	283.110
368	282.560
370	283.380
371	282.020
372	282.100
373	282.280
375	282.950
376	282.220
377	283.130
378	283.140
379	282.490
380	282.690
381	282.600
382	282.500
383	282.030
385	283.080
387	282.690
388	282.780
389	282.110
390	282.670
391	283.400
393	282.100
394	283.260
396	283.410
398	282.950
399	282.830
400	282.960
402	283.450
404	283.260
405	282.430
406	282.460
408	283.250
410	283.360
411	282.700
412	282.030
413	283.280
414	283.500
416	282.650
417	283.050
418	283.260
421	283.380
422	282.220
423	282.180
424	282.010
425	283.300
426	282.870
427	283.290
428	283.000
429	283.310
430	282.540
431	282.420
432	282.630
433	282.060
434	282.270
436	282.360
438	282.510
440	283.380
441	282.520
442	282.370
444	283.220
446	282.710
450	282.990
451	282.770
453	282.350
454	282.480
455	282.260
456	282.190
458	282.550
459	282.010
460	282.250
461	282.600
462	282.180
463	282.040
464	283.310
467	282.980
470	282.280
472	283.020
473	282.810
474	282.790
475	283.160
476	282.130
477	282.830
478	283.190
479	283.260
480	283.150
481	282.290
482	283.420
484	282.030
487	282.520
488	282.670
489	282.170
493	282.370
494	283.330
495	283.140
497	282.930
499	282.770
500	283.200
1	284.780
2	284.990
3	284.450
5	284.900
6	283.550
7	283.670
8	284.720
9	284.080
10	283.890
11	284.960
13	283.950
16	284.530
17	284.920
18	284.250
19	283.750
20	284.380
21	284.910
23	284.690
24	284.770
25	284.140
26	283.860
28	284.870
29	284.950
32	283.660
33	283.720
34	284.630
35	284.990
37	283.680
38	284.290
41	284.540
42	284.020
43	284.850
44	284.010
46	284.960
47	283.740
48	284.730
49	284.710
50	283.940
51	284.700
53	284.030
54	284.180
55	284.110
57	284.210
58	284.360
60	283.750
61	283.650
62	284.190
63	283.890
64	284.700
65	283.910
67	284.230
68	284.520
70	283.520
72	283.690
73	283.700
74	284.140
75	284.410
79	284.890
80	284.460
82	284.760
83	284.670
84	283.950
85	284.910
86	284.030
88	284.980
89	284.920
91	284.910
93	284.180
94	284.800
97	283.640
99	284.170
103	284.960
104	284.330
105	284.170
106	284.740
107	284.700
108	284.000
109	284.970
110	283.570
111	283.540
112	283.740
113	283.530
114	284.420
115	283.740
117	283.700
118	284.320
119	285.000
120	283.560
121	283.860
122	284.500
123	284.140
124	283.950
126	284.210
127	283.730
131	284.330
132	284.830
134	283.580
135	284.110
136	284.720
137	284.090
139	283.660
140	284.530
141	284.830
142	284.940
144	284.120
145	283.620
146	284.560
148	283.690
149	284.460
150	283.700
151	284.090
152	284.280
153	284.310
154	283.990
156	283.910
157	284.020
159	283.530
161	284.590
163	284.430
165	284.930
168	284.620
170	284.820
171	284.620
172	284.800
174	283.710
175	283.740
176	284.470
177	284.880
178	283.950
179	283.640
180	283.930
181	284.970
182	284.550
183	284.310
184	284.260
185	283.970
187	284.520
188	284.860
189	284.850
192	284.320
194	284.370
195	284.570
196	283.970
198	284.460
199	284.920
200	283.590
201	284.930
202	283.830
203	283.820
204	284.990
205	284.100
206	283.590
207	284.470
208	283.700
209	284.130
210	284.380
211	283.770
212	284.710
213	284.690
214	283.850
215	284.350
217	283.510
218	283.640
220	283.970
221	284.490
222	284.390
223	284.180
225	284.570
226	284.100
227	284.320
228	284.670
230	283.550
231	284.160
232	284.250
234	283.800
235	283.750
236	283.650
237	284.980
238	284.860
240	284.370
241	283.630
242	284.940
243	283.530
245	284.300
246	283.520
248	283.710
249	284.900
250	283.780
251	283.680
253	284.930
254	284.060
255	283.700
256	283.740
257	284.640
258	284.060
259	284.580
260	283.910
262	284.670
263	283.570
264	284.030
265	284.140
266	284.570
267	283.810
272	283.550
273	284.460
274	284.540
276	284.110
277	284.980
278	284.270
279	284.560
280	284.170
281	284.090
282	284.400
283	283.980
284	284.500
286	283.870
289	284.130
291	283.600
292	284.070
293	284.150
294	284.250
295	283.550
296	284.200
297	284.670
298	285.000
299	283.680
300	283.810
305	284.680
306	284.240
307	284.350
308	283.660
309	284.480
310	283.750
312	284.970
313	283.970
314	283.970
315	284.810
317	284.310
318	283.550
319	284.220
320	283.750
321	284.930
322	283.930
324	284.640
325	284.250
326	284.720
327	284.270
328	283.810
330	283.680
331	283.890
332	284.380
333	283.670
334	284.050
335	284.320
336	284.820
337	284.950
340	284.280
341	284.980
342	283.890
344	284.090
345	283.760
346	284.880
347	284.390
348	283.650
349	284.140
350	284.110
352	284.010
354	283.850
355	283.730
356	284.260
357	284.260
358	284.110
359	283.930
360	284.190
361	283.520
362	284.720
363	283.940
364	283.580
368	284.570
369	283.750
371	284.030
372	284.110
373	284.290
374	283.590
375	284.960
376	284.230
379	284.500
380	284.700
381	284.610
382	284.510
383	284.040
384	283.720
386	283.620
387	284.700
388	284.790
389	284.120
390	284.680
392	283.560
393	284.110
395	283.550
397	283.870
398	284.960
399	284.840
400	284.970
401	283.540
403	284.240
405	284.440
406	284.470
407	283.540
409	283.550
411	284.710
412	284.040
415	283.800
416	284.660
419	283.810
420	283.700
422	284.230
423	284.190
424	284.020
426	284.880
430	284.550
431	284.430
432	284.640
433	284.070
434	284.280
435	283.530
436	284.370
437	283.690
438	284.520
439	283.530
441	284.530
442	284.380
443	283.770
445	283.910
446	284.720
447	283.790
448	283.690
449	283.630
450	285.000
451	284.780
452	283.880
453	284.360
454	284.490
455	284.270
456	284.200
457	283.880
458	284.560
459	284.020
460	284.260
461	284.610
462	284.190
463	284.050
465	283.770
466	283.580
467	284.990
468	283.670
469	283.790
470	284.290
471	283.510
473	284.820
474	284.800
476	284.140
477	284.840
481	284.300
483	283.580
484	284.040
485	283.550
486	283.800
487	284.530
488	284.680
489	284.180
490	283.570
491	283.570
492	284.000
493	284.380
496	283.970
497	284.940
498	283.790
499	284.780
3	286.460
4	285.360
6	285.560
7	285.680
9	286.090
10	285.900
12	285.300
13	285.960
14	285.080
15	285.370
18	286.260
19	285.760
20	286.390
22	285.080
25	286.150
26	285.870
27	285.510
30	285.500
31	285.480
32	285.670
33	285.730
36	285.510
37	285.690
38	286.300
39	285.440
40	285.240
42	286.030
44	286.020
45	285.490
47	285.750
50	285.950
52	285.220
53	286.040
54	286.190
55	286.120
56	285.400
57	286.220
58	286.370
59	285.180
60	285.760
61	285.660
62	286.200
63	285.900
65	285.920
66	285.310
67	286.240
69	285.090
70	285.530
71	285.370
72	285.700
73	285.710
74	286.150
75	286.420
76	285.030
77	285.030
78	285.180
80	286.470
81	285.120
84	285.960
86	286.040
87	285.450
90	285.220
92	285.360
93	286.190
95	285.170
96	285.480
97	285.650
98	285.150
99	286.180
100	285.360
101	285.090
102	285.300
104	286.340
105	286.180
108	286.010
110	285.580
111	285.550
112	285.750
113	285.540
114	286.430
115	285.750
116	285.330
117	285.710
118	286.330
120	285.570
121	285.870
123	286.150
124	285.960
125	285.360
126	286.220
127	285.740
128	285.310
129	285.230
130	285.320
131	286.340
133	285.150
134	285.590
135	286.120
137	286.100
138	285.120
139	285.670
143	285.440
144	286.130
145	285.630
147	285.480
148	285.700
149	286.470
150	285.710
151	286.100
152	286.290
153	286.320
154	286.000
155	285.490
156	285.920
157	286.030
158	285.080
159	285.540
160	285.320
162	285.370
163	286.440
164	285.320
166	285.490
167	285.470
169	285.070
173	285.220
174	285.720
175	285.750
176	286.480
178	285.960
179	285.650
180	285.940
183	286.320
184	286.270
185	285.980
186	285.320
190	285.090
191	285.070
192	286.330
193	285.430
194	286.380
196	285.980
197	285.010
198	286.470
200	285.600
202	285.840
203	285.830
205	286.110
206	285.600
207	286.480
208	285.710
209	286.140
210	286.390
211	285.780
214	285.860
215	286.360
216	285.170
217	285.520
218	285.650
219	285.170
220	285.980
221	286.500
222	286.400
223	286.190
224	285.230
226	286.110
227	286.330
229	285.260
230	285.560
231	286.170
232	286.260
233	285.510
234	285.810
235	285.760
236	285.660
239	285.210
240	286.380
241	285.640
243	285.540
244	285.100
245	286.310
246	285.530
247	285.500
248	285.720
250	285.790
251	285.690
252	285.350
254	286.070
255	285.710
256	285.750
258	286.070
260	285.920
261	285.080
263	285.580
264	286.040
265	286.150
267	285.820
268	285.200
269	285.470
270	285.290
271	285.100
272	285.560
273	286.470
275	285.510
276	286.120
278	286.280
280	286.180
281	286.100
282	286.410
283	285.990
285	285.490
286	285.880
287	285.250
288	285.210
289	286.140
290	285.500
291	285.610
292	286.080
293	286.160
294	286.260
295	285.560
296	286.210
299	285.690
300	285.820
301	285.090
302	285.320
303	285.320
304	285.030
306	286.250
307	286.360
308	285.670
309	286.490
310	285.760
311	285.430
313	285.980
314	285.980
316	285.050
317	286.320
318	285.560
319	286.230
320	285.760
322	285.940
323	285.100
325	286.260
327	286.280
328	285.820
329	285.320
330	285.690
331	285.900
332	286.390
333	285.680
334	286.060
335	286.330
338	285.350
339	285.160
340	286.290
342	285.900
343	285.290
344	286.100
345	285.770
347	286.400
348	285.660
349	286.150
350	286.120
351	285.320
352	286.020
353	285.430
354	285.860
355	285.740
356	286.270
357	286.270
358	286.120
359	285.940
360	286.200
361	285.530
363	285.950
364	285.590
365	285.470
366	285.140
367	285.120
369	285.760
370	285.390
371	286.040
372	286.120
373	286.300
374	285.600
376	286.240
377	285.140
378	285.150
383	286.050
384	285.730
385	285.090
386	285.630
389	286.130
391	285.410
392	285.570
393	286.120
394	285.270
395	285.560
396	285.420
397	285.880
401	285.550
402	285.460
403	286.250
404	285.270
405	286.450
406	286.480
407	285.550
408	285.260
409	285.560
410	285.370
412	286.050
413	285.290
414	285.510
415	285.810
417	285.060
418	285.270
419	285.820
420	285.710
421	285.390
422	286.240
423	286.200
424	286.030
425	285.310
427	285.300
428	285.010
429	285.320
431	286.440
433	286.080
434	286.290
435	285.540
436	286.380
437	285.700
439	285.540
440	285.390
442	286.390
443	285.780
444	285.230
445	285.920
447	285.800
448	285.700
449	285.640
452	285.890
453	286.370
454	286.500
455	286.280
456	286.210
457	285.890
459	286.030
460	286.270
462	286.200
463	286.060
464	285.320
465	285.780
466	285.590
468	285.680
469	285.800
470	286.300
471	285.520
472	285.030
475	285.170
476	286.150
478	285.200
479	285.270
480	285.160
481	286.310
482	285.430
483	285.590
484	286.050
485	285.560
486	285.810
489	286.190
490	285.580
491	285.580
492	286.010
493	286.390
494	285.340
495	285.150
496	285.980
498	285.800
500	285.210
1	286.790
2	287.000
4	287.370
5	286.910
6	287.570
7	287.690
8	286.730
10	287.910
11	286.970
12	287.310
13	287.970
14	287.090
15	287.380
16	286.540
17	286.930
19	287.770
21	286.920
22	287.090
23	286.700
24	286.780
26	287.880
27	287.520
28	286.880
29	286.960
30	287.510
31	287.490
32	287.680
33	287.740
34	286.640
35	287.000
36	287.520
37	287.700
39	287.450
40	287.250
41	286.550
43	286.860
45	287.500
46	286.970
47	287.760
48	286.740
49	286.720
50	287.960
51	286.710
52	287.230
56	287.410
59	287.190
60	287.770
61	287.670
63	287.910
64	286.710
65	287.930
66	287.320
68	286.530
69	287.100
70	287.540
71	287.380
72	287.710
73	287.720
76	287.040
77	287.040
78	287.190
79	286.900
81	287.130
82	286.770
83	286.680
84	287.970
85	286.920
87	287.460
88	286.990
89	286.930
90	287.230
91	286.920
92	287.370
94	286.810
95	287.180
96	287.490
97	287.660
98	287.160
100	287.370
101	287.100
102	287.310
103	286.970
106	286.750
107	286.710
109	286.980
110	287.590
111	287.560
112	287.760
113	287.550
115	287.760
116	287.340
117	287.720
119	287.010
120	287.580
121	287.880
122	286.510
124	287.970
125	287.370
127	287.750
128	287.320
129	287.240
130	287.330
132	286.840
133	287.160
134	287.600
136	286.730
138	287.130
139	287.680
140	286.540
141	286.840
142	286.950
143	287.450
145	287.640
146	286.570
147	287.490
148	287.710
150	287.720
155	287.500
156	287.930
158	287.090
159	287.550
160	287.330
161	286.600
162	287.380
164	287.330
165	286.940
166	287.500
167	287.480
168	286.630
169	287.080
170	286.830
171	286.630
172	286.810
173	287.230
174	287.730
175	287.760
177	286.890
178	287.970
179	287.660
180	287.950
181	286.980
182	286.560
185	287.990
186	287.330
187	286.530
188	286.870
189	286.860
190	287.100
191	287.080
193	287.440
195	286.580
196	287.990
197	287.020
199	286.930
200	287.610
201	286.940
202	287.850
203	287.840
204	287.000
206	287.610
208	287.720
211	287.790
212	286.720
213	286.700
214	287.870
216	287.180
217	287.530
218	287.660
219	287.180
220	287.990
224	287.240
225	286.580
228	286.680
229	287.270
230	287.570
233	287.520
234	287.820
235	287.770
236	287.670
237	286.990
238	286.870
239	287.220
241	287.650
242	286.950
243	287.550
244	287.110
246	287.540
247	287.510
248	287.730
249	286.910
250	287.800
251	287.700
252	287.360
253	286.940
255	287.720
256	287.760
257	286.650
259	286.590
260	287.930
261	287.090
262	286.680
263	287.590
266	286.580
267	287.830
268	287.210
269	287.480
270	287.300
271	287.110
272	287.570
274	286.550
275	287.520
277	286.990
279	286.570
283	288.000
284	286.510
285	287.500
286	287.890
287	287.260
288	287.220
290	287.510
291	287.620
295	287.570
297	286.680
298	287.010
299	287.700
300	287.830
301	287.100
302	287.330
303	287.330
304	287.040
305	286.690
308	287.680
310	287.770
311	287.440
312	286.980
313	287.990
314	287.990
315	286.820
316	287.060
318	287.570
320	287.770
321	286.940
322	287.950
323	287.110
324	286.650
326	286.730
328	287.830
329	287.330
330	287.700
331	287.910
333	287.690
336	286.830
337	286.960
338	287.360
339	287.170
341	286.990
342	287.910
343	287.300
345	287.780
346	286.890
348	287.670
351	287.330
353	287.440
354	287.870
355	287.750
359	287.950
361	287.540
362	286.730
363	287.960
364	287.600
365	287.480
366	287.150
367	287.130
368	286.580
369	287.770
370	287.400
374	287.610
375	286.970
377	287.150
378	287.160
379	286.510
380	286.710
381	286.620
382	286.520
384	287.740
385	287.100
386	287.640
387	286.710
388	286.800
390	286.690
391	287.420
392	287.580
394	287.280
395	287.570
396	287.430
397	287.890
398	286.970
399	286.850
400	286.980
401	287.560
402	287.470
404	287.280
407	287.560
408	287.270
409	287.570
410	287.380
411	286.720
413	287.300
414	287.520
415	287.820
416	286.670
417	287.070
418	287.280
419	287.830
420	287.720
421	287.400
425	287.320
426	286.890
427	287.310
428	287.020
429	287.330
430	286.560
432	286.650
435	287.550
437	287.710
438	286.530
439	287.550
440	287.400
441	286.540
443	287.790
444	287.240
445	287.930
446	286.730
447	287.810
448	287.710
449	287.650
450	287.010
451	286.790
452	287.900
457	287.900
458	286.570
461	286.620
464	287.330
465	287.790
466	287.600
467	287.000
468	287.690
469	287.810
471	287.530
472	287.040
473	286.830
474	286.810
475	287.180
477	286.850
478	287.210
479	287.280
480	287.170
482	287.440
483	287.600
485	287.570
486	287.820
487	286.540
488	286.690
490	287.590
491	287.590
494	287.350
495	287.160
496	287.990
497	286.950
498	287.810
499	286.790
500	287.220
1	288.800
2	289.010
3	288.470
4	289.380
5	288.920
8	288.740
9	288.100
11	288.980
12	289.320
14	289.100
15	289.390
16	288.550
17	288.940
18	288.270
20	288.400
21	288.930
22	289.100
23	288.710
24	288.790
25	288.160
28	288.890
29	288.970
31	289.500
34	288.650
35	289.010
38	288.310
39	289.460
40	289.260
41	288.560
42	288.040
43	288.870
44	288.030
46	288.980
48	288.750
49	288.730
51	288.720
52	289.240
53	288.050
54	288.200
55	288.130
56	289.420
57	288.230
58	288.380
59	289.200
62	288.210
64	288.720
66	289.330
67	288.250
68	288.540
69	289.110
71	289.390
74	288.160
75	288.430
76	289.050
77	289.050
78	289.200
79	288.910
80	288.480
81	289.140
82	288.780
83	288.690
85	288.930
86	288.050
87	289.470
88	289.000
89	288.940
90	289.240
91	288.930
92	289.380
93	288.200
94	288.820
95	289.190
96	289.500
98	289.170
99	288.190
100	289.380
101	289.110
102	289.320
103	288.980
104	288.350
105	288.190
106	288.760
107	288.720
108	288.020
109	288.990
114	288.440
116	289.350
118	288.340
119	289.020
122	288.520
123	288.160
125	289.380
126	288.230
128	289.330
129	289.250
130	289.340
131	288.350
132	288.850
133	289.170
135	288.130
136	288.740
137	288.110
138	289.140
140	288.550
141	288.850
142	288.960
143	289.460
144	288.140
146	288.580
147	289.500
149	288.480
151	288.110
152	288.300
153	288.330
154	288.010
157	288.040
158	289.100
160	289.340
161	288.610
162	289.390
163	288.450
164	289.340
165	288.950
167	289.490
168	288.640
169	289.090
170	288.840
171	288.640
172	288.820
173	289.240
176	288.490
177	288.900
181	288.990
182	288.570
183	288.330
184	288.280
186	289.340
187	288.540
188	288.880
189	288.870
190	289.110
191	289.090
192	288.340
193	289.450
194	288.390
195	288.590
197	289.030
198	288.480
199	288.940
201	288.950
204	289.010
205	288.120
207	288.490
209	288.150
210	288.400
212	288.730
213	288.710
215	288.370
216	289.190
219	289.190
221	288.510
222	288.410
223	288.200
224	289.250
225	288.590
226	288.120
227	288.340
228	288.690
229	289.280
231	288.180
232	288.270
237	289.000
238	288.880
239	289.230
240	288.390
242	288.960
244	289.120
245	288.320
249	288.920
252	289.370
253	288.950
254	288.080
257	288.660
258	288.080
259	288.600
261	289.100
262	288.690
264	288.050
265	288.160
266	288.590
268	289.220
269	289.490
270	289.310
271	289.120
273	288.480
274	288.560
276	288.130
277	289.000
278	288.290
279	288.580
280	288.190
281	288.110
282	288.420
284	288.520
287	289.270
288	289.230
289	288.150
292	288.090
293	288.170
294	288.270
296	288.220
297	288.690
298	289.020
301	289.110
302	289.340
303	289.340
304	289.050
305	288.700
306	288.260
307	288.370
309	288.500
311	289.450
312	288.990
315	288.830
316	289.070
317	288.330
319	288.240
321	288.950
323	289.120
324	288.660
325	288.270
326	288.740
327	288.290
329	289.340
332	288.400
334	288.070
335	288.340
336	288.840
337	288.970
338	289.370
339	289.180
340	288.300
341	289.000
343	289.310
344	288.110
346	288.900
347	288.410
349	288.160
350	288.130
351	289.340
352	288.030
353	289.450
356	288.280
357	288.280
358	288.130
360	288.210
362	288.740
365	289.490
366	289.160
367	289.140
368	288.590
370	289.410
371	288.050
372	288.130
373	288.310
375	288.980
376	288.250
377	289.160
378	289.170
379	288.520
380	288.720
381	288.630
382	288.530
383	288.060
385	289.110
387	288.720
388	288.810
389	288.140
390	288.700
391	289.430
393	288.130
394	289.290
396	289.440
398	288.980
399	288.860
400	288.990
402	289.480
403	288.260
404	289.290
405	288.460
406	288.490
408	289.280
410	289.390
411	288.730
412	288.060
413	289.310
416	288.680
417	289.080
418	289.290
421	289.410
422	288.250
423	288.210
424	288.040
425	289.330
426	288.900
427	289.320
428	289.030
429	289.340
430	288.570
431	288.450
432	288.660
433	288.090
434	288.300
436	288.390
438	288.540
440	289.410
441	288.550
442	288.400
444	289.250
446	288.740
450	289.020
451	288.800
453	288.380
454	288.510
455	288.290
456	288.220
458	288.580
459	288.040
460	288.280
461	288.630
462	288.210
463	288.070
464	289.340
467	289.010
470	288.310
472	289.050
473	288.840
474	288.820
475	289.190
476	288.160
477	288.860
478	289.220
479	289.290
480	289.180
481	288.320
482	289.450
484	288.060
487	288.550
488	288.700
489	288.200
492	288.020
493	288.400
494	289.360
495	289.170
497	288.960
499	288.800
500	289.230
1	290.810
3	290.480
5	290.930
6	289.580
7	289.700
8	290.750
9	290.110
10	289.920
11	290.990
13	289.980
16	290.560
17	290.950
18	290.280
19	289.780
20	290.410
21	290.940
23	290.720
24	290.800
25	290.170
26	289.890
27	289.530
28	290.900
29	290.980
30	289.520
32	289.690
33	289.750
34	290.660
36	289.530
37	289.710
38	290.320
41	290.570
42	290.050
43	290.880
44	290.040
45	289.510
46	290.990
47	289.770
48	290.760
49	290.740
50	289.970
51	290.730
53	290.060
54	290.210
55	290.140
57	290.240
58	290.390
60	289.780
61	289.680
62	290.220
63	289.920
64	290.730
65	289.940
67	290.260
68	290.550
70	289.550
72	289.720
73	289.730
74	290.170
75	290.440
79	290.920
80	290.490
82	290.790
83	290.700
84	289.980
85	290.940
86	290.060
89	290.950
91	290.940
93	290.210
94	290.830
97	289.670
99	290.200
103	290.990
104	290.360
105	290.200
106	290.770
107	290.730
108	290.030
109	291.000
110	289.600
111	289.570
112	289.770
113	289.560
114	290.450
115	289.770
117	289.730
118	290.350
120	289.590
121	289.890
122	290.530
123	290.170
124	289.980
126	290.240
127	289.760
131	290.360
132	290.860
134	289.610
135	290.140
136	290.750
137	290.120
139	289.690
140	290.560
141	290.860
142	290.970
144	290.150
145	289.650
146	290.590
148	289.720
149	290.490
150	289.730
151	290.120
152	290.310
153	290.340
154	290.020
155	289.510
156	289.940
157	290.050
159	289.560
161	290.620
163	290.460
165	290.960
166	289.510
168	290.650
170	290.850
171	290.650
172	290.830
174	289.740
175	289.770
176	290.500
177	290.910
178	289.980
179	289.670
180	289.960
181	291.000
182	290.580
183	290.340
184	290.290
185	290.000
187	290.550
188	290.890
189	290.880
192	290.350
194	290.400
195	290.600
196	290.000
198	290.490
199	290.950
200	289.620
201	290.960
202	289.860
203	289.850
205	290.130
206	289.620
207	290.500
208	289.730
209	290.160
210	290.410
211	289.800
212	290.740
213	290.720
214	289.880
215	290.380
217	289.540
218	289.670
220	290.000
221	290.520
222	290.420
223	290.210
225	290.600
226	290.130
227	290.350
228	290.700
230	289.580
231	290.190
232	290.280
233	289.530
234	289.830
235	289.780
236	289.680
238	290.890
240	290.400
241	289.660
242	290.970
243	289.560
245	290.330
246	289.550
247	289.520
248	289.740
249	290.930
250	289.810
251	289.710
253	290.960
254	290.090
255	289.730
256	289.770
257	290.670
258	290.090
259	290.610
260	289.940
262	290.700
263	289.600
264	290.060
265	290.170
266	290.600
267	289.840
272	289.580
273	290.490
274	290.570
275	289.530
276	290.140
278	290.300
279	290.590
280	290.200
281	290.120
282	290.430
283	290.010
284	290.530
285	289.510
286	289.900
289	290.160
290	289.520
291	289.630
292	290.100
293	290.180
294	290.280
295	289.580
296	290.230
297	290.700
299	289.710
300	289.840
305	290.710
306	290.270
307	290.380
308	289.690
309	290.510
310	289.780
312	291.000
313	290.000
314	290.000
315	290.840
317	290.340
318	289.580
319	290.250
320	289.780
321	290.960
322	289.960
324	290.670
325	290.280
326	290.750
327	290.300
328	289.840
330	289.710
331	289.920
332	290.410
333	289.700
334	290.080
335	290.350
336	290.850
337	290.980
340	290.310
342	289.920
344	290.120
345	289.790
346	290.910
347	290.420
348	289.680
349	290.170
350	290.140
352	290.040
354	289.880
355	289.760
356	290.290
357	290.290
358	290.140
359	289.960
360	290.220
361	289.550
362	290.750
363	289.970
364	289.610
368	290.600
369	289.780
371	290.060
372	290.140
373	290.320
374	289.620
375	290.990
376	290.260
379	290.530
380	290.730
381	290.640
382	290.540
383	290.070
384	289.750
386	289.650
387	290.730
388	290.820
389	290.150
390	290.710
392	289.590
393	290.140
395	289.580
397	289.900
398	290.990
399	290.870
400	291.000
401	289.570
403	290.270
405	290.470
406	290.500
407	289.570
409	289.580
411	290.740
412	290.070
414	289.530
415	289.830
416	290.690
419	289.840
420	289.730
422	290.260
423	290.220
424	290.050
426	290.910
430	290.580
431	290.460
432	290.670
433	290.100
434	290.310
435	289.560
436	290.400
437	289.720
438	290.550
439	289.560
441	290.560
442	290.410
443	289.800
445	289.940
446	290.750
447	289.820
448	289.720
449	289.660
451	290.810
452	289.910
453	290.390
454	290.520
455	290.300
456	290.230
457	289.910
458	290.590
459	290.050
460	290.290
461	290.640
462	290.220
463	290.080
465	289.800
466	289.610
468	289.700
469	289.820
470	290.320
471	289.540
473	290.850
474	290.830
476	290.170
477	290.870
481	290.330
483	289.610
484	290.070
485	289.580
486	289.830
487	290.560
488	290.710
489	290.210
490	289.600
491	289.600
492	290.030
493	290.410
496	290.000
497	290.970
498	289.820
499	290.810
2	291.020
3	292.490
4	291.390
6	291.590
7	291.710
9	292.120
10	291.930
12	291.330
13	291.990
14	291.110
15	291.400
18	292.290
19	291.790
20	292.420
22	291.110
25	292.180
26	291.900
27	291.540
30	291.530
31	291.510
32	291.700
33	291.760
35	291.020
36	291.540
37	291.720
38	292.330
39	291.470
40	291.270
42	292.060
44	292.050
45	291.520
47	291.780
50	291.980
52	291.250
53	292.070
54	292.220
55	292.150
56	291.430
57	292.250
58	292.400
59	291.210
60	291.790
61	291.690
62	292.230
63	291.930
65	291.950
66	291.340
67	292.270
69	291.120
70	291.560
71	291.400
72	291.730
73	291.740
74	292.180
75	292.450
76	291.060
77	291.060
78	291.210
80	292.500
81	291.150
84	291.990
86	292.070
87	291.480
88	291.010
90	291.250
92	291.390
93	292.220
95	291.200
96	291.510
97	291.680
98	291.180
99	292.210
100	291.390
101	291.120
102	291.330
104	292.370
105	292.210
108	292.040
110	291.610
111	291.580
112	291.780
113	291.570
114	292.460
115	291.780
116	291.360
117	291.740
118	292.360
119	291.030
120	291.600
121	291.900
123	292.180
124	291.990
125	291.390
126	292.250
127	291.770
128	291.340
129	291.260
130	291.350
131	292.370
133	291.180
134	291.620
135	292.150
137	292.130
138	291.150
139	291.700
143	291.470
144	292.160
145	291.660
147	291.510
148	291.730
149	292.500
150	291.740
151	292.130
152	292.320
153	292.350
154	292.030
155	291.520
156	291.950
157	292.060
158	291.110
159	291.570
160	291.350
162	291.400
163	292.470
164	291.350
166	291.520
167	291.500
169	291.100
173	291.250
174	291.750
175	291.780
178	291.990
179	291.680
180	291.970
183	292.350
184	292.300
185	292.010
186	291.350
190	291.120
191	291.100
192	292.360
193	291.460
194	292.410
196	292.010
197	291.040
198	292.500
200	291.630
202	291.870
203	291.860
204	291.020
205	292.140
206	291.630
208	291.740
209	292.170
210	292.420
211	291.810
214	291.890
215	292.390
216	291.200
217	291.550
218	291.680
219	291.200
220	292.010
222	292.430
223	292.220
224	291.260
226	292.140
227	292.360
229	291.290
230	291.590
231	292.200
232	292.290
233	291.540
234	291.840
235	291.790
236	291.690
237	291.010
239	291.240
240	292.410
241	291.670
243	291.570
244	291.130
245	292.340
246	291.560
247	291.530
248	291.750
250	291.820
251	291.720
252	291.380
254	292.100
255	291.740
256	291.780
258	292.100
260	291.950
261	291.110
263	291.610
264	292.070
265	292.180
267	291.850
268	291.230
269	291.500
270	291.320
271	291.130
272	291.590
273	292.500
275	291.540
276	292.150
277	291.010
278	292.310
280	292.210
281	292.130
282	292.440
283	292.020
285	291.520
286	291.910
287	291.280
288	291.240
289	292.170
290	291.530
291	291.640
292	292.110
293	292.190
294	292.290
295	291.590
296	292.240
298	291.030
299	291.720
300	291.850
301	291.120
302	291.350
303	291.350
304	291.060
306	292.280
307	292.390
308	291.700
310	291.790
311	291.460
313	292.010
314	292.010
316	291.080
317	292.350
318	291.590
319	292.260
320	291.790
322	291.970
323	291.130
325	292.290
327	292.310
328	291.850
329	291.350
330	291.720
331	291.930
332	292.420
333	291.710
334	292.090
335	292.360
338	291.380
339	291.190
340	292.320
341	291.010
342	291.930
343	291.320
344	292.130
345	291.800
347	292.430
348	291.690
349	292.180
350	292.150
351	291.350
352	292.050
353	291.460
354	291.890
355	291.770
356	292.300
357	292.300
358	292.150
359	291.970
360	292.230
361	291.560
363	291.980
364	291.620
365	291.500
366	291.170
367	291.150
369	291.790
370	291.420
371	292.070
372	292.150
373	292.330
374	291.630
376	292.270
377	291.170
378	291.180
383	292.080
384	291.760
385	291.120
386	291.660
389	292.160
391	291.440
392	291.600
393	292.150
394	291.300
395	291.590
396	291.450
397	291.910
401	291.580
402	291.490
403	292.280
404	291.300
405	292.480
407	291.580
408	291.290
409	291.590
410	291.400
412	292.080
413	291.320
414	291.540
415	291.840
417	291.090
418	291.300
419	291.850
420	291.740
421	291.420
422	292.270
423	292.230
424	292.060
425	291.340
427	291.330
428	291.040
429	291.350
431	292.470
433	292.110
434	292.320
435	291.570
436	292.410
437	291.730
439	291.570
440	291.420
442	292.420
443	291.810
444	291.260
445	291.950
447	291.830
448	291.730
449	291.670
450	291.030
452	291.920
453	292.400
455	292.310
456	292.240
457	291.920
459	292.060
460	292.300
462	292.230
463	292.090
464	291.350
465	291.810
466	291.620
467	291.020
468	291.710
469	291.830
470	292.330
471	291.550
472	291.060
475	291.200
476	292.180
478	291.230
479	291.300
480	291.190
481	292.340
482	291.460
483	291.620
484	292.080
485	291.590
486	291.840
489	292.220
490	291.610
491	291.610
492	292.040
493	292.420
494	291.370
495	291.180
496	292.010
498	291.830
500	291.240
1	292.820
2	293.030
4	293.400
5	292.940
6	293.600
7	293.720
8	292.760
10	293.940
11	293.000
12	293.340
13	294.000
14	293.120
15	293.410
16	292.570
17	292.960
19	293.800
21	292.950
22	293.120
23	292.730
24	292.810
26	293.910
27	293.550
28	292.910
29	292.990
30	293.540
31	293.520
32	293.710
33	293.770
34	292.670
35	293.030
36	293.550
37	293.730
39	293.480
40	293.280
41	292.580
43	292.890
45	293.530
46	293.000
47	293.790
48	292.770
49	292.750
50	293.990
51	292.740
52	293.260
56	293.440
59	293.220
60	293.800
61	293.700
63	293.940
64	292.740
65	293.960
66	293.350
68	292.560
69	293.130
70	293.570
71	293.410
72	293.740
73	293.750
76	293.070
77	293.070
78	293.220
79	292.930
81	293.160
82	292.800
83	292.710
84	294.000
85	292.950
87	293.490
88	293.020
89	292.960
90	293.260
91	292.950
92	293.400
94	292.840
95	293.210
96	293.520
97	293.690
98	293.190
100	293.400
101	293.130
102	293.340
103	293.000
106	292.780
107	292.740
109	293.010
110	293.620
111	293.590
112	293.790
113	293.580
115	293.790
116	293.370
117	293.750
119	293.040
120	293.610
121	293.910
122	292.540
124	294.000
125	293.400
127	293.780
128	293.350
129	293.270
130	293.360
132	292.870
133	293.190
134	293.630
136	292.760
138	293.160
139	293.710
140	292.570
141	292.870
142	292.980
143	293.480
145	293.670
146	292.600
147	293.520
148	293.740
150	293.750
155	293.530
156	293.960
158	293.120
159	293.580
160	293.360
161	292.630
162	293.410
164	293.360
165	292.970
166	293.530
167	293.510
168	292.660
169	293.110
170	292.860
171	292.660
172	292.840
173	293.260
174	293.760
175	293.790
176	292.510
177	292.920
178	294.000
179	293.690
180	293.980
181	293.010
182	292.590
186	293.360
187	292.560
188	292.900
189	292.890
190	293.130
191	293.110
193	293.470
195	292.610
197	293.050
199	292.960
200	293.640
201	292.970
202	293.880
203	293.870
204	293.030
206	293.640
207	292.510
208	293.750
211	293.820
212	292.750
213	292.730
214	293.900
216	293.210
217	293.560
218	293.690
219	293.210
221	292.530
224	293.270
225	292.610
228	292.710
229	293.300
230	293.600
233	293.550
234	293.850
235	293.800
236	293.700
237	293.020
238	292.900
239	293.250
241	293.680
242	292.980
243	293.580
244	293.140
246	293.570
247	293.540
248	293.760
249	292.940
250	293.830
251	293.730
252	293.390
253	292.970
255	293.750
256	293.790
257	292.680
259	292.620
260	293.960
261	293.120
262	292.710
263	293.620
266	292.610
267	293.860
268	293.240
269	293.510
270	293.330
271	293.140
272	293.600
274	292.580
275	293.550
277	293.020
279	292.600
284	292.540
285	293.530
286	293.920
287	293.290
288	293.250
290	293.540
291	293.650
295	293.600
297	292.710
298	293.040
299	293.730
300	293.860
301	293.130
302	293.360
303	293.360
304	293.070
305	292.720
308	293.710
309	292.520
310	293.800
311	293.470
312	293.010
315	292.850
316	293.090
318	293.600
320	293.800
321	292.970
322	293.980
323	293.140
324	292.680
326	292.760
328	293.860
329	293.360
330	293.730
331	293.940
333	293.720
336	292.860
337	292.990
338	293.390
339	293.200
341	293.020
342	293.940
343	293.330
345	293.810
346	292.920
348	293.700
351	293.360
353	293.470
354	293.900
355	293.780
359	293.980
361	293.570
362	292.760
363	293.990
364	293.630
365	293.510
366	293.180
367	293.160
368	292.610
369	293.800
370	293.430
374	293.640
375	293.000
377	293.180
378	293.190
379	292.540
380	292.740
381	292.650
382	292.550
384	293.770
385	293.130
386	293.670
387	292.740
388	292.830
390	292.720
391	293.450
392	293.610
394	293.310
395	293.600
396	293.460
397	293.920
398	293.000
399	292.880
400	293.010
401	293.590
402	293.500
404	293.310
406	292.510
407	293.590
408	293.300
409	293.600
410	293.410
411	292.750
413	293.330
414	293.550
415	293.850
416	292.700
417	293.100
418	293.310
419	293.860
420	293.750
421	293.430
425	293.350
426	292.920
427	293.340
428	293.050
429	293.360
430	292.590
432	292.680
435	293.580
437	293.740
438	292.560
439	293.580
440	293.430
441	292.570
443	293.820
444	293.270
445	293.960
446	292.760
447	293.840
448	293.740
449	293.680
450	293.040
451	292.820
452	293.930
454	292.530
457	293.930
458	292.600
461	292.650
464	293.360
465	293.820
466	293.630
467	293.030
468	293.720
469	293.840
471	293.560
472	293.070
473	292.860
474	292.840
475	293.210
477	292.880
478	293.240
479	293.310
480	293.200
482	293.470
483	293.630
485	293.600
486	293.850
487	292.570
488	292.720
490	293.620
491	293.620
494	293.380
495	293.190
497	292.980
498	293.840
499	292.820
500	293.250
1	294.830
2	295.040
3	294.500
4	295.410
5	294.950
8	294.770
9	294.130
11	295.010
12	295.350
14	295.130
15	295.420
16	294.580
17	294.970
18	294.300
20	294.430
21	294.960
22	295.130
23	294.740
24	294.820
25	294.190
28	294.920
29	295.000
34	294.680
35	295.040
38	294.340
39	295.490
40	295.290
41	294.590
42	294.070
43	294.900
44	294.060
46	295.010
48	294.780
49	294.760
51	294.750
52	295.270
53	294.080
54	294.230
55	294.160
56	295.450
57	294.260
58	294.410
59	295.230
62	294.240
64	294.750
66	295.360
67	294.280
68	294.570
69	295.140
71	295.420
74	294.190
75	294.460
76	295.080
77	295.080
78	295.230
79	294.940
80	294.510
81	295.170
82	294.810
83	294.720
85	294.960
86	294.080
87	295.500
88	295.030
89	294.970
90	295.270
91	294.960
92	295.410
93	294.230
94	294.850
95	295.220
98	295.200
99	294.220
100	295.410
101	295.140
102	295.350
103	295.010
104	294.380
105	294.220
106	294.790
107	294.750
108	294.050
109	295.020
114	294.470
116	295.380
118	294.370
119	295.050
122	294.550
123	294.190
125	295.410
126	294.260
128	295.360
129	295.280
130	295.370
131	294.380
132	294.880
133	295.200
135	294.160
136	294.770
137	294.140
138	295.170
140	294.580
141	294.880
142	294.990
143	295.490
144	294.170
146	294.610
149	294.510
151	294.140
152	294.330
153	294.360
154	294.040
157	294.070
158	295.130
160	295.370
161	294.640
162	295.420
163	294.480
164	295.370
165	294.980
168	294.670
169	295.120
170	294.870
171	294.670
172	294.850
173	295.270
176	294.520
177	294.930
181	295.020
182	294.600
183	294.360
184	294.310
185	294.020
186	295.370
187	294.570
188	294.910
189	294.900
190	295.140
191	295.120
192	294.370
193	295.480
194	294.420
195	294.620
196	294.020
197	295.060
198	294.510
199	294.970
201	294.980
204	295.040
205	294.150
207	294.520
209	294.180
210	294.430
212	294.760
213	294.740
215	294.400
216	295.220
219	295.220
220	294.020
221	294.540
222	294.440
223	294.230
224	295.280
225	294.620
226	294.150
227	294.370
228	294.720
229	295.310
231	294.210
232	294.300
237	295.030
238	294.910
239	295.260
240	294.420
242	294.990
244	295.150
245	294.350
249	294.950
252	295.400
253	294.980
254	294.110
257	294.690
258	294.110
259	294.630
261	295.130
262	294.720
264	294.080
265	294.190
266	294.620
268	295.250
270	295.340
271	295.150
273	294.510
274	294.590
276	294.160
277	295.030
278	294.320
279	294.610
280	294.220
281	294.140
282	294.450
283	294.030
284	294.550
287	295.300
288	295.260
289	294.180
292	294.120
293	294.200
294	294.300
296	294.250
297	294.720
298	295.050
301	295.140
302	295.370
303	295.370
304	295.080
305	294.730
306	294.290
307	294.400
309	294.530
311	295.480
312	295.020
313	294.020
314	294.020
315	294.860
316	295.100
317	294.360
319	294.270
321	294.980
323	295.150
324	294.690
325	294.300
326	294.770
327	294.320
329	295.370
332	294.430
334	294.100
335	294.370
336	294.870
337	295.000
338	295.400
339	295.210
340	294.330
341	295.030
343	295.340
344	294.140
346	294.930
347	294.440
349	294.190
350	294.160
351	295.370
352	294.060
353	295.480
356	294.310
357	294.310
358	294.160
360	294.240
362	294.770
366	295.190
367	295.170
368	294.620
370	295.440
371	294.080
372	294.160
373	294.340
375	295.010
376	294.280
377	295.190
378	295.200
379	294.550
380	294.750
381	294.660
382	294.560
383	294.090
385	295.140
387	294.750
388	294.840
389	294.170
390	294.730
391	295.460
393	294.160
394	295.320
396	295.470
398	295.010
399	294.890
400	295.020
403	294.290
404	295.320
405	294.490
406	294.520
408	295.310
410	295.420
411	294.760
412	294.090
413	295.340
416	294.710
417	295.110
418	295.320
421	295.440
422	294.280
423	294.240
424	294.070
425	295.360
426	294.930
427	295.350
428	295.060
429	295.370
430	294.600
431	294.480
432	294.690
433	294.120
434	294.330
436	294.420
438	294.570
440	295.440
441	294.580
442	294.430
444	295.280
446	294.770
450	295.050
451	294.830
453	294.410
454	294.540
455	294.320
456	294.250
458	294.610
459	294.070
460	294.310
461	294.660
462	294.240
463	294.100
464	295.370
467	295.040
470	294.340
472	295.080
473	294.870
474	294.850
475	295.220
476	294.190
477	294.890
478	295.250
479	295.320
480	295.210
481	294.350
482	295.480
484	294.090
487	294.580
488	294.730
489	294.230
492	294.050
493	294.430
494	295.390
495	295.200
496	294.020
497	294.990
499	294.830
500	295.260
1	296.840
3	296.510
5	296.960
6	295.610
7	295.730
8	296.780
9	296.140
10	295.950
13	296.010
16	296.590
17	296.980
18	296.310
19	295.810
20	296.440
21	296.970
23	296.750
24	296.830
25	296.200
26	295.920
27	295.560
28	296.930
30	295.550
31	295.530
32	295.720
33	295.780
34	296.690
36	295.560
37	295.740
38	296.350
41	296.600
42	296.080
43	296.910
44	296.070
45	295.540
47	295.800
48	296.790
49	296.770
50	296.000
51	296.760
53	296.090
54	296.240
55	296.170
57	296.270
58	296.420
60	295.810
61	295.710
62	296.250
63	295.950
64	296.760
65	295.970
67	296.290
68	296.580
70	295.580
72	295.750
73	295.760
74	296.200
75	296.470
79	296.950
80	296.520
82	296.820
83	296.730
84	296.010
85	296.970
86	296.090
89	296.980
91	296.970
93	296.240
94	296.860
96	295.530
97	295.700
99	296.230
104	296.390
105	296.230
106	296.800
107	296.760
108	296.060
110	295.630
111	295.600
112	295.800
113	295.590
114	296.480
115	295.800
117	295.760
118	296.380
120	295.620
121	295.920
122	296.560
123	296.200
124	296.010
126	296.270
127	295.790
131	296.390
132	296.890
134	295.640
135	296.170
136	296.780
137	296.150
139	295.720
140	296.590
141	296.890
142	297.000
144	296.180
145	295.680
146	296.620
147	295.530
148	295.750
149	296.520
150	295.760
151	296.150
152	296.340
153	296.370
154	296.050
155	295.540
156	295.970
157	296.080
159	295.590
161	296.650
163	296.490
165	296.990
166	295.540
167	295.520
168	296.680
170	296.880
171	296.680
172	296.860
174	295.770
175	295.800
176	296.530
177	296.940
178	296.010
179	295.700
180	295.990
182	296.610
183	296.370
184	296.320
185	296.030
187	296.580
188	296.920
189	296.910
192	296.380
194	296.430
195	296.630
196	296.030
198	296.520
199	296.980
200	295.650
201	296.990
202	295.890
203	295.880
205	296.160
206	295.650
207	296.530
208	295.760
209	296.190
210	296.440
211	295.830
212	296.770
213	296.750
214	295.910
215	296.410
217	295.570
218	295.700
220	296.030
221	296.550
222	296.450
223	296.240
225	296.630
226	296.160
227	296.380
228	296.730
230	295.610
231	296.220
232	296.310
233	295.560
234	295.860
235	295.810
236	295.710
238	296.920
240	296.430
241	295.690
242	297.000
243	295.590
245	296.360
246	295.580
247	295.550
248	295.770
249	296.960
250	295.840
251	295.740
253	296.990
254	296.120
255	295.760
256	295.800
257	296.700
258	296.120
259	296.640
260	295.970
262	296.730
263	295.630
264	296.090
265	296.200
266	296.630
267	295.870
269	295.520
272	295.610
273	296.520
274	296.600
275	295.560
276	296.170
278	296.330
279	296.620
280	296.230
281	296.150
282	296.460
283	296.040
284	296.560
285	295.540
286	295.930
289	296.190
290	295.550
291	295.660
292	296.130
293	296.210
294	296.310
295	295.610
296	296.260
297	296.730
299	295.740
300	295.870
305	296.740
306	296.300
307	296.410
308	295.720
309	296.540
310	295.810
313	296.030
314	296.030
315	296.870
317	296.370
318	295.610
319	296.280
320	295.810
321	296.990
322	295.990
324	296.700
325	296.310
326	296.780
327	296.330
328	295.870
330	295.740
331	295.950
332	296.440
333	295.730
334	296.110
335	296.380
336	296.880
340	296.340
342	295.950
344	296.150
345	295.820
346	296.940
347	296.450
348	295.710
349	296.200
350	296.170
352	296.070
354	295.910
355	295.790
356	296.320
357	296.320
358	296.170
359	295.990
360	296.250
361	295.580
362	296.780
363	296.000
364	295.640
365	295.520
368	296.630
369	295.810
371	296.090
372	296.170
373	296.350
374	295.650
376	296.290
379	296.560
380	296.760
381	296.670
382	296.570
383	296.100
384	295.780
386	295.680
387	296.760
388	296.850
389	296.180
390	296.740
392	295.620
393	296.170
395	295.610
397	295.930
399	296.900
401	295.600
402	295.510
403	296.300
405	296.500
406	296.530
407	295.600
409	295.610
411	296.770
412	296.100
414	295.560
415	295.860
416	296.720
419	295.870
420	295.760
422	296.290
423	296.250
424	296.080
426	296.940
430	296.610
431	296.490
432	296.700
433	296.130
434	296.340
435	295.590
436	296.430
437	295.750
438	296.580
439	295.590
441	296.590
442	296.440
443	295.830
445	295.970
446	296.780
447	295.850
448	295.750
449	295.690
451	296.840
452	295.940
453	296.420
454	296.550
455	296.330
456	296.260
457	295.940
458	296.620
459	296.080
460	296.320
461	296.670
462	296.250
463	296.110
465	295.830
466	295.640
468	295.730
469	295.850
470	296.350
471	295.570
473	296.880
474	296.860
476	296.200
477	296.900
481	296.360
483	295.640
484	296.100
485	295.610
486	295.860
487	296.590
488	296.740
489	296.240
490	295.630
491	295.630
492	296.060
493	296.440
496	296.030
497	297.000
498	295.850
499	296.840
2	297.050
4	297.420
6	297.620
7	297.740
9	298.150
10	297.960
11	297.020
12	297.360
13	298.020
14	297.140
15	297.430
18	298.320
19	297.820
20	298.450
22	297.140
25	298.210
26	297.930
27	297.570
29	297.010
30	297.560
31	297.540
32	297.730
33	297.790
35	297.050
36	297.570
37	297.750
38	298.360
39	297.500
40	297.300
42	298.090
44	298.080
45	297.550
46	297.020
47	297.810
50	298.010
52	297.280
53	298.100
54	298.250
55	298.180
56	297.460
57	298.280
58	298.430
59	297.240
60	297.820
61	297.720
62	298.260
63	297.960
65	297.980
66	297.370
67	298.300
69	297.150
70	297.590
71	297.430
72	297.760
73	297.770
74	298.210
75	298.480
76	297.090
77	297.090
78	297.240
81	297.180
84	298.020
86	298.100
87	297.510
88	297.040
90	297.280
92	297.420
93	298.250
95	297.230
96	297.540
97	297.710
98	297.210
99	298.240
100	297.420
101	297.150
102	297.360
103	297.020
104	298.400
105	298.240
108	298.070
109	297.030
110	297.640
111	297.610
112	297.810
113	297.600
114	298.490
115	297.810
116	297.390
117	297.770
118	298.390
119	297.060
120	297.630
121	297.930
123	298.210
124	298.020
125	297.420
126	298.280
127	297.800
128	297.370
129	297.290
130	297.380
131	298.400
133	297.210
134	297.650
135	298.180
137	298.160
138	297.180
139	297.730
143	297.500
144	298.190
145	297.690
147	297.540
148	297.760
150	297.770
151	298.160
152	298.350
153	298.380
154	298.060
155	297.550
156	297.980
157	298.090
158	297.140
159	297.600
160	297.380
162	297.430
163	298.500
164	297.380
166	297.550
167	297.530
169	297.130
173	297.280
174	297.780
175	297.810
178	298.020
179	297.710
180	298.000
181	297.030
183	298.380
184	298.330
185	298.040
186	297.380
190	297.150
191	297.130
192	298.390
193	297.490
194	298.440
196	298.040
197	297.070
200	297.660
202	297.900
203	297.890
204	297.050
205	298.170
206	297.660
208	297.770
209	298.200
210	298.450
211	297.840
214	297.920
215	298.420
216	297.230
217	297.580
218	297.710
219	297.230
220	298.040
222	298.460
223	298.250
224	297.290
226	298.170
227	298.390
229	297.320
230	297.620
231	298.230
232	298.320
233	297.570
234	297.870
235	297.820
236	297.720
237	297.040
239	297.270
240	298.440
241	297.700
243	297.600
244	297.160
245	298.370
246	297.590
247	297.560
248	297.780
250	297.850
251	297.750
252	297.410
254	298.130
255	297.770
256	297.810
258	298.130
260	297.980
261	297.140
263	297.640
264	298.100
265	298.210
267	297.880
268	297.260
269	297.530
270	297.350
271	297.160
272	297.620
275	297.570
276	298.180
277	297.040
278	298.340
280	298.240
281	298.160
282	298.470
283	298.050
285	297.550
286	297.940
287	297.310
288	297.270
289	298.200
290	297.560
291	297.670
292	298.140
293	298.220
294	298.320
295	297.620
296	298.270
298	297.060
299	297.750
300	297.880
301	297.150
302	297.380
303	297.380
304	297.090
306	298.310
307	298.420
308	297.730
310	297.820
311	297.490
312	297.030
313	298.040
314	298.040
316	297.110
317	298.380
318	297.620
319	298.290
320	297.820
322	298.000
323	297.160
325	298.320
327	298.340
328	297.880
329	297.380
330	297.750
331	297.960
332	298.450
333	297.740
334	298.120
335	298.390
337	297.010
338	297.410
339	297.220
340	298.350
341	297.040
342	297.960
343	297.350
344	298.160
345	297.830
347	298.460
348	297.720
349	298.210
350	298.180
351	297.380
352	298.080
353	297.490
354	297.920
355	297.800
356	298.330
357	298.330
358	298.180
359	298.000
360	298.260
361	297.590
363	298.010
364	297.650
365	297.530
366	297.200
367	297.180
369	297.820
370	297.450
371	298.100
372	298.180
373	298.360
374	297.660
375	297.020
376	298.300
377	297.200
378	297.210
383	298.110
384	297.790
385	297.150
386	297.690
389	298.190
391	297.470
392	297.630
393	298.180
394	297.330
395	297.620
396	297.480
397	297.940
398	297.020
400	297.030
401	297.610
402	297.520
403	298.310
404	297.330
407	297.610
408	297.320
409	297.620
410	297.430
412	298.110
413	297.350
414	297.570
415	297.870
417	297.120
418	297.330
419	297.880
420	297.770
421	297.450
422	298.300
423	298.260
424	298.090
425	297.370
427	297.360
428	297.070
429	297.380
431	298.500
433	298.140
434	298.350
435	297.600
436	298.440
437	297.760
439	297.600
440	297.450
442	298.450
443	297.840
444	297.290
445	297.980
447	297.860
448	297.760
449	297.700
450	297.060
452	297.950
453	298.430
455	298.340
456	298.270
457	297.950
459	298.090
460	298.330
462	298.260
463	298.120
464	297.380
465	297.840
466	297.650
467	297.050
468	297.740
469	297.860
470	298.360
471	297.580
472	297.090
475	297.230
476	298.210
478	297.260
479	297.330
480	297.220
481	298.370
482	297.490
483	297.650
484	298.110
485	297.620
486	297.870
489	298.250
490	297.640
491	297.640
492	298.070
493	298.450
494	297.400
495	297.210
496	298.040
498	297.860
500	297.270
1	298.850
2	299.060
3	298.520
4	299.430
5	298.970
6	299.630
7	299.750
8	298.790
10	299.970
11	299.030
12	299.370
14	299.150
15	299.440
16	298.600
17	298.990
19	299.830
21	298.980
22	299.150
23	298.760
24	298.840
26	299.940
27	299.580
28	298.940
29	299.020
30	299.570
31	299.550
32	299.740
33	299.800
34	298.700
35	299.060
36	299.580
37	299.760
39	299.510
40	299.310
41	298.610
43	298.920
45	299.560
46	299.030
47	299.820
48	298.800
49	298.780
51	298.770
52	299.290
56	299.470
59	299.250
60	299.830
61	299.730
63	299.970
64	298.770
65	299.990
66	299.380
68	298.590
69	299.160
70	299.600
71	299.440
72	299.770
73	299.780
76	299.100
77	299.100
78	299.250
79	298.960
80	298.530
81	299.190
82	298.830
83	298.740
85	298.980
87	299.520
88	299.050
89	298.990
90	299.290
91	298.980
92	299.430
94	298.870
95	299.240
96	299.550
97	299.720
98	299.220
100	299.430
101	299.160
102	299.370
103	299.030
106	298.810
107	298.770
109	299.040
110	299.650
111	299.620
112	299.820
113	299.610
115	299.820
116	299.400
117	299.780
119	299.070
120	299.640
121	299.940
122	298.570
125	299.430
127	299.810
128	299.380
129	299.300
130	299.390
132	298.900
133	299.220
134	299.660
136	298.790
138	299.190
139	299.740
140	298.600
141	298.900
142	299.010
143	299.510
145	299.700
146	298.630
147	299.550
148	299.770
149	298.530
150	299.780
155	299.560
156	299.990
158	299.150
159	299.610
160	299.390
161	298.660
162	299.440
164	299.390
165	299.000
166	299.560
167	299.540
168	298.690
169	299.140
170	298.890
171	298.690
172	298.870
173	299.290
174	299.790
175	299.820
176	298.540
177	298.950
179	299.720
181	299.040
182	298.620
186	299.390
187	298.590
188	298.930
189	298.920
190	299.160
191	299.140
193	299.500
195	298.640
197	299.080
198	298.530
199	298.990
200	299.670
201	299.000
202	299.910
203	299.900
204	299.060
206	299.670
207	298.540
208	299.780
211	299.850
212	298.780
213	298.760
214	299.930
216	299.240
217	299.590
218	299.720
219	299.240
221	298.560
224	299.300
225	298.640
228	298.740
229	299.330
230	299.630
233	299.580
234	299.880
235	299.830
236	299.730
237	299.050
238	298.930
239	299.280
241	299.710
242	299.010
243	299.610
244	299.170
246	299.600
247	299.570
248	299.790
249	298.970
250	299.860
251	299.760
252	299.420
253	299.000
255	299.780
256	299.820
257	298.710
259	298.650
260	299.990
261	299.150
262	298.740
263	299.650
266	298.640
267	299.890
268	299.270
269	299.540
270	299.360
271	299.170
272	299.630
273	298.530
274	298.610
275	299.580
277	299.050
279	298.630
284	298.570
285	299.560
286	299.950
287	299.320
288	299.280
290	299.570
291	299.680
295	299.630
297	298.740
298	299.070
299	299.760
300	299.890
301	299.160
302	299.390
303	299.390
304	299.100
305	298.750
308	299.740
309	298.550
310	299.830
311	299.500
312	299.040
315	298.880
316	299.120
318	299.630
320	299.830
321	299.000
323	299.170
324	298.710
326	298.790
328	299.890
329	299.390
330	299.760
331	299.970
333	299.750
336	298.890
337	299.020
338	299.420
339	299.230
341	299.050
342	299.970
343	299.360
345	299.840
346	298.950
348	299.730
351	299.390
353	299.500
354	299.930
355	299.810
361	299.600
362	298.790
364	299.660
365	299.540
366	299.210
367	299.190
368	298.640
369	299.830
370	299.460
374	299.670
375	299.030
377	299.210
378	299.220
379	298.570
380	298.770
381	298.680
382	298.580
384	299.800
385	299.160
386	299.700
387	298.770
388	298.860
390	298.750
391	299.480
392	299.640
394	299.340
395	299.630
396	299.490
397	299.950
398	299.030
399	298.910
400	299.040
401	299.620
402	299.530
404	299.340
405	298.510
406	298.540
407	299.620
408	299.330
409	299.630
410	299.440
411	298.780
413	299.360
414	299.580
415	299.880
416	298.730
417	299.130
418	299.340
419	299.890
420	299.780
421	299.460
425	299.380
426	298.950
427	299.370
428	299.080
429	299.390
430	298.620
432	298.710
435	299.610
437	299.770
438	298.590
439	299.610
440	299.460
441	298.600
443	299.850
444	299.300
445	299.990
446	298.790
447	299.870
448	299.770
449	299.710
450	299.070
451	298.850
452	299.960
454	298.560
457	299.960
458	298.630
461	298.680
464	299.390
465	299.850
466	299.660
467	299.060
468	299.750
469	299.870
471	299.590
472	299.100
473	298.890
474	298.870
475	299.240
477	298.910
478	299.270
479	299.340
480	299.230
482	299.500
483	299.660
485	299.630
486	299.880
487	298.600
488	298.750
490	299.650
491	299.650
494	299.410
495	299.220
497	299.010
498	299.870
499	298.850
500	299.280
1	300.860
2	301.070
3	300.530
4	301.440
5	300.980
8	300.800
9	300.160
11	301.040
12	301.380
13	300.030
14	301.160
15	301.450
16	300.610
17	301.000
18	300.330
20	300.460
21	300.990
22	301.160
23	300.770
24	300.850
25	300.220
28	300.950
29	301.030
34	300.710
35	301.070
38	300.370
40	301.320
41	300.620
42	300.100
43	300.930
44	300.090
46	301.040
48	300.810
49	300.790
50	300.020
51	300.780
52	301.300
53	300.110
54	300.260
55	300.190
56	301.480
57	300.290
58	300.440
59	301.260
62	300.270
64	300.780
66	301.390
67	300.310
68	300.600
69	301.170
71	301.450
74	300.220
75	300.490
76	301.110
77	301.110
78	301.260
79	300.970
80	300.540
81	301.200
82	300.840
83	300.750
84	300.030
85	300.990
86	300.110
88	301.060
89	301.000
90	301.300
91	300.990
92	301.440
93	300.260
94	300.880
95	301.250
98	301.230
99	300.250
100	301.440
101	301.170
102	301.380
103	301.040
104	300.410
105	300.250
106	300.820
107	300.780
108	300.080
109	301.050
114	300.500
116	301.410
118	300.400
119	301.080
122	300.580
123	300.220
124	300.030
125	301.440
126	300.290
128	301.390
129	301.310
130	301.400
131	300.410
132	300.910
133	301.230
135	300.190
136	300.800
137	300.170
138	301.200
140	300.610
141	300.910
142	301.020
144	300.200
146	300.640
149	300.540
151	300.170
152	300.360
153	300.390
154	300.070
157	300.100
158	301.160
160	301.400
161	300.670
162	301.450
163	300.510
164	301.400
165	301.010
168	300.700
169	301.150
170	300.900
171	300.700
172	300.880
173	301.300
176	300.550
177	300.960
178	300.030
180	300.010
181	301.050
182	300.630
183	300.390
184	300.340
185	300.050
186	301.400
187	300.600
188	300.940
189	300.930
190	301.170
191	301.150
192	300.400
194	300.450
195	300.650
196	300.050
197	301.090
198	300.540
199	301.000
201	301.010
204	301.070
205	300.180
207	300.550
209	300.210
210	300.460
212	300.790
213	300.770
215	300.430
216	301.250
219	301.250
220	300.050
221	300.570
222	300.470
223	300.260
224	301.310
225	300.650
226	300.180
227	300.400
228	300.750
229	301.340
231	300.240
232	300.330
237	301.060
238	300.940
239	301.290
240	300.450
242	301.020
244	301.180
245	300.380
249	300.980
252	301.430
253	301.010
254	300.140
257	300.720
258	300.140
259	300.660
261	301.160
262	300.750
264	300.110
265	300.220
266	300.650
268	301.280
270	301.370
271	301.180
273	300.540
274	300.620
276	300.190
277	301.060
278	300.350
279	300.640
280	300.250
281	300.170
282	300.480
283	300.060
284	300.580
287	301.330
288	301.290
289	300.210
292	300.150
293	300.230
294	300.330
296	300.280
297	300.750
298	301.080
301	301.170
302	301.400
303	301.400
304	301.110
305	300.760
306	300.320
307	300.430
309	300.560
312	301.050
313	300.050
314	300.050
315	300.890
316	301.130
317	300.390
319	300.300
321	301.010
322	300.010
323	301.180
324	300.720
325	300.330
326	300.800
327	300.350
329	301.400
332	300.460
334	300.130
335	300.400
336	300.900
337	301.030
338	301.430
339	301.240
340	300.360
341	301.060
343	301.370
344	300.170
346	300.960
347	300.470
349	300.220
350	300.190
351	301.400
352	300.090
356	300.340
357	300.340
358	300.190
359	300.010
360	300.270
362	300.800
363	300.020
366	301.220
367	301.200
368	300.650
370	301.470
371	300.110
372	300.190
373	300.370
375	301.040
376	300.310
377	301.220
378	301.230
379	300.580
380	300.780
381	300.690
382	300.590
383	300.120
385	301.170
387	300.780
388	300.870
389	300.200
390	300.760
391	301.490
393	300.190
394	301.350
396	301.500
398	301.040
399	300.920
400	301.050
403	300.320
404	301.350
405	300.520
406	300.550
408	301.340
410	301.450
411	300.790
412	300.120
413	301.370
416	300.740
417	301.140
418	301.350
421	301.470
422	300.310
423	300.270
424	300.100
425	301.390
426	300.960
427	301.380
428	301.090
429	301.400
430	300.630
431	300.510
432	300.720
433	300.150
434	300.360
436	300.450
438	300.600
440	301.470
441	300.610
442	300.460
444	301.310
446	300.800
450	301.080
451	300.860
453	300.440
454	300.570
455	300.350
456	300.280
458	300.640
459	300.100
460	300.340
461	300.690
462	300.270
463	300.130
464	301.400
467	301.070
470	300.370
472	301.110
473	300.900
474	300.880
475	301.250
476	300.220
477	300.920
478	301.280
479	301.350
480	301.240
481	300.380
484	300.120
487	300.610
488	300.760
489	300.260
492	300.080
493	300.460
494	301.420
495	301.230
496	300.050
497	301.020
499	300.860
500	301.290
1	302.870
3	302.540
5	302.990
6	301.640
7	301.760
8	302.810
9	302.170
10	301.980
13	302.040
16	302.620
18	302.340
19	301.840
20	302.470
21	303.000
23	302.780
24	302.860
25	302.230
26	301.950
27	301.590
28	302.960
30	301.580
31	301.560
32	301.750
33	301.810
34	302.720
36	301.590
37	301.770
38	302.380
39	301.520
41	302.630
42	302.110
43	302.940
44	302.100
45	301.570
47	301.830
48	302.820
49	302.800
50	302.030
51	302.790
53	302.120
54	302.270
55	302.200
57	302.300
58	302.450
60	301.840
61	301.740
62	302.280
63	301.980
64	302.790
65	302.000
67	302.320
68	302.610
70	301.610
72	301.780
73	301.790
74	302.230
75	302.500
79	302.980
80	302.550
82	302.850
83	302.760
84	302.040
85	303.000
86	302.120
87	301.530
91	303.000
93	302.270
94	302.890
96	301.560
97	301.730
99	302.260
104	302.420
105	302.260
106	302.830
107	302.790
108	302.090
110	301.660
111	301.630
112	301.830
113	301.620
114	302.510
115	301.830
117	301.790
118	302.410
120	301.650
121	301.950
122	302.590
123	302.230
124	302.040
126	302.300
127	301.820
131	302.420
132	302.920
134	301.670
135	302.200
136	302.810
137	302.180
139	301.750
140	302.620
141	302.920
143	301.520
144	302.210
145	301.710
146	302.650
147	301.560
148	301.780
149	302.550
150	301.790
151	302.180
152	302.370
153	302.400
154	302.080
155	301.570
156	302.000
157	302.110
159	301.620
161	302.680
163	302.520
166	301.570
167	301.550
168	302.710
170	302.910
171	302.710
172	302.890
174	301.800
175	301.830
176	302.560
177	302.970
178	302.040
179	301.730
180	302.020
182	302.640
183	302.400
184	302.350
185	302.060
187	302.610
188	302.950
189	302.940
192	302.410
193	301.510
194	302.460
195	302.660
196	302.060
198	302.550
200	301.680
202	301.920
203	301.910
205	302.190
206	301.680
207	302.560
208	301.790
209	302.220
210	302.470
211	301.860
212	302.800
213	302.780
214	301.940
215	302.440
217	301.600
218	301.730
220	302.060
221	302.580
222	302.480
223	302.270
225	302.660
226	302.190
227	302.410
228	302.760
230	301.640
231	302.250
232	302.340
233	301.590
234	301.890
235	301.840
236	301.740
238	302.950
240	302.460
241	301.720
243	301.620
245	302.390
246	301.610
247	301.580
248	301.800
249	302.990
250	301.870
251	301.770
254	302.150
255	301.790
256	301.830
257	302.730
258	302.150
259	302.670
260	302.000
262	302.760
263	301.660
264	302.120
265	302.230
266	302.660
267	301.900
269	301.550
272	301.640
273	302.550
274	302.630
275	301.590
276	302.200
278	302.360
279	302.650
280	302.260
281	302.180
282	302.490
283	302.070
284	302.590
285	301.570
286	301.960
289	302.220
290	301.580
291	301.690
292	302.160
293	302.240
294	302.340
295	301.640
296	302.290
297	302.760
299	301.770
305	302.770
306	302.330
307	302.440
308	301.750
309	302.570
310	301.840
311	301.510
313	302.060
314	302.060
315	302.900
317	302.400
318	301.640
319	302.310
320	301.840
322	302.020
324	302.730
325	302.340
326	302.810
327	302.360
328	301.900
330	301.770
331	301.980
332	302.470
333	301.760
334	302.140
335	302.410
336	302.910
340	302.370
342	301.980
344	302.180
345	301.850
346	302.970
347	302.480
348	301.740
349	302.230
350	302.200
352	302.100
353	301.510
354	301.940
355	301.820
356	302.350
357	302.350
358	302.200
359	302.020
360	302.280
361	301.610
362	302.810
363	302.030
364	301.670
365	301.550
368	302.660
369	301.840
372	302.200
373	302.380
374	301.680
379	302.590
380	302.790
381	302.700
382	302.600
383	302.130
384	301.810
386	301.710
387	302.790
388	302.880
389	302.210
390	302.770
392	301.650
393	302.200
395	301.640
397	301.960
399	302.930
401	301.630
402	301.540
403	302.330
405	302.530
406	302.560
407	301.630
409	301.640
411	302.800
412	302.130
414	301.590
415	301.890
416	302.750
419	301.900
420	301.790
422	302.320
423	302.280
424	302.110
426	302.970
430	302.640
431	302.520
432	302.730
433	302.160
434	302.370
435	301.620
436	302.460
437	301.780
438	302.610
439	301.620
441	302.620
442	302.470
443	301.860
445	302.000
446	302.810
447	301.880
448	301.780
449	301.720
451	302.870
452	301.970
453	302.450
454	302.580
455	302.360
456	302.290
457	301.970
458	302.650
459	302.110
460	302.350
461	302.700
462	302.280
463	302.140
465	301.860
466	301.670
468	301.760
469	301.880
470	302.380
471	301.600
473	302.910
474	302.890
476	302.230
477	302.930
481	302.390
482	301.510
483	301.670
484	302.130
485	301.640
486	301.890
487	302.620
488	302.770
489	302.270
490	301.660
491	301.660
492	302.090
493	302.470
496	302.060
498	301.880
499	302.870
2	303.080
4	303.450
6	303.650
7	303.770
9	304.180
10	303.990
11	303.050
12	303.390
13	304.050
14	303.170
15	303.460
17	303.010
18	304.350
20	304.480
22	303.170
25	304.240
26	303.960
27	303.600
29	303.040
30	303.590
31	303.570
32	303.760
33	303.820
35	303.080
36	303.600
37	303.780
38	304.390
39	303.530
40	303.330
42	304.120
44	304.110
45	303.580
46	303.050
47	303.840
50	304.040
52	303.310
53	304.130
54	304.280
55	304.210
56	303.490
57	304.310
58	304.460
59	303.270
60	303.850
61	303.750
62	304.290
63	303.990
65	304.010
66	303.400
67	304.330
69	303.180
70	303.620
71	303.460
72	303.790
73	303.800
74	304.240
76	303.120
77	303.120
78	303.270
81	303.210
84	304.050
86	304.130
87	303.540
88	303.070
89	303.010
90	303.310
92	303.450
93	304.280
95	303.260
96	303.570
97	303.740
98	303.240
99	304.270
100	303.450
101	303.180
102	303.390
103	303.050
104	304.430
105	304.270
108	304.100
109	303.060
110	303.670
111	303.640
112	303.840
113	303.630
115	303.840
116	303.420
117	303.800
118	304.420
119	303.090
120	303.660
121	303.960
123	304.240
125	303.450
126	304.310
127	303.830
128	303.400
129	303.320
130	303.410
133	303.240
134	303.680
135	304.210
137	304.190
138	303.210
139	303.760
142	303.030
143	303.530
145	303.720
148	303.790
150	303.800
151	304.190
152	304.380
153	304.410
154	304.090
155	303.580
156	304.010
157	304.120
158	303.170
159	303.630
160	303.410
162	303.460
165	303.020
166	303.580
167	303.560
169	303.160
173	303.310
174	303.810
175	303.840
179	303.740
180	304.030
181	303.060
183	304.410
184	304.360
185	304.070
186	303.410
190	303.180
191	303.160
192	304.420
193	303.520
194	304.470
197	303.100
199	303.010
200	303.690
201	303.020
202	303.930
203	303.920
204	303.080
205	304.200
206	303.690
208	303.800
209	304.230
210	304.480
211	303.870
214	303.950
215	304.450
216	303.260
217	303.610
219	303.260
220	304.070
222	304.490
223	304.280
224	303.320
226	304.200
227	304.420
229	303.350
231	304.260
232	304.350
233	303.600
234	303.900
235	303.850
236	303.750
237	303.070
239	303.300
241	303.730
242	303.030
243	303.630
244	303.190
245	304.400
246	303.620
247	303.590
248	303.810
250	303.880
251	303.780
252	303.440
253	303.020
254	304.160
255	303.800
256	303.840
258	304.160
260	304.010
261	303.170
263	303.670
264	304.130
268	303.290
269	303.560
270	303.380
271	303.190
272	303.650
275	303.600
276	304.210
277	303.070
278	304.370
280	304.270
281	304.190
282	304.500
283	304.080
285	303.580
286	303.970
287	303.340
288	303.300
289	304.230
290	303.590
291	303.700
292	304.170
293	304.250
294	304.350
295	303.650
298	303.090
299	303.780
301	303.180
302	303.410
303	303.410
304	303.120
306	304.340
307	304.450
308	303.760
310	303.850
311	303.520
312	303.060
313	304.070
314	304.070
316	303.140
317	304.410
318	303.650
319	304.320
320	303.850
321	303.020
322	304.030
323	303.190
325	304.350
327	304.370
328	303.910
329	303.410
330	303.780
331	303.990
332	304.480
333	303.770
334	304.150
335	304.420
337	303.040
338	303.440
339	303.250
340	304.380
341	303.070
342	303.990
343	303.380
344	304.190
345	303.860
347	304.490
348	303.750
349	304.240
350	304.210
351	303.410
352	304.110
353	303.520
354	303.950
355	303.830
356	304.360
357	304.360
358	304.210
359	304.030
360	304.290
361	303.620
363	304.040
364	303.680
365	303.560
366	303.230
367	303.210
369	303.850
370	303.480
372	304.210
373	304.390
374	303.690
375	303.050
377	303.230
378	303.240
383	304.140
384	303.820
385	303.180
386	303.720
389	304.220
391	303.500
392	303.660
393	304.210
394	303.360
395	303.650
396	303.510
397	303.970
398	303.050
400	303.060
401	303.640
402	303.550
403	304.340
407	303.640
408	303.350
409	303.650
410	303.460
412	304.140
413	303.380
414	303.600
417	303.150
418	303.360
419	303.910
420	303.800
421	303.480
422	304.330
423	304.290
424	304.120
425	303.400
427	303.390
428	303.100
429	303.410
433	304.170
434	304.380
435	303.630
436	304.470
437	303.790
439	303.630
440	303.480
442	304.480
444	303.320
445	304.010
447	303.890
448	303.790
449	303.730
450	303.090
452	303.980
453	304.460
455	304.370
456	304.300
457	303.980
459	304.120
460	304.360
462	304.290
463	304.150
464	303.410
465	303.870
466	303.680
467	303.080
468	303.770
469	303.890
470	304.390
471	303.610
475	303.260
476	304.240
478	303.290
479	303.360
480	303.250
481	304.400
482	303.520
483	303.680
484	304.140
485	303.650
486	303.900
489	304.280
490	303.670
491	303.670
492	304.100
493	304.480
494	303.430
495	303.240
496	304.070
497	303.030
498	303.890
500	303.300
1	304.880
2	305.090
3	304.550
4	305.460
5	305.000
7	305.780
8	304.820
10	306.000
11	305.060
14	305.180
15	305.470
16	304.630
17	305.020
21	305.010
22	305.180
23	304.790
24	304.870
26	305.970
27	305.610
28	304.970
31	305.580
32	305.770
34	304.730
35	305.090
36	305.610
37	305.790
40	305.340
41	304.640
43	304.950
45	305.590
46	305.060
47	305.850
48	304.830
49	304.810
51	304.800
52	305.320
56	305.500
60	305.860
61	305.760
63	306.000
64	304.800
66	305.410
68	304.620
69	305.190
70	305.630
71	305.470
72	305.800
75	304.510
76	305.130
77	305.130
78	305.280
79	304.990
80	304.560
81	305.220
82	304.860
87	305.550
88	305.080
89	305.020
90	305.320
91	305.010
92	305.460
94	304.900
96	305.580
97	305.750
98	305.250
100	305.460
101	305.190
102	305.400
103	305.060
106	304.840
107	304.800
109	305.070
110	305.680
111	305.650
112	305.850
113	305.640
114	304.520
115	305.850
116	305.430
117	305.810
119	305.100
120	305.670
121	305.970
122	304.600
125	305.460
127	305.840
128	305.410
129	305.330
130	305.420
132	304.930
134	305.690
136	304.820
138	305.220
140	304.630
141	304.930
142	305.040
143	305.540
145	305.730
146	304.660
148	305.800
149	304.560
155	305.590
158	305.180
159	305.640
160	305.420
161	304.690
162	305.470
163	304.530
165	305.030
166	305.590
168	304.720
169	305.170
170	304.920
172	304.900
173	305.320
174	305.820
175	305.850
176	304.570
177	304.980
179	305.750
181	305.070
182	304.650
187	304.620
188	304.960
190	305.190
191	305.170
195	304.670
197	305.110
198	304.560
199	305.020
200	305.700
201	305.030
204	305.090
206	305.700
208	305.810
211	305.880
212	304.810
213	304.790
214	305.960
216	305.270
217	305.620
219	305.270
221	304.590
224	305.330
225	304.670
228	304.770
229	305.360
233	305.610
234	305.910
235	305.860
236	305.760
237	305.080
238	304.960
239	305.310
241	305.740
242	305.040
243	305.640
244	305.200
246	305.630
247	305.600
249	305.000
250	305.890
251	305.790
252	305.450
255	305.810
256	305.850
259	304.680
261	305.180
262	304.770
263	305.680
266	304.670
268	305.300
269	305.570
270	305.390
272	305.660
273	304.560
274	304.640
275	305.610
277	305.080
279	304.660
284	304.600
285	305.590
286	305.980
287	305.350
288	305.310
290	305.600
291	305.710
297	304.770
298	305.100
299	305.790
301	305.190
302	305.420
303	305.420
304	305.130
305	304.780
308	305.770
309	304.580
310	305.860
311	305.530
312	305.070
315	304.910
316	305.150
318	305.660
320	305.860
323	305.200
324	304.740
326	304.820
328	305.920
330	305.790
331	306.000
333	305.780
336	304.920
339	305.260
341	305.080
343	305.390
345	305.870
346	304.980
348	305.760
353	305.530
354	305.960
355	305.840
362	304.820
364	305.690
365	305.570
366	305.240
368	304.670
370	305.490
374	305.700
375	305.060
377	305.240
378	305.250
379	304.600
380	304.800
381	304.710
382	304.610
384	305.830
385	305.190
387	304.800
388	304.890
390	304.780
391	305.510
392	305.670
394	305.370
395	305.660
396	305.520
397	305.980
398	305.060
399	304.940
400	305.070
401	305.650
402	305.560
405	304.540
406	304.570
407	305.650
408	305.360
409	305.660
410	305.470
411	304.810
413	305.390
414	305.610
416	304.760
417	305.160
418	305.370
419	305.920
420	305.810
421	305.490
425	305.410
426	304.980
427	305.400
428	305.110
429	305.420
430	304.650
431	304.530
432	304.740
435	305.640
437	305.800
438	304.620
439	305.640
440	305.490
441	304.630
444	305.330
447	305.900
448	305.800
449	305.740
450	305.100
451	304.880
454	304.590
457	305.990
458	304.660
461	304.710
464	305.420
465	305.880
466	305.690
467	305.090
468	305.780
469	305.900
471	305.620
473	304.920
474	304.900
475	305.270
477	304.940
478	305.300
480	305.260
486	305.910
487	304.630
490	305.680
491	305.680
494	305.440
495	305.250
497	305.040
3	306.560
4	307.470
5	307.010
9	306.190
13	306.060
16	306.640
18	306.360
23	306.800
25	306.250
34	306.740
38	306.400
40	307.350
41	306.650
43	306.960
46	307.070
48	306.840
53	306.140
54	306.290
55	306.220
58	306.470
64	306.810
65	306.020
66	307.420
69	307.200
74	306.250
75	306.520
76	307.140
78	307.290
79	307.000
80	306.570
81	307.230
86	306.140
88	307.090
93	306.290
94	306.910
99	306.280
101	307.200
103	307.070
104	306.440
105	306.280
106	306.850
107	306.810
108	306.110
109	307.080
118	306.430
119	307.110
122	306.610
123	306.250
125	307.470
126	306.320
129	307.340
130	307.430
132	306.940
135	306.220
137	306.200
138	307.230
140	306.640
146	306.670
149	306.570
151	306.200
153	306.420
156	306.020
157	306.130
158	307.190
160	307.430
161	306.700
163	306.540
165	307.040
168	306.730
169	307.180
170	306.930
172	306.910
173	307.330
176	306.580
177	306.990
180	306.040
181	307.080
183	306.420
185	306.080
187	306.630
188	306.970
192	306.430
194	306.480
197	307.120
198	306.570
204	307.100
205	306.210
213	306.800
216	307.280
219	307.280
220	306.080
222	306.500
223	306.290
224	307.340
225	306.680
226	306.210
227	306.430
229	307.370
231	306.270
232	306.360
237	307.090
242	307.050
244	307.210
249	307.010
252	307.460
254	306.170
259	306.690
261	307.190
262	306.780
264	306.140
268	307.310
270	307.400
273	306.570
274	306.650
276	306.220
279	306.670
280	306.280
281	306.200
282	306.510
283	306.090
284	306.610
289	306.240
292	306.180
294	306.360
297	306.780
298	307.110
301	307.200
304	307.140
305	306.790
306	306.350
309	306.590
312	307.080
314	306.080
315	306.920
316	307.160
317	306.420
319	306.330
324	306.750
326	306.830
327	306.380
334	306.160
335	306.430
339	307.270
340	306.390
349	306.250
350	306.220
352	306.120
357	306.370
359	306.040
360	306.300
363	306.050
366	307.250
368	306.680
370	307.500
373	306.400
377	307.250
378	307.260
379	306.610
381	306.720
382	306.620
387	306.810
388	306.900
390	306.790
393	306.220
394	307.380
398	307.070
399	306.950
400	307.080
403	306.350
405	306.550
408	307.370
410	307.480
411	306.820
413	307.400
416	306.770
417	307.170
418	307.380
421	307.500
423	306.300
425	307.420
430	306.660
431	306.540
433	306.180
438	306.630
441	306.640
442	306.490
450	307.110
451	306.890
453	306.470
455	306.380
456	306.310
458	306.670
461	306.720
462	306.300
464	307.430
467	307.100
470	306.400
473	306.930
474	306.910
476	306.250
477	306.950
478	307.310
480	307.270
484	306.150
487	306.640
489	306.290
492	306.110
493	306.490
494	307.450
496	306.080
3	308.570
10	308.010
18	308.370
23	308.810
25	308.260
27	307.620
34	308.750
36	307.620
37	307.800
47	307.860
48	308.850
53	308.150
55	308.230
58	308.480
60	307.870
63	308.010
64	308.820
65	308.030
70	307.640
87	307.560
105	308.290
106	308.860
108	308.120
110	307.690
112	307.860
113	307.650
120	307.680
126	308.330
134	307.700
143	307.550
146	308.680
149	308.580
151	308.210
155	307.600
168	308.740
175	307.860
177	309.000
183	308.430
185	308.090
187	308.640
188	308.980
192	308.440
194	308.490
198	308.580
200	307.710
213	308.810
214	307.970
217	307.630
226	308.220
233	307.620
235	307.870
236	307.770
256	307.860
262	308.790
264	308.150
276	308.230
280	308.290
282	308.520
285	307.600
290	307.610
294	308.370
297	308.790
299	307.800
306	308.360
311	307.540
315	308.930
328	307.930
333	307.790
348	307.770
349	308.260
355	307.850
363	308.060
364	307.700
365	307.580
368	308.690
374	307.710
381	308.730
397	307.990
402	307.570
403	308.360
407	307.660
411	308.830
420	307.820
430	308.670
435	307.650
447	307.910
448	307.810
449	307.750
465	307.890
466	307.700
473	308.940
474	308.920
476	308.260
477	308.960
490	307.690
492	308.120
493	308.500
496	308.090
18	310.380
60	309.880
65	310.040
81	309.240
88	309.100
119	309.120
138	309.240
155	309.610
160	309.440
165	309.050
169	309.190
217	309.640
224	309.350
237	309.100
270	309.410
304	309.150
348	309.780
349	310.270
370	309.510
394	309.960
402	309.580
403	310.370
407	309.670
413	309.410
417	309.180
447	309.920
449	309.760
490	309.700
23	310.820
34	310.760
64	310.830
119	311.130
168	310.750
177	311.010
237	311.110
407	311.680
411	310.840
417	311.190
430	310.680
473	310.950
23	312.830
34	312.770
177	313.020
30	372.140
2	376.080
88	376.480
184	375.800
401	375.290
44	377.030
84	376.590
195	376.800
255	376.670
295	377.090
312	377.510
386	376.870
99	379.260
138	378.130
145	378.450
181	378.660
211	378.580
218	379.040
278	379.210
309	378.330
317	379.180
348	379.150
401	378.040
413	378.770
425	378.900
430	379.470
435	379.280
466	378.540
25	379.600
37	380.300
62	380.050
64	379.960
88	380.310
142	380.260
169	380.970
172	379.630
198	379.790
214	380.150
233	380.140
238	380.910
281	379.650
290	379.840
294	379.760
295	380.280
315	380.560
320	380.360
346	379.950
358	380.790
413	380.780
434	380.970
436	380.800
444	379.790
478	379.670
481	380.120
499	381.000
17	381.480
21	381.990
25	382.220
45	381.430
62	382.310
63	382.470
69	382.290
94	382.080
99	381.270
113	381.390
123	381.420
135	381.380
138	381.180
142	382.270
145	381.060
154	381.300
164	381.970
165	382.040
172	381.640
189	382.050
205	381.300
211	382.250
231	381.400
248	381.850
253	382.080
259	381.070
264	381.850
274	381.960
278	382.230
287	382.470
290	381.850
294	381.770
317	381.190
318	381.980
321	381.900
334	382.250
348	381.160
351	381.810
357	381.750
389	382.450
401	382.340
425	381.190
430	381.480
435	381.650
481	382.130
487	382.270
497	381.230
9	383.530
12	382.530
13	383.320
17	383.490
21	384.000
37	382.540
41	383.500
45	383.880
47	382.880
48	383.110
59	382.960
64	383.140
99	383.280
107	383.540
113	383.790
114	382.880
120	383.950
122	383.000
129	382.840
136	383.020
140	383.800
151	383.570
158	383.890
162	383.220
169	383.020
172	383.650
176	383.680
177	383.250
195	382.730
198	382.800
205	383.310
218	382.740
231	383.410
233	383.250
259	383.310
280	382.970
285	383.830
290	383.860
294	383.780
295	383.020
315	383.580
317	383.200
320	383.440
327	383.770
346	383.560
348	383.170
351	383.820
356	383.960
363	383.900
369	383.460
371	383.370
374	383.270
376	383.290
378	383.960
382	383.620
383	383.210
386	382.780
396	382.700
398	383.300
409	382.710
413	382.790
430	383.490
434	383.540
435	383.890
436	382.810
447	383.130
455	383.820
466	383.200
467	383.640
470	383.760
473	382.530
475	382.810
479	384.000
482	382.560
499	383.950
4	384.260
7	385.450
8	384.650
11	385.470
17	385.500
25	385.080
30	384.810
32	385.490
37	384.550
46	384.270
48	385.120
61	384.340
62	384.520
63	384.480
66	385.280
72	385.120
85	385.330
91	384.930
97	384.860
99	385.290
104	384.410
116	384.650
118	384.430
122	385.290
123	384.270
126	384.530
129	385.070
138	384.560
142	384.280
143	384.920
145	385.390
155	385.040
162	385.230
164	384.110
165	384.980
169	385.030
174	384.720
177	385.260
179	384.340
185	384.490
194	384.970
196	384.560
198	384.910
205	385.320
206	385.140
218	384.750
224	384.980
231	385.420
238	384.050
248	384.480
253	384.710
256	384.090
259	385.320
263	385.140
266	384.660
270	384.400
273	385.320
274	384.920
280	384.980
283	385.500
284	384.240
286	384.050
287	384.480
293	384.810
301	384.940
307	384.140
317	385.210
318	384.740
326	384.100
334	384.260
340	384.040
348	385.180
350	385.050
358	384.600
360	385.020
362	384.880
369	385.470
370	384.420
374	385.280
377	385.460
380	384.580
383	385.220
384	384.630
386	384.790
387	384.920
395	384.920
396	384.710
397	384.900
398	385.310
401	384.730
402	385.340
406	384.080
409	384.720
412	384.960
413	384.800
416	385.050
423	385.080
424	384.550
428	384.430
436	384.820
437	384.100
447	385.210
471	384.360
475	385.200
481	384.140
482	384.570
487	384.890
493	385.140
494	384.570
3	386.260
8	386.660
9	386.830
14	386.230
20	385.830
21	386.010
23	386.240
26	386.230
30	386.820
36	386.930
37	386.560
41	385.510
43	386.700
45	386.050
46	386.280
47	385.750
51	386.210
54	386.910
57	386.310
59	385.870
61	386.350
62	386.530
63	386.490
76	386.880
80	386.350
81	386.130
83	386.100
89	386.580
97	386.920
100	386.220
102	385.670
104	386.420
106	386.660
107	385.590
108	385.860
112	386.120
113	385.800
116	386.660
117	386.520
120	385.960
121	386.540
123	386.280
126	386.540
128	386.660
130	385.600
132	386.700
135	385.550
139	386.630
140	385.810
141	386.660
142	386.290
147	386.010
151	385.770
158	386.130
163	386.040
164	386.120
165	386.990
166	385.810
172	385.660
174	386.950
178	386.170
179	386.960
195	386.020
197	386.080
198	386.920
202	386.760
204	386.770
207	386.260
209	386.420
211	386.480
218	386.760
224	386.990
225	385.940
228	386.170
229	386.520
233	385.750
237	386.840
238	386.090
265	385.920
267	386.560
268	386.980
275	386.800
280	386.990
281	386.620
284	386.250
285	386.160
287	386.490
290	385.870
292	385.910
294	385.790
299	385.850
300	385.770
304	385.690
305	385.570
306	386.800
314	386.510
320	386.220
323	386.670
326	386.110
327	386.120
331	386.960
334	386.270
335	386.170
336	386.360
339	386.350
340	386.050
341	386.770
347	386.410
349	386.480
351	385.830
352	385.630
354	386.830
356	386.390
358	386.750
362	386.890
363	386.570
367	385.820
371	386.300
376	386.130
382	386.040
384	386.640
386	386.800
388	385.590
389	385.550
391	386.870
393	385.850
394	386.050
396	386.720
397	386.910
401	386.740
405	386.680
406	386.520
408	386.290
409	386.730
410	386.580
413	386.810
420	386.690
422	386.240
424	386.560
426	385.820
428	386.710
429	386.860
430	386.860
434	385.550
436	386.830
437	386.970
438	385.900
439	386.700
445	386.480
446	386.480
451	386.500
455	385.830
462	386.970
464	385.680
466	386.960
467	385.650
468	386.330
473	386.160
480	386.540
481	386.150
482	386.580
485	385.530
487	386.900
489	386.370
490	386.840
494	386.700
496	386.400
499	386.100
3	388.270
5	387.230
6	388.080
7	387.820
11	387.480
13	387.050
14	388.240
15	387.440
17	387.510
19	387.320
20	388.190
21	388.020
23	388.250
24	387.080
26	388.240
27	387.270
28	387.960
29	388.100
32	387.500
33	388.490
35	387.140
40	387.830
41	387.520
44	387.550
45	388.060
46	388.290
47	387.760
48	387.130
51	388.220
52	388.390
53	387.340
56	387.030
57	388.320
61	388.360
63	388.500
66	387.290
67	388.020
72	387.130
73	387.400
77	387.010
79	388.440
80	388.360
81	388.150
82	387.990
83	388.110
85	387.340
87	387.800
90	387.540
91	387.730
93	387.030
96	387.570
99	387.300
100	388.230
102	387.680
104	388.430
105	387.190
107	387.600
108	388.210
112	388.130
113	387.810
115	388.030
120	387.970
122	387.300
123	388.290
129	387.080
130	387.610
131	387.590
138	387.760
140	387.820
142	388.300
144	387.100
145	388.240
147	388.020
148	387.290
151	387.780
153	387.900
155	387.050
156	388.070
157	387.920
158	388.210
161	388.500
162	387.240
163	388.050
164	388.130
166	388.390
168	387.740
169	387.040
172	387.670
175	388.500
177	387.270
178	388.180
182	387.220
183	388.030
187	387.330
193	387.390
194	387.430
195	388.030
196	387.530
197	388.090
205	387.330
206	387.150
207	388.270
223	387.400
225	387.950
228	388.180
230	387.370
231	387.430
233	387.760
238	388.100
244	388.290
248	387.690
250	387.980
253	388.410
254	387.200
258	387.460
259	387.330
260	387.330
261	388.220
262	387.770
266	387.180
270	387.440
273	387.460
274	387.600
283	387.510
284	388.260
285	388.170
287	388.500
288	388.230
290	387.880
293	387.880
294	387.800
299	387.860
300	387.780
302	388.490
304	387.700
305	387.580
308	387.640
317	387.220
320	388.230
326	388.120
327	388.130
328	387.200
333	387.840
334	388.280
335	388.180
340	388.060
342	388.050
347	388.420
348	387.190
349	388.490
350	387.060
351	387.840
352	387.640
355	387.780
356	388.400
359	387.520
361	387.750
366	387.790
367	387.830
369	387.480
370	387.500
372	387.060
374	387.290
375	387.440
377	388.450
380	387.570
382	388.050
383	387.230
387	388.500
390	387.420
392	387.920
393	387.860
395	387.440
398	387.320
402	387.350
403	387.630
404	387.290
408	388.300
411	388.110
412	388.120
414	387.330
416	387.060
418	388.350
421	387.150
422	388.250
423	387.090
426	387.830
434	387.560
438	387.960
442	387.930
446	388.490
447	387.220
449	387.540
452	387.940
453	387.900
455	387.840
458	387.420
459	387.530
461	387.240
464	387.690
467	387.660
468	388.340
470	387.110
471	387.470
474	387.410
475	387.210
481	388.160
484	387.240
485	387.540
486	387.750
489	388.380
491	387.060
493	387.150
495	387.990
496	388.410
497	387.140
498	387.970
499	388.110
1	388.950
5	389.240
7	389.830
8	388.670
9	388.840
10	389.110
11	389.490
13	389.060
15	389.450
17	389.520
19	389.330
22	389.390
24	389.090
27	389.280
28	389.970
30	388.830
31	388.820
32	389.510
35	389.240
36	388.940
37	388.570
38	388.630
39	389.150
40	389.840
41	389.530
43	388.710
44	389.560
47	389.770
48	389.140
53	389.350
54	388.920
56	389.040
59	389.510
62	388.540
64	389.620
66	389.300
68	389.420
72	389.140
73	389.410
74	388.910
75	388.910
76	389.670
77	389.580
82	390.000
85	389.350
87	389.810
89	388.590
90	389.550
91	389.740
92	388.560
93	389.040
95	389.540
96	389.580
97	388.930
99	389.310
102	389.690
105	389.200
106	388.670
107	389.610
113	389.820
116	388.670
117	389.330
119	389.820
120	389.980
121	388.550
122	389.310
124	388.760
125	389.700
126	388.550
128	388.670
129	389.090
130	389.620
131	389.600
132	388.710
136	389.340
138	389.770
139	388.800
140	389.830
141	388.670
143	389.630
144	389.110
146	388.680
148	389.300
150	389.360
151	389.790
153	389.910
154	388.840
155	389.060
162	389.250
165	389.000
169	389.050
170	389.860
171	389.780
172	389.680
174	388.960
177	389.280
179	388.970
181	389.250
185	388.790
187	389.340
191	389.890
192	388.710
193	389.400
194	389.440
196	389.540
198	388.950
202	388.770
203	389.440
205	389.340
206	389.160
208	389.190
211	388.760
212	389.510
217	388.690
218	388.770
220	388.690
221	389.040
222	388.610
223	389.410
224	389.000
225	389.960
226	389.710
227	388.660
229	388.860
230	389.380
231	389.440
233	389.770
237	388.850
239	389.050
242	389.200
250	389.990
252	388.910
254	389.210
258	389.470
259	389.340
260	389.340
262	389.780
264	388.700
266	389.190
267	388.800
268	389.760
269	389.560
270	389.520
271	388.620
272	389.120
273	389.470
275	388.970
277	389.790
278	389.190
279	389.060
280	389.000
281	388.750
283	389.520
286	388.660
290	389.890
292	388.570
293	389.890
294	389.810
295	389.400
296	389.270
298	389.280
299	389.870
300	389.790
304	389.710
305	389.590
306	388.810
307	388.680
309	389.020
312	390.000
314	388.520
316	388.550
317	389.230
318	388.870
323	388.680
324	388.600
328	389.210
330	389.120
331	388.970
333	389.850
336	388.770
337	389.220
339	388.610
341	389.600
345	389.410
348	389.200
350	389.070
351	389.850
352	389.650
355	389.820
359	389.530
360	389.320
361	389.760
362	388.900
363	389.220
365	389.190
366	389.800
367	389.840
368	389.220
369	389.490
370	389.510
371	388.510
372	389.070
373	389.510
374	389.300
375	389.450
380	389.580
383	389.240
384	388.650
386	388.810
390	389.430
391	389.860
392	389.930
393	389.870
395	389.450
396	388.730
397	388.920
398	389.330
401	388.750
402	389.360
403	389.640
404	389.300
405	389.660
406	388.530
409	388.740
410	388.590
413	388.820
414	389.370
416	389.070
417	389.300
420	388.700
421	389.160
423	389.100
424	388.570
426	389.840
428	388.720
429	388.870
432	389.010
434	389.570
436	388.840
437	388.980
438	389.970
439	388.710
442	389.940
443	389.650
447	389.230
449	389.550
451	388.510
452	389.950
453	389.910
455	389.850
458	389.430
459	389.540
460	389.710
461	389.250
462	388.980
464	389.700
465	388.800
466	389.450
467	389.670
469	389.010
470	389.120
471	389.480
473	388.620
474	389.420
475	389.220
479	388.620
480	388.570
482	388.590
484	389.250
485	389.550
486	389.870
487	388.910
488	388.920
492	389.320
493	389.160
494	388.710
495	390.000
497	389.150
1	391.280
3	390.280
4	390.170
5	391.250
6	390.090
8	390.740
9	390.850
10	391.120
11	391.500
13	391.070
14	390.250
15	391.460
16	390.980
18	390.460
19	391.340
20	390.200
21	390.030
22	391.400
23	390.260
24	391.100
25	390.390
26	390.340
27	391.290
29	390.110
30	390.840
31	391.380
33	390.500
34	390.050
35	391.250
36	390.950
37	390.580
38	390.640
39	391.160
43	391.020
45	390.070
51	390.230
52	390.400
53	391.360
54	390.930
55	390.520
56	391.050
57	390.330
61	390.370
62	390.550
63	390.510
65	390.020
66	391.310
67	390.030
68	391.430
69	390.470
72	391.150
73	391.420
74	390.920
75	390.920
79	390.450
80	390.370
81	390.160
83	390.120
84	390.660
85	391.360
86	391.450
89	390.600
92	390.570
93	391.050
94	390.580
97	390.940
99	391.320
100	390.240
104	390.440
105	391.210
106	390.680
108	390.220
109	391.150
110	391.330
111	390.480
112	390.140
115	390.040
116	390.680
117	391.340
121	390.560
122	391.320
123	390.300
124	390.770
126	390.560
127	391.400
128	390.680
129	391.100
132	390.720
134	390.800
135	390.890
136	391.350
139	391.410
141	390.680
142	390.310
144	391.120
145	390.250
146	390.690
147	390.030
148	391.310
150	391.370
152	390.640
154	390.850
155	391.070
156	390.080
157	390.140
158	390.220
159	390.220
160	391.310
161	390.510
162	391.260
163	390.060
164	390.140
165	391.010
166	390.400
169	391.060
175	390.510
177	391.290
178	390.190
179	390.980
180	391.280
181	391.260
182	390.760
183	390.100
185	390.800
186	391.350
187	391.350
188	390.920
192	390.720
193	391.410
194	391.450
195	390.040
197	390.100
198	390.960
200	391.080
202	390.780
203	391.450
204	390.280
205	391.350
206	391.170
207	390.280
208	391.200
211	390.770
214	390.880
217	390.700
218	390.780
219	391.450
220	390.700
221	391.050
222	390.620
223	391.420
224	391.010
227	390.670
228	390.190
229	390.870
230	391.390
231	391.450
232	391.320
234	391.230
235	390.440
237	390.860
238	390.110
239	391.060
240	390.160
241	391.240
242	391.210
244	390.300
245	390.210
248	390.730
249	390.060
251	390.520
252	390.920
253	390.420
254	391.220
257	390.870
258	391.480
259	391.350
260	391.350
261	390.820
264	390.710
266	391.200
267	390.810
271	390.630
272	391.130
273	391.480
274	390.410
275	390.980
276	390.410
278	391.490
279	391.070
280	391.010
281	390.760
282	390.250
284	390.270
285	390.180
286	390.670
287	390.510
288	390.240
289	391.230
292	390.580
295	391.410
296	391.280
298	391.290
301	390.100
302	390.500
306	390.820
307	390.690
308	390.100
309	391.030
310	390.130
313	391.360
314	390.530
315	391.080
316	390.560
317	391.240
318	390.880
320	390.240
322	390.750
323	390.690
324	390.610
325	390.610
326	390.130
327	390.140
328	391.220
330	391.130
331	390.980
334	390.290
335	390.190
336	390.780
337	391.230
339	390.620
340	390.070
342	390.060
345	391.420
346	391.440
347	390.430
348	391.210
349	390.500
350	391.080
354	390.010
356	390.410
362	390.910
363	391.310
364	391.180
365	391.500
368	391.230
369	391.500
371	390.560
372	391.080
374	391.310
375	391.460
377	390.460
378	390.760
382	390.060
383	391.250
384	390.660
386	390.820
387	390.510
388	390.740
390	391.440
394	390.460
395	391.460
396	390.740
397	390.930
398	391.340
399	390.570
400	390.570
401	390.760
402	391.370
404	391.310
406	390.540
408	390.310
409	390.750
410	390.600
411	390.120
413	390.830
414	391.380
416	391.080
417	391.310
418	390.360
420	390.710
421	391.170
422	390.260
423	391.110
425	391.030
428	390.730
429	390.880
430	390.920
432	391.020
433	391.120
436	390.850
437	390.990
439	390.720
440	390.600
441	390.320
445	390.170
446	390.500
447	391.240
448	391.180
451	390.520
458	391.440
461	391.260
462	390.990
465	390.810
466	391.460
468	390.350
469	391.020
470	391.130
471	391.490
472	390.900
473	390.630
474	391.430
475	391.230
476	391.250
479	390.630
480	390.580
481	390.170
482	390.600
484	391.260
487	390.920
488	390.930
489	390.390
491	391.140
492	391.330
493	391.170
494	390.720
496	390.420
497	391.160
498	390.820
499	390.120
3	392.290
4	392.180
6	392.100
7	391.840
8	392.750
9	392.860
14	392.260
16	392.990
17	391.530
18	392.470
20	392.210
21	392.040
23	392.270
25	392.400
26	392.350
28	391.980
29	392.120
30	392.850
32	391.520
33	392.510
34	392.060
36	392.960
37	392.590
38	392.650
40	391.850
41	391.540
42	392.350
44	391.570
45	392.080
47	391.780
48	391.660
50	392.300
51	392.240
52	392.410
54	392.940
55	392.530
57	392.340
58	391.820
59	391.630
61	392.380
62	392.560
63	392.520
64	391.630
67	392.040
69	392.480
71	392.310
74	392.930
75	392.930
76	391.680
77	391.590
79	392.460
80	392.380
81	392.170
82	392.010
83	392.130
84	392.670
87	391.820
88	392.270
89	392.610
90	391.560
91	391.750
92	392.580
94	392.590
95	391.550
96	391.590
97	392.950
100	392.250
102	391.700
103	392.760
104	392.450
106	392.690
107	391.620
108	392.230
111	392.490
112	392.150
113	391.830
114	392.470
115	392.050
116	392.690
119	391.830
120	391.990
121	392.570
123	392.310
124	392.780
125	391.710
126	392.570
128	392.690
130	391.630
131	391.610
132	392.730
134	392.810
135	392.900
137	392.210
138	391.780
140	391.840
141	392.690
142	392.320
143	391.640
145	392.260
146	392.700
147	392.040
151	391.800
152	392.650
153	391.920
154	392.860
156	392.090
157	392.150
158	392.230
159	392.230
161	392.520
163	392.070
164	392.150
166	392.410
167	391.580
168	392.170
170	391.870
171	391.790
172	391.690
174	392.060
175	392.520
176	392.870
178	392.200
179	392.990
182	392.770
183	392.110
185	392.810
188	392.930
189	391.870
191	391.900
192	392.730
195	392.050
196	391.550
197	392.110
198	392.970
201	391.930
202	392.790
204	392.290
207	392.290
210	392.710
211	392.780
212	391.520
214	392.890
216	392.110
217	392.710
220	392.710
222	392.630
225	391.970
226	391.720
227	392.680
228	392.200
229	392.880
233	391.780
235	392.450
236	392.830
237	392.870
238	392.120
240	392.170
243	391.800
244	392.310
245	392.220
247	392.710
249	392.070
250	392.000
251	392.530
252	392.930
253	392.430
255	391.690
256	392.630
257	392.880
261	392.830
262	391.790
264	392.720
265	392.380
267	392.820
268	391.770
269	391.570
270	391.550
271	392.640
274	392.420
275	392.990
276	392.470
277	391.800
281	392.770
282	392.260
283	391.530
284	392.280
285	392.190
286	392.680
287	392.520
288	392.250
290	391.900
291	392.300
292	392.590
293	391.900
294	391.820
299	391.880
300	391.800
301	392.620
302	392.510
303	392.180
304	391.720
305	391.600
306	392.830
307	392.700
308	392.110
310	392.140
311	392.570
312	392.010
314	392.540
316	392.570
318	392.890
320	392.250
322	392.760
323	392.700
324	392.620
325	392.620
326	392.140
327	392.150
329	392.280
331	392.990
333	391.860
334	392.300
335	392.200
336	392.790
338	392.820
339	392.630
340	392.080
341	391.610
342	392.070
343	392.440
347	392.440
349	392.510
351	391.860
352	391.660
353	391.970
354	392.020
355	391.830
356	392.420
358	391.910
359	391.540
360	392.490
361	391.770
362	392.920
366	391.810
367	391.850
370	391.520
371	392.570
373	391.520
376	392.940
377	392.470
378	392.770
379	392.340
380	391.590
382	392.070
384	392.670
386	392.830
387	392.520
388	392.750
391	391.870
392	391.940
393	391.880
394	392.470
396	392.750
397	392.940
399	392.580
400	392.580
401	392.770
403	391.650
405	391.670
406	392.550
408	392.320
409	392.760
410	392.610
411	392.130
412	392.340
413	392.840
415	392.830
418	392.370
419	392.300
420	392.720
422	392.270
424	391.720
426	391.850
427	392.340
428	392.740
429	392.890
430	392.930
434	391.580
437	393.000
438	391.980
439	392.730
440	392.610
441	392.330
442	391.950
443	391.660
445	392.180
446	392.510
449	391.560
451	392.530
452	391.960
453	391.920
454	392.420
455	391.860
457	392.120
459	391.550
460	391.720
462	393.000
463	391.950
464	391.710
465	392.820
467	391.680
472	392.910
473	392.640
478	392.100
479	392.640
480	392.590
481	392.180
482	392.610
485	391.560
486	391.880
487	392.930
488	392.940
489	392.400
490	391.990
494	392.730
495	392.010
496	392.430
498	392.830
499	392.130
500	391.590
1	393.290
2	394.200
3	394.300
4	394.190
5	393.260
6	394.110
7	393.850
10	393.130
11	393.510
12	394.000
13	393.080
14	394.270
15	393.470
17	393.540
18	394.480
19	393.350
20	394.220
21	394.050
22	393.410
23	394.280
24	393.110
25	394.410
26	394.360
27	393.300
28	393.990
29	394.130
31	393.800
32	393.530
34	394.070
35	393.260
39	393.170
40	393.860
41	393.550
42	394.360
43	393.480
44	393.580
45	394.090
46	393.630
47	393.790
48	393.670
50	394.310
51	394.250
52	394.420
53	393.370
56	393.060
57	394.350
58	393.830
59	393.900
60	393.160
61	394.390
64	393.640
66	393.320
67	394.050
68	393.440
69	394.490
70	393.160
71	394.320
72	393.160
73	393.430
76	393.690
77	393.600
78	393.560
79	394.470
80	394.390
81	394.180
82	394.020
83	394.140
85	393.370
86	393.460
87	393.830
88	394.280
90	393.570
91	393.760
93	393.060
95	393.560
96	393.600
99	393.330
100	394.260
102	393.710
104	394.460
105	393.220
107	393.630
108	394.240
109	393.160
110	393.340
111	394.500
112	394.160
113	393.840
114	394.480
115	394.060
117	393.350
119	393.840
120	394.000
122	393.330
125	393.720
127	393.410
129	393.110
130	393.640
131	393.620
136	393.360
137	394.220
138	393.790
140	393.850
142	394.330
143	393.650
144	393.130
145	394.270
147	394.050
148	393.320
150	393.380
151	393.810
153	393.930
155	393.080
156	394.100
157	394.160
158	394.240
159	394.240
160	393.320
162	393.270
163	394.080
164	394.160
165	393.020
166	394.420
167	393.590
168	394.180
169	393.070
170	393.880
171	393.800
172	393.700
173	393.320
177	393.300
178	394.210
180	393.290
181	393.270
183	394.120
184	393.170
186	393.360
187	393.360
189	393.880
191	393.910
193	393.420
194	393.460
195	394.060
196	393.560
197	394.120
199	394.210
200	393.090
201	393.940
203	393.460
204	394.300
205	393.360
206	393.180
207	394.300
208	393.210
209	393.930
212	393.530
216	394.120
218	393.390
219	393.460
221	393.060
223	393.430
224	393.020
225	393.980
226	393.730
228	394.210
230	393.400
231	393.460
232	393.330
233	393.790
234	393.260
235	394.460
238	394.130
239	393.070
240	394.180
241	393.250
242	393.220
243	393.810
244	394.320
245	394.230
246	393.170
248	393.230
249	394.080
250	394.010
253	394.440
254	393.230
255	393.700
258	393.490
259	393.360
260	393.360
262	393.800
263	393.790
265	394.390
266	393.210
268	393.780
269	393.580
270	393.560
272	393.140
273	393.490
274	394.430
276	394.480
277	393.810
278	393.500
279	393.080
280	393.020
282	394.270
283	393.540
284	394.290
285	394.200
288	394.260
289	393.240
290	393.910
291	394.310
293	393.910
294	393.830
295	393.420
296	393.290
297	393.100
298	393.300
299	393.890
300	393.810
303	394.190
304	393.730
305	393.610
308	394.120
309	393.040
310	394.150
312	394.020
313	393.370
315	393.090
317	393.250
320	394.260
321	394.240
326	394.150
327	394.160
328	393.230
329	394.290
330	393.140
332	393.620
333	393.870
334	394.310
335	394.210
337	393.240
340	394.090
341	393.620
342	394.080
343	394.450
344	393.280
345	393.430
346	393.450
347	394.450
348	393.220
350	393.090
351	393.870
352	393.670
353	393.980
354	394.030
355	393.840
356	394.430
357	393.590
358	394.110
359	393.550
360	394.500
361	393.780
363	393.320
364	393.190
365	393.510
366	393.820
367	393.860
368	393.240
369	393.510
370	393.530
372	393.090
373	393.530
374	393.320
375	393.470
377	394.480
379	394.350
380	393.600
382	394.080
383	393.260
385	393.790
389	393.900
390	393.450
391	393.880
392	393.950
393	393.890
394	394.480
395	393.470
398	393.350
402	393.380
403	393.660
404	393.320
405	393.680
407	393.460
408	394.330
411	394.140
412	394.350
414	393.390
416	393.090
417	393.320
418	394.380
419	394.310
421	393.180
422	394.280
423	393.120
424	393.730
425	393.040
426	393.860
427	394.350
431	393.310
432	393.030
433	393.130
434	393.590
438	393.990
441	394.340
442	393.960
443	393.670
444	393.950
445	394.190
447	393.250
448	393.190
449	393.570
450	393.660
452	393.970
453	393.930
454	394.430
455	393.870
457	394.130
458	393.450
459	393.560
460	393.730
461	393.270
463	393.960
464	393.720
466	393.470
467	393.690
468	393.750
469	393.030
470	393.140
471	393.500
474	393.440
475	393.240
476	393.260
477	393.940
478	394.110
481	394.190
483	393.630
484	393.270
485	393.570
486	393.890
489	394.410
490	394.000
491	393.230
492	393.340
493	393.180
495	394.020
496	394.440
497	393.170
499	394.140
500	393.600
1	395.300
5	395.270
7	395.860
8	394.760
9	394.870
10	395.140
11	395.520
13	395.090
15	395.480
16	395.000
17	395.550
19	395.360
22	395.420
24	395.120
27	395.310
28	396.000
30	394.860
31	395.810
32	395.540
33	394.520
35	395.270
36	394.970
37	394.600
38	394.660
39	395.180
40	395.870
41	395.560
43	395.490
44	395.590
46	395.640
47	395.800
48	395.680
49	396.000
53	395.380
54	394.950
55	394.540
56	395.070
58	395.840
59	395.910
60	395.170
62	394.570
63	394.530
64	395.650
65	394.570
66	395.330
68	395.450
70	395.170
72	395.170
73	395.440
74	394.940
75	394.940
76	395.700
77	395.610
78	395.570
84	394.680
85	395.380
86	395.470
87	395.840
89	394.620
90	395.580
91	395.770
92	394.590
93	395.070
94	394.600
95	395.570
96	395.610
97	394.960
98	395.190
99	395.340
101	394.530
102	395.720
103	394.770
105	395.230
106	394.700
107	395.640
109	395.170
110	395.350
113	395.850
116	394.700
117	395.360
118	395.190
119	395.850
121	394.580
122	395.340
123	394.580
124	394.790
125	395.730
126	394.580
127	395.420
128	394.700
129	395.120
130	395.650
131	395.630
132	394.740
133	395.450
134	394.820
135	394.910
136	395.370
138	395.800
140	395.860
141	394.700
143	395.660
144	395.140
146	394.710
148	395.330
149	394.540
150	395.390
151	395.820
152	394.660
153	395.940
154	394.870
155	395.090
160	395.330
161	394.530
162	395.280
165	395.030
167	395.600
169	395.080
170	395.890
171	395.810
172	395.710
173	395.330
174	395.640
175	394.530
176	394.880
177	395.310
179	395.000
180	395.300
181	395.280
182	394.780
184	395.180
185	394.820
186	395.370
187	395.370
188	394.940
189	395.890
190	394.740
191	395.920
192	394.740
193	395.430
194	395.470
196	395.570
198	394.980
200	395.100
201	395.950
202	394.800
203	395.470
205	395.370
206	395.190
208	395.220
209	395.940
210	394.720
211	394.790
212	395.540
213	394.540
214	394.900
215	395.310
217	394.720
218	395.900
219	395.470
220	394.720
221	395.070
222	394.640
223	395.440
224	395.030
225	395.990
226	395.740
227	394.690
229	394.890
230	395.410
231	395.470
232	395.340
233	395.800
234	395.270
236	394.840
237	394.880
239	395.080
241	395.260
242	395.230
243	395.820
246	395.180
247	394.720
248	395.240
251	394.540
252	394.940
254	395.240
255	395.710
256	394.640
257	394.890
258	395.500
259	395.370
260	395.370
261	394.840
262	395.810
263	395.800
264	394.730
266	395.220
267	394.830
268	395.790
269	395.590
270	395.570
271	394.650
272	395.150
273	395.500
275	395.000
277	395.820
278	395.510
279	395.090
280	395.030
281	394.780
283	395.550
286	394.690
287	394.530
289	395.250
290	395.920
292	394.600
293	395.920
294	395.840
295	395.430
296	395.300
297	395.110
298	395.310
299	395.900
300	395.820
301	394.630
302	394.520
304	395.740
305	395.620
306	394.840
307	394.710
309	395.050
311	394.580
313	395.380
314	394.550
315	395.100
316	394.580
317	395.260
318	394.900
322	394.770
323	394.710
324	394.630
325	394.630
328	395.240
330	395.150
331	395.000
332	395.630
333	395.880
336	394.800
337	395.250
338	394.830
339	394.640
341	395.630
344	395.290
345	395.440
346	395.460
348	395.230
349	394.520
350	395.100
351	395.880
352	395.680
353	395.990
355	395.850
357	395.600
359	395.560
361	395.790
362	394.930
363	395.330
364	395.200
365	395.520
366	395.830
367	395.870
368	395.250
369	395.520
370	395.540
371	394.580
372	395.100
373	395.540
374	395.330
375	395.480
376	394.950
378	394.780
380	395.610
381	395.220
383	395.270
384	394.680
385	395.800
386	394.840
387	394.530
388	394.760
389	395.910
390	395.460
391	395.890
392	395.960
393	395.900
395	395.480
396	394.760
397	394.950
398	395.360
399	394.590
400	394.590
401	394.780
402	395.390
403	395.670
404	395.330
405	395.690
406	394.560
407	395.470
409	394.770
410	394.620
413	394.850
414	395.400
415	394.840
416	395.100
417	395.330
420	394.730
421	395.190
423	395.130
424	395.740
425	395.050
426	395.870
428	394.750
429	394.900
430	394.940
431	395.320
432	395.040
433	395.140
434	395.600
437	395.010
438	396.000
439	394.740
440	394.620
442	395.970
443	395.680
444	395.960
446	394.520
447	395.260
448	395.200
449	395.580
450	395.670
451	394.540
452	395.980
453	395.940
455	395.880
456	394.660
458	395.460
459	395.570
460	395.740
461	395.280
462	395.010
463	395.970
464	395.730
465	394.830
466	395.480
467	395.700
468	395.760
469	395.040
470	395.150
471	395.510
472	394.920
473	394.650
474	395.450
475	395.250
476	395.270
477	395.950
479	394.650
480	394.600
482	394.620
483	395.640
484	395.280
485	395.580
486	395.900
487	394.940
488	394.950
491	395.240
492	395.350
493	395.190
494	394.740
497	395.180
498	394.840
500	395.610
1	397.310
2	396.210
3	396.310
4	396.200
5	397.280
6	396.120
8	396.770
9	396.880
10	397.150
12	396.010
13	397.100
14	396.280
15	397.490
16	397.010
18	396.490
19	397.370
20	396.230
21	396.060
22	397.430
23	396.290
24	397.130
25	396.420
26	396.370
27	397.320
29	396.140
30	396.870
33	396.530
34	396.080
35	397.280
36	396.980
37	396.610
38	396.670
39	397.190
42	396.370
43	397.500
45	396.100
50	396.320
51	396.260
52	396.430
53	397.390
54	396.960
55	396.550
56	397.080
57	396.360
60	397.180
61	396.400
62	396.580
63	396.540
65	396.580
66	397.340
67	396.060
68	397.460
69	396.500
70	397.180
71	396.330
72	397.180
73	397.450
74	396.950
75	396.950
79	396.480
80	396.400
81	396.190
82	396.030
83	396.150
84	396.690
85	397.390
86	397.480
88	396.290
89	396.630
92	396.600
93	397.080
94	396.610
97	396.970
98	397.200
99	397.350
100	396.270
101	396.540
103	396.780
104	396.470
105	397.240
106	396.710
108	396.250
109	397.180
110	397.360
111	396.510
112	396.170
114	396.490
115	396.070
116	396.710
117	397.370
118	397.200
120	396.010
121	396.590
122	397.350
123	396.590
124	396.800
126	396.590
127	397.430
128	396.710
129	397.130
132	396.750
133	397.460
134	396.830
135	396.920
136	397.380
137	396.230
139	396.640
141	396.710
142	396.340
144	397.150
145	396.280
146	396.720
147	396.060
148	397.340
149	396.550
150	397.400
152	396.670
154	396.880
155	397.100
156	396.110
157	396.170
158	396.250
159	396.250
160	397.340
161	396.540
162	397.290
163	396.090
164	396.170
165	397.040
166	396.430
168	396.190
169	397.090
173	397.340
175	396.540
176	396.890
177	397.320
178	396.220
179	397.010
180	397.310
181	397.290
182	396.790
183	396.130
184	397.190
185	396.830
186	397.380
187	397.380
188	396.950
190	396.750
192	396.750
193	397.440
194	397.480
195	396.070
197	396.130
198	396.990
199	396.220
200	397.110
202	396.810
203	397.480
204	396.310
205	397.380
206	397.200
207	396.310
208	397.230
210	396.730
211	396.800
213	396.550
214	396.910
215	397.320
216	396.130
217	396.730
219	397.480
220	396.730
221	397.080
222	396.650
223	397.450
224	397.040
227	396.700
228	396.220
229	396.900
230	397.420
231	397.480
232	397.350
234	397.280
235	396.470
236	396.850
237	396.890
238	396.140
239	397.090
240	396.190
241	397.270
242	397.240
244	396.330
245	396.240
246	397.190
247	396.730
248	397.250
249	396.090
250	396.020
251	396.550
252	396.950
253	396.450
254	397.250
256	396.650
257	396.900
259	397.380
260	397.380
261	396.850
264	396.740
265	396.400
266	397.230
267	396.840
271	396.660
272	397.160
274	396.440
275	397.010
276	396.490
279	397.100
280	397.040
281	396.790
282	396.280
284	396.300
285	396.210
286	396.700
287	396.540
288	396.270
289	397.260
291	396.320
292	396.610
295	397.440
296	397.310
297	397.120
298	397.320
301	396.640
302	396.530
303	396.200
306	396.850
307	396.720
308	396.130
309	397.060
310	396.160
311	396.590
312	396.030
313	397.390
314	396.560
315	397.110
316	396.590
317	397.270
318	396.910
319	396.870
320	396.270
321	396.250
322	396.780
323	396.720
324	396.640
325	396.640
326	396.160
327	396.170
328	397.250
329	396.300
330	397.160
331	397.010
334	396.320
335	396.220
336	396.810
337	397.260
338	396.840
339	396.650
340	396.100
342	396.090
343	396.460
344	397.300
345	397.450
346	397.470
347	396.460
348	397.240
349	396.530
350	397.110
354	396.040
356	396.440
358	396.120
360	396.510
362	396.940
363	397.340
364	397.210
368	397.260
371	396.590
372	397.110
374	397.340
375	397.490
376	396.960
377	396.490
378	396.790
379	396.360
381	397.230
382	396.090
383	397.280
384	396.690
386	396.850
387	396.540
388	396.770
390	397.470
394	396.490
395	397.490
396	396.770
397	396.960
398	397.370
399	396.600
400	396.600
401	396.790
402	397.400
404	397.340
406	396.570
407	397.480
408	396.340
409	396.780
410	396.630
411	396.150
412	396.360
413	396.860
414	397.410
415	396.850
416	397.110
417	397.340
418	396.390
419	396.320
420	396.740
421	397.200
422	396.290
423	397.140
425	397.060
427	396.360
428	396.760
429	396.910
430	396.950
431	397.330
432	397.050
433	397.150
436	396.670
437	397.020
439	396.750
440	396.630
441	396.350
445	396.200
446	396.530
447	397.270
448	397.210
451	396.550
454	396.440
456	396.670
457	396.140
458	397.470
461	397.290
462	397.020
465	396.840
466	397.490
469	397.050
470	397.160
472	396.930
473	396.660
474	397.460
475	397.260
476	397.280
478	396.120
479	396.660
480	396.610
481	396.200
482	396.630
484	397.290
487	396.950
488	396.960
489	396.420
490	396.010
491	397.250
492	397.360
493	397.200
494	396.750
495	396.030
496	396.450
497	397.190
498	396.850
499	396.150
2	398.220
3	398.320
4	398.210
6	398.130
7	397.870
8	398.780
9	398.890
11	397.530
12	398.020
14	398.290
17	397.560
18	398.500
20	398.240
21	398.070
23	398.300
25	398.430
26	398.380
28	398.010
29	398.150
30	398.880
31	397.820
32	397.550
33	398.540
34	398.090
36	398.990
37	398.620
38	398.680
40	397.880
41	397.570
42	398.380
44	397.600
45	398.110
46	397.650
47	397.810
48	397.690
49	398.010
50	398.330
51	398.270
52	398.440
54	398.970
55	398.560
57	398.370
58	397.850
59	397.920
61	398.410
62	398.590
63	398.550
64	397.660
65	398.590
67	398.070
69	398.510
71	398.340
74	398.960
75	398.960
76	397.710
77	397.620
78	397.580
79	398.490
80	398.410
81	398.200
82	398.040
83	398.160
84	398.700
87	397.850
88	398.300
89	398.640
90	397.590
91	397.780
92	398.610
94	398.620
95	397.580
96	397.620
97	398.980
100	398.280
101	398.550
102	397.730
103	398.790
104	398.480
106	398.720
107	397.650
108	398.260
111	398.520
112	398.180
113	397.860
114	398.500
115	398.080
116	398.720
119	397.860
120	398.020
121	398.600
123	398.600
124	398.810
125	397.740
126	398.600
128	398.720
130	397.660
131	397.640
132	398.760
134	398.840
135	398.930
137	398.240
138	397.810
139	398.650
140	397.870
141	398.720
142	398.350
143	397.670
145	398.290
146	398.730
147	398.070
149	398.560
151	397.830
152	398.680
153	397.950
154	398.890
156	398.120
157	398.180
158	398.260
159	398.260
161	398.550
163	398.100
164	398.180
166	398.440
167	397.610
168	398.200
170	397.900
171	397.820
172	397.720
174	397.650
175	398.550
176	398.900
178	398.230
182	398.800
183	398.140
185	398.840
188	398.960
189	397.900
190	398.760
191	397.930
192	398.760
195	398.080
196	397.580
197	398.140
198	399.000
199	398.230
201	397.960
202	398.820
204	398.320
207	398.320
209	397.950
210	398.740
211	398.810
212	397.550
213	398.560
214	398.920
216	398.140
217	398.740
218	397.910
220	398.740
222	398.660
225	398.000
226	397.750
227	398.710
228	398.230
229	398.910
233	397.810
235	398.480
236	398.860
237	398.900
238	398.150
240	398.200
243	397.830
244	398.340
245	398.250
247	398.740
249	398.100
250	398.030
251	398.560
252	398.960
253	398.460
255	397.720
256	398.660
257	398.910
258	397.510
261	398.860
262	397.820
263	397.810
264	398.750
265	398.410
267	398.850
268	397.800
269	397.600
270	397.580
271	398.670
273	397.510
274	398.450
276	398.500
277	397.830
278	397.520
281	398.800
282	398.290
283	397.560
284	398.310
285	398.220
286	398.710
287	398.550
288	398.280
290	397.930
291	398.330
292	398.620
293	397.930
294	397.850
299	397.910
300	397.830
301	398.650
302	398.540
303	398.210
304	397.750
305	397.630
306	398.860
307	398.730
308	398.140
310	398.170
311	398.600
312	398.040
314	398.570
316	398.600
318	398.920
319	398.880
320	398.280
321	398.260
322	398.790
323	398.730
324	398.650
325	398.650
326	398.170
327	398.180
329	398.310
332	397.640
333	397.890
334	398.330
335	398.230
336	398.820
338	398.850
339	398.660
340	398.110
341	397.640
342	398.100
343	398.470
347	398.470
349	398.540
351	397.890
352	397.690
353	398.000
354	398.050
355	397.860
356	398.450
357	397.610
358	398.130
359	397.570
360	398.520
361	397.800
362	398.950
365	397.530
366	397.840
367	397.880
369	397.530
370	397.550
371	398.600
373	397.550
376	398.970
377	398.500
378	398.800
379	398.370
380	397.620
382	398.100
384	398.700
385	397.810
386	398.860
387	398.550
388	398.780
389	397.920
391	397.900
392	397.970
393	397.910
394	398.500
396	398.780
397	398.970
399	398.610
400	398.610
401	398.800
403	397.680
405	397.700
406	398.580
408	398.350
409	398.790
410	398.640
411	398.160
412	398.370
413	398.870
415	398.860
418	398.400
419	398.330
420	398.750
422	398.300
424	397.750
426	397.880
427	398.370
428	398.770
429	398.920
430	398.960
434	397.610
435	398.300
436	398.680
438	398.010
439	398.760
440	398.640
441	398.360
442	397.980
443	397.690
444	397.970
445	398.210
446	398.540
449	397.590
450	397.680
451	398.560
452	397.990
453	397.950
454	398.450
455	397.890
456	398.680
457	398.150
459	397.580
460	397.750
463	397.980
464	397.740
465	398.850
467	397.710
468	397.770
471	397.520
472	398.940
473	398.670
477	397.960
478	398.130
479	398.670
480	398.620
481	398.210
482	398.640
483	397.650
485	397.590
486	397.910
487	398.960
488	398.970
489	398.430
490	398.020
494	398.760
495	398.040
496	398.460
498	398.860
499	398.160
500	397.620
1	399.320
2	400.230
3	400.330
4	400.220
5	399.290
6	400.140
7	399.880
10	399.160
11	399.540
12	400.030
13	399.110
14	400.300
15	399.500
16	399.020
17	399.570
19	399.380
20	400.250
21	400.080
22	399.440
23	400.310
24	399.140
25	400.440
26	400.390
27	399.330
28	400.020
29	400.160
31	399.830
32	399.560
34	400.100
35	399.290
39	399.200
40	399.890
41	399.580
42	400.390
43	399.510
44	399.610
45	400.120
46	399.660
47	399.820
48	399.700
49	400.020
50	400.340
51	400.280
52	400.450
53	399.400
56	399.090
57	400.380
58	399.860
59	399.930
60	399.190
61	400.420
64	399.670
66	399.350
67	400.080
68	399.470
70	399.190
71	400.350
72	399.190
73	399.460
76	399.720
77	399.630
78	399.590
79	400.500
80	400.420
81	400.210
82	400.050
83	400.170
85	399.400
86	399.490
87	399.860
88	400.310
90	399.600
91	399.790
93	399.090
95	399.590
96	399.630
98	399.210
99	399.360
100	400.290
102	399.740
104	400.490
105	399.250
107	399.660
108	400.270
109	399.190
110	399.370
112	400.190
113	399.870
115	400.090
117	399.380
118	399.210
119	399.870
120	400.030
122	399.360
125	399.750
127	399.440
129	399.140
130	399.670
131	399.650
133	399.470
136	399.390
137	400.250
138	399.820
140	399.880
142	400.360
143	399.680
144	399.160
145	400.300
147	400.080
148	399.350
150	399.410
151	399.840
153	399.960
155	399.110
156	400.130
157	400.190
158	400.270
159	400.270
160	399.350
162	399.300
163	400.110
164	400.190
165	399.050
166	400.450
167	399.620
168	400.210
169	399.100
170	399.910
171	399.830
172	399.730
173	399.350
174	399.660
177	399.330
178	400.240
179	399.020
180	399.320
181	399.300
183	400.150
184	399.200
186	399.390
187	399.390
189	399.910
191	399.940
193	399.450
194	399.490
195	400.090
196	399.590
197	400.150
199	400.240
200	399.120
201	399.970
203	399.490
204	400.330
205	399.390
206	399.210
207	400.330
208	399.240
209	399.960
212	399.560
215	399.330
216	400.150
218	399.920
219	399.490
221	399.090
223	399.460
224	399.050
225	400.010
226	399.760
228	400.240
230	399.430
231	399.490
232	399.360
233	399.820
234	399.290
235	400.490
238	400.160
239	399.100
240	400.210
241	399.280
242	399.250
243	399.840
244	400.350
245	400.260
246	399.200
248	399.260
249	400.110
250	400.040
253	400.470
254	399.260
255	399.730
258	399.520
259	399.390
260	399.390
262	399.830
263	399.820
265	400.420
266	399.240
268	399.810
269	399.610
270	399.590
272	399.170
273	399.520
274	400.460
275	399.020
277	399.840
278	399.530
279	399.110
280	399.050
282	400.300
283	399.570
284	400.320
285	400.230
288	400.290
289	399.270
290	399.940
291	400.340
293	399.940
294	399.860
295	399.450
296	399.320
297	399.130
298	399.330
299	399.920
300	399.840
303	400.220
304	399.760
305	399.640
308	400.150
309	399.070
310	400.180
312	400.050
313	399.400
315	399.120
317	399.280
320	400.290
321	400.270
326	400.180
327	400.190
328	399.260
329	400.320
330	399.170
331	399.020
332	399.650
333	399.900
334	400.340
335	400.240
337	399.270
340	400.120
341	399.650
342	400.110
343	400.480
344	399.310
345	399.460
346	399.480
347	400.480
348	399.250
350	399.120
351	399.900
352	399.700
353	400.010
354	400.060
355	399.870
356	400.460
357	399.620
358	400.140
359	399.580
361	399.810
363	399.350
364	399.220
365	399.540
366	399.850
367	399.890
368	399.270
369	399.540
370	399.560
372	399.120
373	399.560
374	399.350
375	399.500
379	400.380
380	399.630
381	399.240
382	400.110
383	399.290
385	399.820
389	399.930
390	399.480
391	399.910
392	399.980
393	399.920
395	399.500
398	399.380
402	399.410
403	399.690
404	399.350
405	399.710
407	399.490
408	400.360
411	400.170
412	400.380
414	399.420
416	399.120
417	399.350
418	400.410
419	400.340
421	399.210
422	400.310
423	399.150
424	399.760
425	399.070
426	399.890
427	400.380
431	399.340
432	399.060
433	399.160
434	399.620
435	400.310
437	399.030
438	400.020
441	400.370
442	399.990
443	399.700
444	399.980
445	400.220
447	399.280
448	399.220
449	399.600
450	399.690
452	400.000
453	399.960
454	400.460
455	399.900
457	400.160
458	399.480
459	399.590
460	399.760
461	399.300
462	399.030
463	399.990
464	399.750
466	399.500
467	399.720
468	399.780
469	399.060
470	399.170
471	399.530
474	399.470
475	399.270
476	399.290
477	399.970
478	400.140
481	400.220
483	399.660
484	399.300
485	399.600
486	399.920
489	400.440
490	400.030
491	399.260
492	399.370
493	399.210
495	400.050
496	400.470
497	399.200
499	400.170
500	399.630
1	401.330
5	401.300
7	401.890
8	400.790
9	400.900
10	401.170
11	401.550
13	401.120
15	401.510
16	401.030
17	401.580
18	400.510
19	401.390
22	401.450
24	401.150
27	401.340
30	400.890
31	401.840
32	401.570
33	400.550
35	401.300
36	401.000
37	400.630
38	400.690
39	401.210
40	401.900
41	401.590
43	401.520
44	401.620
46	401.670
47	401.830
48	401.710
53	401.410
54	400.980
55	400.570
56	401.100
58	401.870
59	401.940
60	401.200
62	400.600
63	400.560
64	401.680
65	400.600
66	401.360
68	401.480
69	400.520
70	401.200
72	401.200
73	401.470
74	400.970
75	400.970
76	401.730
77	401.640
78	401.600
84	400.710
85	401.410
86	401.500
87	401.870
89	400.650
90	401.610
91	401.800
92	400.620
93	401.100
94	400.630
95	401.600
96	401.640
97	400.990
98	401.220
99	401.370
101	400.560
102	401.750
103	400.800
105	401.260
106	400.730
107	401.670
109	401.200
110	401.380
111	400.530
113	401.880
114	400.510
116	400.730
117	401.390
118	401.220
119	401.880
121	400.610
122	401.370
123	400.610
124	400.820
125	401.760
126	400.610
127	401.450
128	400.730
129	401.150
130	401.680
131	401.660
132	400.770
133	401.480
134	400.850
135	400.940
136	401.400
138	401.830
139	400.660
140	401.890
141	400.730
143	401.690
144	401.170
146	400.740
148	401.360
149	400.570
150	401.420
151	401.850
152	400.690
153	401.970
154	400.900
155	401.120
160	401.360
161	400.560
162	401.310
165	401.060
167	401.630
169	401.110
170	401.920
171	401.840
172	401.740
173	401.360
174	401.670
175	400.560
176	400.910
177	401.340
179	401.030
180	401.330
181	401.310
182	400.810
184	401.210
185	400.850
186	401.400
187	401.400
188	400.970
189	401.920
190	400.770
191	401.950
192	400.770
193	401.460
194	401.500
196	401.600
198	401.010
200	401.130
201	401.980
202	400.830
203	401.500
205	401.400
206	401.220
208	401.250
209	401.970
210	400.750
211	400.820
212	401.570
213	400.570
214	400.930
215	401.340
217	400.750
218	401.930
219	401.500
220	400.750
221	401.100
222	400.670
223	401.470
224	401.060
226	401.770
227	400.720
229	400.920
230	401.440
231	401.500
232	401.370
233	401.830
234	401.300
236	400.870
237	400.910
239	401.110
241	401.290
242	401.260
243	401.850
246	401.210
247	400.750
248	401.270
251	400.570
252	400.970
254	401.270
255	401.740
256	400.670
257	400.920
258	401.530
259	401.400
260	401.400
261	400.870
262	401.840
263	401.830
264	400.760
266	401.250
267	400.860
268	401.820
269	401.620
270	401.600
271	400.680
272	401.180
273	401.530
275	401.030
276	400.510
277	401.850
278	401.540
279	401.120
280	401.060
281	400.810
283	401.580
286	400.720
287	400.560
289	401.280
290	401.950
292	400.630
293	401.950
294	401.870
295	401.460
296	401.330
297	401.140
298	401.340
299	401.930
300	401.850
301	400.660
302	400.550
304	401.770
305	401.650
306	400.870
307	400.740
309	401.080
311	400.610
313	401.410
314	400.580
315	401.130
316	400.610
317	401.290
318	400.930
319	400.890
322	400.800
323	400.740
324	400.660
325	400.660
328	401.270
330	401.180
331	401.030
332	401.660
333	401.910
336	400.830
337	401.280
338	400.860
339	400.670
341	401.660
344	401.320
345	401.470
346	401.490
348	401.260
349	400.550
350	401.130
351	401.910
352	401.710
355	401.880
357	401.630
359	401.590
360	400.530
361	401.820
362	400.960
363	401.360
364	401.230
365	401.550
366	401.860
367	401.900
368	401.280
369	401.550
370	401.570
371	400.610
372	401.130
373	401.570
374	401.360
375	401.510
376	400.980
377	400.510
378	400.810
380	401.640
381	401.250
383	401.300
384	400.710
385	401.830
386	400.870
387	400.560
388	400.790
389	401.940
390	401.490
391	401.920
392	401.990
393	401.930
394	400.510
395	401.510
396	400.790
397	400.980
398	401.390
399	400.620
400	400.620
401	400.810
402	401.420
403	401.700
404	401.360
405	401.720
406	400.590
407	401.500
409	400.800
410	400.650
413	400.880
414	401.430
415	400.870
416	401.130
417	401.360
420	400.760
421	401.220
423	401.160
424	401.770
425	401.080
426	401.900
428	400.780
429	400.930
430	400.970
431	401.350
432	401.070
433	401.170
434	401.630
436	400.690
437	401.040
439	400.770
440	400.650
442	402.000
443	401.710
444	401.990
446	400.550
447	401.290
448	401.230
449	401.610
450	401.700
451	400.570
453	401.970
455	401.910
456	400.690
458	401.490
459	401.600
460	401.770
461	401.310
462	401.040
463	402.000
464	401.760
465	400.860
466	401.510
467	401.730
468	401.790
469	401.070
470	401.180
471	401.540
472	400.950
473	400.680
474	401.480
475	401.280
476	401.300
477	401.980
479	400.680
480	400.630
482	400.650
483	401.670
484	401.310
485	401.610
486	401.930
487	400.970
488	400.980
491	401.270
492	401.380
493	401.220
494	400.770
497	401.210
498	400.870
500	401.640
1	403.340
2	402.240
3	402.340
4	402.230
5	403.310
6	402.150
8	402.800
9	402.910
10	403.180
12	402.040
13	403.130
14	402.310
16	403.040
18	402.520
19	403.400
20	402.260
21	402.090
22	403.460
23	402.320
24	403.160
25	402.450
26	402.400
27	403.350
28	402.030
29	402.170
30	402.900
33	402.560
34	402.110
35	403.310
36	403.010
37	402.640
38	402.700
39	403.220
42	402.400
45	402.130
49	402.030
50	402.350
51	402.290
52	402.460
53	403.420
54	402.990
55	402.580
56	403.110
57	402.390
60	403.210
61	402.430
62	402.610
63	402.570
65	402.610
66	403.370
67	402.090
68	403.490
69	402.530
70	403.210
71	402.360
72	403.210
73	403.480
74	402.980
75	402.980
79	402.510
80	402.430
81	402.220
82	402.060
83	402.180
84	402.720
85	403.420
88	402.320
89	402.660
92	402.630
93	403.110
94	402.640
97	403.000
98	403.230
99	403.380
100	402.300
101	402.570
103	402.810
104	402.500
105	403.270
106	402.740
108	402.280
109	403.210
110	403.390
111	402.540
112	402.200
114	402.520
115	402.100
116	402.740
117	403.400
118	403.230
120	402.040
121	402.620
122	403.380
123	402.620
124	402.830
126	402.620
127	403.460
128	402.740
129	403.160
132	402.780
133	403.490
134	402.860
135	402.950
136	403.410
137	402.260
139	402.670
141	402.740
142	402.370
144	403.180
145	402.310
146	402.750
147	402.090
148	403.370
149	402.580
150	403.430
152	402.700
154	402.910
155	403.130
156	402.140
157	402.200
158	402.280
159	402.280
160	403.370
161	402.570
162	403.320
163	402.120
164	402.200
165	403.070
166	402.460
168	402.220
169	403.120
173	403.370
175	402.570
176	402.920
177	403.350
178	402.250
179	403.040
180	403.340
181	403.320
182	402.820
183	402.160
184	403.220
185	402.860
186	403.410
187	403.410
188	402.980
190	402.780
192	402.780
193	403.470
195	402.100
197	402.160
198	403.020
199	402.250
200	403.140
202	402.840
204	402.340
205	403.410
206	403.230
207	402.340
208	403.260
210	402.760
211	402.830
213	402.580
214	402.940
215	403.350
216	402.160
217	402.760
220	402.760
221	403.110
222	402.680
223	403.480
224	403.070
225	402.020
227	402.730
228	402.250
229	402.930
230	403.450
232	403.380
234	403.310
235	402.500
236	402.880
237	402.920
238	402.170
239	403.120
240	402.220
241	403.300
242	403.270
244	402.360
245	402.270
246	403.220
247	402.760
248	403.280
249	402.120
250	402.050
251	402.580
252	402.980
253	402.480
254	403.280
256	402.680
257	402.930
259	403.410
260	403.410
261	402.880
264	402.770
265	402.430
266	403.260
267	402.870
271	402.690
272	403.190
274	402.470
275	403.040
276	402.520
279	403.130
280	403.070
281	402.820
282	402.310
284	402.330
285	402.240
286	402.730
287	402.570
288	402.300
289	403.290
291	402.350
292	402.640
295	403.470
296	403.340
297	403.150
298	403.350
301	402.670
302	402.560
303	402.230
306	402.880
307	402.750
308	402.160
309	403.090
310	402.190
311	402.620
312	402.060
313	403.420
314	402.590
315	403.140
316	402.620
317	403.300
318	402.940
319	402.900
320	402.300
321	402.280
322	402.810
323	402.750
324	402.670
325	402.670
326	402.190
327	402.200
328	403.280
329	402.330
330	403.190
331	403.040
334	402.350
335	402.250
336	402.840
337	403.290
338	402.870
339	402.680
340	402.130
342	402.120
343	402.490
344	403.330
345	403.480
346	403.500
347	402.490
348	403.270
349	402.560
350	403.140
353	402.020
354	402.070
356	402.470
358	402.150
360	402.540
362	402.970
363	403.370
364	403.240
368	403.290
371	402.620
372	403.140
374	403.370
376	402.990
377	402.520
378	402.820
379	402.390
381	403.260
382	402.120
383	403.310
384	402.720
386	402.880
387	402.570
388	402.800
390	403.500
394	402.520
396	402.800
397	402.990
398	403.400
399	402.630
400	402.630
401	402.820
402	403.430
404	403.370
406	402.600
408	402.370
409	402.810
410	402.660
411	402.180
412	402.390
413	402.890
414	403.440
415	402.880
416	403.140
417	403.370
418	402.420
419	402.350
420	402.770
421	403.230
422	402.320
423	403.170
425	403.090
427	402.390
428	402.790
429	402.940
430	402.980
431	403.360
432	403.080
433	403.180
435	402.320
436	402.700
437	403.050
438	402.030
439	402.780
440	402.660
441	402.380
445	402.230
446	402.560
447	403.300
448	403.240
451	402.580
452	402.010
454	402.470
456	402.700
457	402.170
458	403.500
461	403.320
462	403.050
465	402.870
469	403.080
470	403.190
472	402.960
473	402.690
474	403.490
475	403.290
476	403.310
478	402.150
479	402.690
480	402.640
481	402.230
482	402.660
484	403.320
487	402.980
488	402.990
489	402.450
490	402.040
491	403.280
492	403.390
493	403.230
494	402.780
495	402.060
496	402.480
497	403.220
498	402.880
499	402.180
2	404.250
3	404.350
4	404.240
6	404.160
7	403.900
8	404.810
9	404.920
11	403.560
12	404.050
14	404.320
15	403.520
17	403.590
18	404.530
20	404.270
21	404.100
23	404.330
25	404.460
26	404.410
28	404.040
29	404.180
30	404.910
31	403.850
32	403.580
33	404.570
34	404.120
37	404.650
38	404.710
40	403.910
41	403.600
42	404.410
43	403.530
44	403.630
45	404.140
46	403.680
47	403.840
48	403.720
49	404.040
50	404.360
51	404.300
52	404.470
54	405.000
55	404.590
57	404.400
58	403.880
59	403.950
61	404.440
62	404.620
63	404.580
64	403.690
65	404.620
67	404.100
69	404.540
71	404.370
74	404.990
75	404.990
76	403.740
77	403.650
78	403.610
79	404.520
80	404.440
81	404.230
82	404.070
83	404.190
84	404.730
86	403.510
87	403.880
88	404.330
89	404.670
90	403.620
91	403.810
92	404.640
94	404.650
95	403.610
96	403.650
100	404.310
101	404.580
102	403.760
103	404.820
104	404.510
106	404.750
107	403.680
108	404.290
111	404.550
112	404.210
113	403.890
114	404.530
115	404.110
116	404.750
119	403.890
120	404.050
121	404.630
123	404.630
124	404.840
125	403.770
126	404.630
128	404.750
130	403.690
131	403.670
132	404.790
134	404.870
135	404.960
137	404.270
138	403.840
139	404.680
140	403.900
141	404.750
142	404.380
143	403.700
145	404.320
146	404.760
147	404.100
149	404.590
151	403.860
152	404.710
153	403.980
154	404.920
156	404.150
157	404.210
158	404.290
159	404.290
161	404.580
163	404.130
164	404.210
166	404.470
167	403.640
168	404.230
170	403.930
171	403.850
172	403.750
174	403.680
175	404.580
176	404.930
178	404.260
182	404.830
183	404.170
185	404.870
188	404.990
189	403.930
190	404.790
191	403.960
192	404.790
194	403.510
195	404.110
196	403.610
197	404.170
199	404.260
201	403.990
202	404.850
203	403.510
204	404.350
207	404.350
209	403.980
210	404.770
211	404.840
212	403.580
213	404.590
214	404.950
216	404.170
217	404.770
218	403.940
219	403.510
220	404.770
222	404.690
225	404.030
226	403.780
227	404.740
228	404.260
229	404.940
231	403.510
233	403.840
235	404.510
236	404.890
237	404.930
238	404.180
240	404.230
243	403.860
244	404.370
245	404.280
247	404.770
249	404.130
250	404.060
251	404.590
252	404.990
253	404.490
255	403.750
256	404.690
257	404.940
258	403.540
261	404.890
262	403.850
263	403.840
264	404.780
265	404.440
267	404.880
268	403.830
269	403.630
270	403.610
271	404.700
273	403.540
274	404.480
276	404.530
277	403.860
278	403.550
281	404.830
282	404.320
283	403.590
284	404.340
285	404.250
286	404.740
287	404.580
288	404.310
290	403.960
291	404.360
292	404.650
293	403.960
294	403.880
299	403.940
300	403.860
301	404.680
302	404.570
303	404.240
304	403.780
305	403.660
306	404.890
307	404.760
308	404.170
310	404.200
311	404.630
312	404.070
314	404.600
316	404.630
318	404.950
319	404.910
320	404.310
321	404.290
322	404.820
323	404.760
324	404.680
325	404.680
326	404.200
327	404.210
329	404.340
332	403.670
333	403.920
334	404.360
335	404.260
336	404.850
338	404.880
339	404.690
340	404.140
341	403.670
342	404.130
343	404.500
347	404.500
349	404.570
351	403.920
352	403.720
353	404.030
354	404.080
355	403.890
356	404.480
357	403.640
358	404.160
359	403.600
360	404.550
361	403.830
362	404.980
365	403.560
366	403.870
367	403.910
369	403.560
370	403.580
371	404.630
373	403.580
375	403.520
376	405.000
377	404.530
378	404.830
379	404.400
380	403.650
382	404.130
384	404.730
385	403.840
386	404.890
387	404.580
388	404.810
389	403.950
391	403.930
392	404.000
393	403.940
394	404.530
395	403.520
396	404.810
397	405.000
399	404.640
400	404.640
401	404.830
403	403.710
405	403.730
406	404.610
407	403.510
408	404.380
409	404.820
410	404.670
411	404.190
412	404.400
413	404.900
415	404.890
418	404.430
419	404.360
420	404.780
422	404.330
424	403.780
426	403.910
427	404.400
428	404.800
429	404.950
430	404.990
434	403.640
435	404.330
436	404.710
438	404.040
439	404.790
440	404.670
441	404.390
442	404.010
443	403.720
444	404.000
445	404.240
446	404.570
449	403.620
450	403.710
451	404.590
452	404.020
453	403.980
454	404.480
455	403.920
456	404.710
457	404.180
459	403.610
460	403.780
463	404.010
464	403.770
465	404.880
466	403.520
467	403.740
468	403.800
471	403.550
472	404.970
473	404.700
477	403.990
478	404.160
479	404.700
480	404.650
481	404.240
482	404.670
483	403.680
485	403.620
486	403.940
487	404.990
488	405.000
489	404.460
490	404.050
494	404.790
495	404.070
496	404.490
498	404.890
499	404.190
500	403.650
1	405.350
2	406.260
3	406.360
4	406.250
5	405.320
6	406.170
7	405.910
10	405.190
11	405.570
12	406.060
13	405.140
14	406.330
15	405.530
16	405.050
17	405.600
19	405.410
20	406.280
21	406.110
22	405.470
23	406.340
24	405.170
25	406.470
26	406.420
27	405.360
28	406.050
29	406.190
31	405.860
32	405.590
34	406.130
35	405.320
36	405.020
39	405.230
40	405.920
41	405.610
42	406.420
43	405.540
44	405.640
45	406.150
46	405.690
47	405.850
48	405.730
49	406.050
50	406.370
51	406.310
52	406.480
53	405.430
56	405.120
57	406.410
58	405.890
59	405.960
60	405.220
61	406.450
64	405.700
66	405.380
67	406.110
68	405.500
70	405.220
71	406.380
72	405.220
73	405.490
76	405.750
77	405.660
78	405.620
80	406.450
81	406.240
82	406.080
83	406.200
85	405.430
86	405.520
87	405.890
88	406.340
90	405.630
91	405.820
93	405.120
95	405.620
96	405.660
97	405.010
98	405.240
99	405.390
100	406.320
102	405.770
105	405.280
107	405.690
108	406.300
109	405.220
110	405.400
112	406.220
113	405.900
115	406.120
117	405.410
118	405.240
119	405.900
120	406.060
122	405.390
125	405.780
127	405.470
129	405.170
130	405.700
131	405.680
133	405.500
136	405.420
137	406.280
138	405.850
140	405.910
142	406.390
143	405.710
144	405.190
145	406.330
147	406.110
148	405.380
150	405.440
151	405.870
153	405.990
155	405.140
156	406.160
157	406.220
158	406.300
159	406.300
160	405.380
162	405.330
163	406.140
164	406.220
165	405.080
166	406.480
167	405.650
168	406.240
169	405.130
170	405.940
171	405.860
172	405.760
173	405.380
174	405.690
177	405.360
178	406.270
179	405.050
180	405.350
181	405.330
183	406.180
184	405.230
186	405.420
187	405.420
189	405.940
191	405.970
193	405.480
194	405.520
195	406.120
196	405.620
197	406.180
198	405.030
199	406.270
200	405.150
201	406.000
203	405.520
204	406.360
205	405.420
206	405.240
207	406.360
208	405.270
209	405.990
212	405.590
215	405.360
216	406.180
218	405.950
219	405.520
221	405.120
223	405.490
224	405.080
225	406.040
226	405.790
228	406.270
230	405.460
231	405.520
232	405.390
233	405.850
234	405.320
238	406.190
239	405.130
240	406.240
241	405.310
242	405.280
243	405.870
244	406.380
245	406.290
246	405.230
248	405.290
249	406.140
250	406.070
253	406.500
254	405.290
255	405.760
258	405.550
259	405.420
260	405.420
262	405.860
263	405.850
265	406.450
266	405.270
268	405.840
269	405.640
270	405.620
272	405.200
273	405.550
274	406.490
275	405.050
277	405.870
278	405.560
279	405.140
280	405.080
282	406.330
283	405.600
284	406.350
285	406.260
288	406.320
289	405.300
290	405.970
291	406.370
293	405.970
294	405.890
295	405.480
296	405.350
297	405.160
298	405.360
299	405.950
300	405.870
303	406.250
304	405.790
305	405.670
308	406.180
309	405.100
310	406.210
312	406.080
313	405.430
315	405.150
317	405.310
320	406.320
321	406.300
326	406.210
327	406.220
328	405.290
329	406.350
330	405.200
331	405.050
332	405.680
333	405.930
334	406.370
335	406.270
337	405.300
340	406.150
341	405.680
342	406.140
344	405.340
345	405.490
346	405.510
348	405.280
350	405.150
351	405.930
352	405.730
353	406.040
354	406.090
355	405.900
356	406.490
357	405.650
358	406.170
359	405.610
361	405.840
363	405.380
364	405.250
365	405.570
366	405.880
367	405.920
368	405.300
369	405.570
370	405.590
372	405.150
373	405.590
374	405.380
375	405.530
379	406.410
380	405.660
381	405.270
382	406.140
383	405.320
385	405.850
389	405.960
390	405.510
391	405.940
392	406.010
393	405.950
395	405.530
398	405.410
402	405.440
403	405.720
404	405.380
405	405.740
407	405.520
408	406.390
411	406.200
412	406.410
414	405.450
416	405.150
417	405.380
418	406.440
419	406.370
421	405.240
422	406.340
423	405.180
424	405.790
425	405.100
426	405.920
427	406.410
431	405.370
432	405.090
433	405.190
434	405.650
435	406.340
437	405.060
438	406.050
441	406.400
442	406.020
443	405.730
444	406.010
445	406.250
447	405.310
448	405.250
449	405.630
450	405.720
452	406.030
453	405.990
454	406.490
455	405.930
457	406.190
458	405.510
459	405.620
460	405.790
461	405.330
462	405.060
463	406.020
464	405.780
466	405.530
467	405.750
468	405.810
469	405.090
470	405.200
471	405.560
474	405.500
475	405.300
476	405.320
477	406.000
478	406.170
481	406.250
483	405.690
484	405.330
485	405.630
486	405.950
489	406.470
490	406.060
491	405.290
492	405.400
493	405.240
495	406.080
496	406.500
497	405.230
499	406.200
500	405.660
1	407.360
5	407.330
7	407.920
8	406.820
9	406.930
10	407.200
11	407.580
13	407.150
15	407.540
16	407.060
17	407.610
18	406.540
19	407.420
22	407.480
24	407.180
27	407.370
30	406.920
31	407.870
32	407.600
33	406.580
35	407.330
36	407.030
37	406.660
38	406.720
39	407.240
40	407.930
41	407.620
43	407.550
44	407.650
46	407.700
47	407.860
48	407.740
53	407.440
54	407.010
55	406.600
56	407.130
58	407.900
59	407.970
60	407.230
62	406.630
63	406.590
64	407.710
65	406.630
66	407.390
68	407.510
69	406.550
70	407.230
72	407.230
73	407.500
74	407.000
75	407.000
76	407.760
77	407.670
78	407.630
79	406.530
84	406.740
85	407.440
86	407.530
87	407.900
89	406.680
90	407.640
91	407.830
92	406.650
93	407.130
94	406.660
95	407.630
96	407.670
97	407.020
98	407.250
99	407.400
101	406.590
102	407.780
103	406.830
104	406.520
105	407.290
106	406.760
107	407.700
109	407.230
110	407.410
111	406.560
113	407.910
114	406.540
116	406.760
117	407.420
118	407.250
119	407.910
121	406.640
122	407.400
123	406.640
124	406.850
125	407.790
126	406.640
127	407.480
128	406.760
129	407.180
130	407.710
131	407.690
132	406.800
133	407.510
134	406.880
135	406.970
136	407.430
138	407.860
139	406.690
140	407.920
141	406.760
143	407.720
144	407.200
146	406.770
148	407.390
149	406.600
150	407.450
151	407.880
152	406.720
153	408.000
154	406.930
155	407.150
160	407.390
161	406.590
162	407.340
165	407.090
167	407.660
169	407.140
170	407.950
171	407.870
172	407.770
173	407.390
174	407.700
175	406.590
176	406.940
177	407.370
179	407.060
180	407.360
181	407.340
182	406.840
184	407.240
185	406.880
186	407.430
187	407.430
188	407.000
189	407.950
190	406.800
191	407.980
192	406.800
193	407.490
194	407.530
196	407.630
198	407.040
200	407.160
202	406.860
203	407.530
205	407.430
206	407.250
208	407.280
209	408.000
210	406.780
211	406.850
212	407.600
213	406.600
214	406.960
215	407.370
217	406.780
218	407.960
219	407.530
220	406.780
221	407.130
222	406.700
223	407.500
224	407.090
226	407.800
227	406.750
229	406.950
230	407.470
231	407.530
232	407.400
233	407.860
234	407.330
235	406.520
236	406.900
237	406.940
239	407.140
241	407.320
242	407.290
243	407.880
246	407.240
247	406.780
248	407.300
251	406.600
252	407.000
254	407.300
255	407.770
256	406.700
257	406.950
258	407.560
259	407.430
260	407.430
261	406.900
262	407.870
263	407.860
264	406.790
266	407.280
267	406.890
268	407.850
269	407.650
270	407.630
271	406.710
272	407.210
273	407.560
275	407.060
276	406.540
277	407.880
278	407.570
279	407.150
280	407.090
281	406.840
283	407.610
286	406.750
287	406.590
289	407.310
290	407.980
292	406.660
293	407.980
294	407.900
295	407.490
296	407.360
297	407.170
298	407.370
299	407.960
300	407.880
301	406.690
302	406.580
304	407.800
305	407.680
306	406.900
307	406.770
309	407.110
311	406.640
313	407.440
314	406.610
315	407.160
316	406.640
317	407.320
318	406.960
319	406.920
322	406.830
323	406.770
324	406.690
325	406.690
328	407.300
330	407.210
331	407.060
332	407.690
333	407.940
336	406.860
337	407.310
338	406.890
339	406.700
341	407.690
343	406.510
344	407.350
345	407.500
346	407.520
347	406.510
348	407.290
349	406.580
350	407.160
351	407.940
352	407.740
355	407.910
357	407.660
359	407.620
360	406.560
361	407.850
362	406.990
363	407.390
364	407.260
365	407.580
366	407.890
367	407.930
368	407.310
369	407.580
370	407.600
371	406.640
372	407.160
373	407.600
374	407.390
375	407.540
376	407.010
377	406.540
378	406.840
380	407.670
381	407.280
383	407.330
384	406.740
385	407.860
386	406.900
387	406.590
388	406.820
389	407.970
390	407.520
391	407.950
393	407.960
394	406.540
395	407.540
396	406.820
397	407.010
398	407.420
399	406.650
400	406.650
401	406.840
402	407.450
403	407.730
404	407.390
405	407.750
406	406.620
407	407.530
409	406.830
410	406.680
413	406.910
414	407.460
415	406.900
416	407.160
417	407.390
420	406.790
421	407.250
423	407.190
424	407.800
425	407.110
426	407.930
428	406.810
429	406.960
430	407.000
431	407.380
432	407.100
433	407.200
434	407.660
436	406.720
437	407.070
439	406.800
440	406.680
443	407.740
446	406.580
447	407.320
448	407.260
449	407.640
450	407.730
451	406.600
453	408.000
455	407.940
456	406.720
458	407.520
459	407.630
460	407.800
461	407.340
462	407.070
464	407.790
465	406.890
466	407.540
467	407.760
468	407.820
469	407.100
470	407.210
471	407.570
472	406.980
473	406.710
474	407.510
475	407.310
476	407.330
479	406.710
480	406.660
482	406.680
483	407.700
484	407.340
485	407.640
486	407.960
487	407.000
488	407.010
491	407.300
492	407.410
493	407.250
494	406.800
497	407.240
498	406.900
500	407.670
1	409.370
2	408.270
3	408.370
4	408.260
5	409.340
6	408.180
8	408.830
9	408.940
10	409.210
12	408.070
13	409.160
14	408.340
16	409.070
18	408.550
19	409.430
20	408.290
21	408.120
22	409.490
23	408.350
24	409.190
25	408.480
26	408.430
27	409.380
28	408.060
29	408.200
30	408.930
33	408.590
34	408.140
35	409.340
36	409.040
37	408.670
38	408.730
39	409.250
42	408.430
45	408.160
49	408.060
50	408.380
51	408.320
52	408.490
53	409.450
54	409.020
55	408.610
56	409.140
57	408.420
60	409.240
61	408.460
62	408.640
63	408.600
65	408.640
66	409.400
67	408.120
69	408.560
70	409.240
71	408.390
72	409.240
74	409.010
75	409.010
79	408.540
80	408.460
81	408.250
82	408.090
83	408.210
84	408.750
85	409.450
88	408.350
89	408.690
92	408.660
93	409.140
94	408.670
97	409.030
98	409.260
99	409.410
100	408.330
101	408.600
103	408.840
104	408.530
105	409.300
106	408.770
108	408.310
109	409.240
110	409.420
111	408.570
112	408.230
114	408.550
115	408.130
116	408.770
117	409.430
118	409.260
120	408.070
121	408.650
122	409.410
123	408.650
124	408.860
126	408.650
127	409.490
128	408.770
129	409.190
132	408.810
134	408.890
135	408.980
136	409.440
137	408.290
139	408.700
141	408.770
142	408.400
144	409.210
145	408.340
146	408.780
147	408.120
148	409.400
149	408.610
150	409.460
152	408.730
154	408.940
155	409.160
156	408.170
157	408.230
158	408.310
159	408.310
160	409.400
161	408.600
162	409.350
163	408.150
164	408.230
165	409.100
166	408.490
168	408.250
169	409.150
173	409.400
175	408.600
176	408.950
177	409.380
178	408.280
179	409.070
180	409.370
181	409.350
182	408.850
183	408.190
184	409.250
185	408.890
186	409.440
187	409.440
188	409.010
190	408.810
192	408.810
193	409.500
195	408.130
197	408.190
198	409.050
199	408.280
200	409.170
201	408.010
202	408.870
204	408.370
205	409.440
206	409.260
207	408.370
208	409.290
210	408.790
211	408.860
213	408.610
214	408.970
215	409.380
216	408.190
217	408.790
220	408.790
221	409.140
222	408.710
224	409.100
225	408.050
227	408.760
228	408.280
229	408.960
230	409.480
232	409.410
234	409.340
235	408.530
236	408.910
237	408.950
238	408.200
239	409.150
240	408.250
241	409.330
242	409.300
244	408.390
245	408.300
246	409.250
247	408.790
248	409.310
249	408.150
250	408.080
251	408.610
252	409.010
253	408.510
254	409.310
256	408.710
257	408.960
259	409.440
260	409.440
261	408.910
264	408.800
265	408.460
266	409.290
267	408.900
271	408.720
272	409.220
274	408.500
275	409.070
276	408.550
279	409.160
280	409.100
281	408.850
282	408.340
284	408.360
285	408.270
286	408.760
287	408.600
288	408.330
289	409.320
291	408.380
292	408.670
295	409.500
296	409.370
297	409.180
298	409.380
301	408.700
302	408.590
303	408.260
306	408.910
307	408.780
308	408.190
309	409.120
310	408.220
311	408.650
312	408.090
313	409.450
314	408.620
315	409.170
316	408.650
317	409.330
318	408.970
319	408.930
320	408.330
321	408.310
322	408.840
323	408.780
324	408.700
325	408.700
326	408.220
327	408.230
328	409.310
329	408.360
330	409.220
331	409.070
334	408.380
335	408.280
336	408.870
337	409.320
338	408.900
339	408.710
340	408.160
342	408.150
343	408.520
344	409.360
347	408.520
348	409.300
349	408.590
350	409.170
353	408.050
354	408.100
356	408.500
358	408.180
360	408.570
362	409.000
363	409.400
364	409.270
368	409.320
371	408.650
372	409.170
374	409.400
376	409.020
377	408.550
378	408.850
379	408.420
381	409.290
382	408.150
383	409.340
384	408.750
386	408.910
387	408.600
388	408.830
392	408.020
394	408.550
396	408.830
397	409.020
398	409.430
399	408.660
400	408.660
401	408.850
402	409.460
404	409.400
406	408.630
408	408.400
409	408.840
410	408.690
411	408.210
412	408.420
413	408.920
414	409.470
415	408.910
416	409.170
417	409.400
418	408.450
419	408.380
420	408.800
421	409.260
422	408.350
423	409.200
425	409.120
427	408.420
428	408.820
429	408.970
430	409.010
431	409.390
432	409.110
433	409.210
435	408.350
436	408.730
437	409.080
438	408.060
439	408.810
440	408.690
441	408.410
442	408.030
444	408.020
445	408.260
446	408.590
447	409.330
448	409.270
451	408.610
452	408.040
454	408.500
456	408.730
457	408.200
461	409.350
462	409.080
463	408.030
465	408.900
469	409.110
470	409.220
472	408.990
473	408.720
475	409.320
476	409.340
477	408.010
478	408.180
479	408.720
480	408.670
481	408.260
482	408.690
484	409.350
487	409.010
488	409.020
489	408.480
490	408.070
491	409.310
492	409.420
493	409.260
494	408.810
495	408.090
496	408.510
497	409.250
498	408.910
499	408.210
2	410.280
3	410.380
4	410.270
6	410.190
7	409.930
8	410.840
9	410.950
11	409.590
12	410.080
14	410.350
15	409.550
17	409.620
18	410.560
20	410.300
21	410.130
23	410.360
25	410.490
26	410.440
28	410.070
29	410.210
30	410.940
31	409.880
32	409.610
33	410.600
34	410.150
37	410.680
38	410.740
40	409.940
41	409.630
42	410.440
43	409.560
44	409.660
45	410.170
46	409.710
47	409.870
48	409.750
49	410.070
50	410.390
51	410.330
52	410.500
55	410.620
57	410.430
58	409.910
59	409.980
61	410.470
62	410.650
63	410.610
64	409.720
65	410.650
67	410.130
68	409.520
69	410.570
71	410.400
73	409.510
76	409.770
77	409.680
78	409.640
79	410.550
80	410.470
81	410.260
82	410.100
83	410.220
84	410.760
86	409.540
87	409.910
88	410.360
89	410.700
90	409.650
91	409.840
92	410.670
94	410.680
95	409.640
96	409.680
100	410.340
101	410.610
102	409.790
103	410.850
104	410.540
106	410.780
107	409.710
108	410.320
111	410.580
112	410.240
113	409.920
114	410.560
115	410.140
116	410.780
119	409.920
120	410.080
121	410.660
123	410.660
124	410.870
125	409.800
126	410.660
128	410.780
130	409.720
131	409.700
132	410.820
133	409.520
134	410.900
135	410.990
137	410.300
138	409.870
139	410.710
140	409.930
141	410.780
142	410.410
143	409.730
145	410.350
146	410.790
147	410.130
149	410.620
151	409.890
152	410.740
153	410.010
154	410.950
156	410.180
157	410.240
158	410.320
159	410.320
161	410.610
163	410.160
164	410.240
166	410.500
167	409.670
168	410.260
170	409.960
171	409.880
172	409.780
174	409.710
175	410.610
176	410.960
178	410.290
182	410.860
183	410.200
185	410.900
189	409.960
190	410.820
191	409.990
192	410.820
194	409.540
195	410.140
196	409.640
197	410.200
199	410.290
201	410.020
202	410.880
203	409.540
204	410.380
207	410.380
209	410.010
210	410.800
211	410.870
212	409.610
213	410.620
214	410.980
216	410.200
217	410.800
218	409.970
219	409.540
220	410.800
222	410.720
223	409.510
225	410.060
226	409.810
227	410.770
228	410.290
229	410.970
231	409.540
233	409.870
235	410.540
236	410.920
237	410.960
238	410.210
240	410.260
243	409.890
244	410.400
245	410.310
247	410.800
249	410.160
250	410.090
251	410.620
253	410.520
255	409.780
256	410.720
257	410.970
258	409.570
261	410.920
262	409.880
263	409.870
264	410.810
265	410.470
267	410.910
268	409.860
269	409.660
270	409.640
271	410.730
273	409.570
274	410.510
276	410.560
277	409.890
278	409.580
281	410.860
282	410.350
283	409.620
284	410.370
285	410.280
286	410.770
287	410.610
288	410.340
290	409.990
291	410.390
292	410.680
293	409.990
294	409.910
299	409.970
300	409.890
301	410.710
302	410.600
303	410.270
304	409.810
305	409.690
306	410.920
307	410.790
308	410.200
310	410.230
311	410.660
312	410.100
314	410.630
316	410.660
318	410.980
319	410.940
320	410.340
321	410.320
322	410.850
323	410.790
324	410.710
325	410.710
326	410.230
327	410.240
329	410.370
332	409.700
333	409.950
334	410.390
335	410.290
336	410.880
338	410.910
339	410.720
340	410.170
341	409.700
342	410.160
343	410.530
345	409.510
346	409.530
347	410.530
349	410.600
351	409.950
352	409.750
353	410.060
354	410.110
355	409.920
356	410.510
357	409.670
358	410.190
359	409.630
360	410.580
361	409.860
365	409.590
366	409.900
367	409.940
369	409.590
370	409.610
371	410.660
373	409.610
375	409.550
377	410.560
378	410.860
379	410.430
380	409.680
382	410.160
384	410.760
385	409.870
386	410.920
387	410.610
388	410.840
389	409.980
390	409.530
391	409.960
392	410.030
393	409.970
394	410.560
395	409.550
396	410.840
399	410.670
400	410.670
401	410.860
403	409.740
405	409.760
406	410.640
407	409.540
408	410.410
409	410.850
410	410.700
411	410.220
412	410.430
413	410.930
415	410.920
418	410.460
419	410.390
420	410.810
422	410.360
424	409.810
426	409.940
427	410.430
428	410.830
429	410.980
434	409.670
435	410.360
436	410.740
438	410.070
439	410.820
440	410.700
441	410.420
442	410.040
443	409.750
444	410.030
445	410.270
446	410.600
449	409.650
450	409.740
451	410.620
452	410.050
453	410.010
454	410.510
455	409.950
456	410.740
457	410.210
458	409.530
459	409.640
460	409.810
463	410.040
464	409.800
465	410.910
466	409.550
467	409.770
468	409.830
471	409.580
472	411.000
473	410.730
474	409.520
477	410.020
478	410.190
479	410.730
480	410.680
481	410.270
482	410.700
483	409.710
485	409.650
486	409.970
489	410.490
490	410.080
494	410.820
495	410.100
496	410.520
498	410.920
499	410.220
500	409.680
1	411.380
2	412.290
3	412.390
4	412.280
5	411.350
6	412.200
7	411.940
10	411.220
11	411.600
12	412.090
13	411.170
14	412.360
15	411.560
16	411.080
17	411.630
19	411.440
20	412.310
21	412.140
22	411.500
23	412.370
24	411.200
25	412.500
26	412.450
27	411.390
28	412.080
29	412.220
31	411.890
32	411.620
34	412.160
35	411.350
36	411.050
39	411.260
40	411.950
41	411.640
42	412.450
43	411.570
44	411.670
45	412.180
46	411.720
47	411.880
48	411.760
49	412.080
50	412.400
51	412.340
53	411.460
54	411.030
56	411.150
57	412.440
58	411.920
59	411.990
60	411.250
61	412.480
64	411.730
66	411.410
67	412.140
68	411.530
70	411.250
71	412.410
72	411.250
73	411.520
74	411.020
75	411.020
76	411.780
77	411.690
78	411.650
80	412.480
81	412.270
82	412.110
83	412.230
85	411.460
86	411.550
87	411.920
88	412.370
90	411.660
91	411.850
93	411.150
95	411.650
96	411.690
97	411.040
98	411.270
99	411.420
100	412.350
102	411.800
105	411.310
107	411.720
108	412.330
109	411.250
110	411.430
112	412.250
113	411.930
115	412.150
117	411.440
118	411.270
119	411.930
120	412.090
122	411.420
125	411.810
127	411.500
129	411.200
130	411.730
131	411.710
133	411.530
136	411.450
137	412.310
138	411.880
140	411.940
142	412.420
143	411.740
144	411.220
145	412.360
147	412.140
148	411.410
150	411.470
151	411.900
153	412.020
155	411.170
156	412.190
157	412.250
158	412.330
159	412.330
160	411.410
162	411.360
163	412.170
164	412.250
165	411.110
167	411.680
168	412.270
169	411.160
170	411.970
171	411.890
172	411.790
173	411.410
174	411.720
177	411.390
178	412.300
179	411.080
180	411.380
181	411.360
183	412.210
184	411.260
186	411.450
187	411.450
188	411.020
189	411.970
191	412.000
193	411.510
194	411.550
195	412.150
196	411.650
197	412.210
198	411.060
199	412.300
200	411.180
201	412.030
203	411.550
204	412.390
205	411.450
206	411.270
207	412.390
208	411.300
209	412.020
212	411.620
215	411.390
216	412.210
218	411.980
219	411.550
221	411.150
223	411.520
224	411.110
225	412.070
226	411.820
228	412.300
230	411.490
231	411.550
232	411.420
233	411.880
234	411.350
238	412.220
239	411.160
240	412.270
241	411.340
242	411.310
243	411.900
244	412.410
245	412.320
246	411.260
248	411.320
249	412.170
250	412.100
252	411.020
254	411.320
255	411.790
258	411.580
259	411.450
260	411.450
262	411.890
263	411.880
265	412.480
266	411.300
268	411.870
269	411.670
270	411.650
272	411.230
273	411.580
275	411.080
277	411.900
278	411.590
279	411.170
280	411.110
282	412.360
283	411.630
284	412.380
285	412.290
288	412.350
289	411.330
290	412.000
291	412.400
293	412.000
294	411.920
295	411.510
296	411.380
297	411.190
298	411.390
299	411.980
300	411.900
303	412.280
304	411.820
305	411.700
308	412.210
309	411.130
310	412.240
312	412.110
313	411.460
315	411.180
317	411.340
320	412.350
321	412.330
326	412.240
327	412.250
328	411.320
329	412.380
330	411.230
331	411.080
332	411.710
333	411.960
334	412.400
335	412.300
337	411.330
340	412.180
341	411.710
342	412.170
344	411.370
345	411.520
346	411.540
348	411.310
350	411.180
351	411.960
352	411.760
353	412.070
354	412.120
355	411.930
357	411.680
358	412.200
359	411.640
361	411.870
362	411.010
363	411.410
364	411.280
365	411.600
366	411.910
367	411.950
368	411.330
369	411.600
370	411.620
372	411.180
373	411.620
374	411.410
375	411.560
376	411.030
379	412.440
380	411.690
381	411.300
382	412.170
383	411.350
385	411.880
389	411.990
390	411.540
391	411.970
392	412.040
393	411.980
395	411.560
397	411.030
398	411.440
402	411.470
403	411.750
404	411.410
405	411.770
407	411.550
408	412.420
411	412.230
412	412.440
414	411.480
416	411.180
417	411.410
418	412.470
419	412.400
421	411.270
422	412.370
423	411.210
424	411.820
425	411.130
426	411.950
427	412.440
430	411.020
431	411.400
432	411.120
433	411.220
434	411.680
435	412.370
437	411.090
438	412.080
441	412.430
442	412.050
443	411.760
444	412.040
445	412.280
447	411.340
448	411.280
449	411.660
450	411.750
452	412.060
453	412.020
455	411.960
457	412.220
458	411.540
459	411.650
460	411.820
461	411.360
462	411.090
463	412.050
464	411.810
466	411.560
467	411.780
468	411.840
469	411.120
470	411.230
471	411.590
474	411.530
475	411.330
476	411.350
477	412.030
478	412.200
481	412.280
483	411.720
484	411.360
485	411.660
486	411.980
487	411.020
488	411.030
489	412.500
490	412.090
491	411.320
492	411.430
493	411.270
495	412.110
497	411.260
499	412.230
500	411.690
1	413.390
5	413.360
7	413.950
8	412.850
9	412.960
10	413.230
11	413.610
13	413.180
15	413.570
16	413.090
17	413.640
18	412.570
19	413.450
22	413.510
24	413.210
27	413.400
30	412.950
31	413.900
32	413.630
33	412.610
35	413.360
36	413.060
37	412.690
38	412.750
39	413.270
40	413.960
41	413.650
43	413.580
44	413.680
46	413.730
47	413.890
48	413.770
52	412.510
53	413.470
54	413.040
55	412.630
56	413.160
58	413.930
59	414.000
60	413.260
62	412.660
63	412.620
64	413.740
65	412.660
66	413.420
68	413.540
69	412.580
70	413.260
72	413.260
73	413.530
74	413.030
75	413.030
76	413.790
77	413.700
78	413.660
79	412.560
84	412.770
85	413.470
86	413.560
87	413.930
89	412.710
90	413.670
91	413.860
92	412.680
93	413.160
94	412.690
95	413.660
96	413.700
97	413.050
98	413.280
99	413.430
101	412.620
102	413.810
103	412.860
104	412.550
105	413.320
106	412.790
107	413.730
109	413.260
110	413.440
111	412.590
113	413.940
114	412.570
116	412.790
117	413.450
118	413.280
119	413.940
121	412.670
122	413.430
123	412.670
124	412.880
125	413.820
126	412.670
127	413.510
128	412.790
129	413.210
130	413.740
131	413.720
132	412.830
133	413.540
134	412.910
135	413.000
136	413.460
138	413.890
139	412.720
140	413.950
141	412.790
143	413.750
144	413.230
146	412.800
148	413.420
149	412.630
150	413.480
151	413.910
152	412.750
154	412.960
155	413.180
160	413.420
161	412.620
162	413.370
165	413.120
166	412.510
167	413.690
169	413.170
170	413.980
171	413.900
172	413.800
173	413.420
174	413.730
175	412.620
176	412.970
177	413.400
179	413.090
180	413.390
181	413.370
182	412.870
184	413.270
185	412.910
186	413.460
187	413.460
188	413.030
189	413.980
190	412.830
192	412.830
193	413.520
194	413.560
196	413.660
198	413.070
200	413.190
202	412.890
203	413.560
205	413.460
206	413.280
208	413.310
210	412.810
211	412.880
212	413.630
213	412.630
214	412.990
215	413.400
217	412.810
218	413.990
219	413.560
220	412.810
221	413.160
222	412.730
223	413.530
224	413.120
226	413.830
227	412.780
229	412.980
230	413.500
231	413.560
232	413.430
233	413.890
234	413.360
235	412.550
236	412.930
237	412.970
239	413.170
241	413.350
242	413.320
243	413.910
246	413.270
247	412.810
248	413.330
251	412.630
252	413.030
253	412.530
254	413.330
255	413.800
256	412.730
257	412.980
258	413.590
259	413.460
260	413.460
261	412.930
262	413.900
263	413.890
264	412.820
266	413.310
267	412.920
268	413.880
269	413.680
270	413.660
271	412.740
272	413.240
273	413.590
274	412.520
275	413.090
276	412.570
277	413.910
278	413.600
279	413.180
280	413.120
281	412.870
283	413.640
286	412.780
287	412.620
289	413.340
292	412.690
294	413.930
295	413.520
296	413.390
297	413.200
298	413.400
299	413.990
300	413.910
301	412.720
302	412.610
304	413.830
305	413.710
306	412.930
307	412.800
309	413.140
311	412.670
313	413.470
314	412.640
315	413.190
316	412.670
317	413.350
318	412.990
319	412.950
322	412.860
323	412.800
324	412.720
325	412.720
328	413.330
330	413.240
331	413.090
332	413.720
333	413.970
336	412.890
337	413.340
338	412.920
339	412.730
341	413.720
343	412.540
344	413.380
345	413.530
346	413.550
347	412.540
348	413.320
349	412.610
350	413.190
351	413.970
352	413.770
355	413.940
356	412.520
357	413.690
359	413.650
360	412.590
361	413.880
362	413.020
363	413.420
364	413.290
365	413.610
366	413.920
367	413.960
368	413.340
369	413.610
370	413.630
371	412.670
372	413.190
373	413.630
374	413.420
375	413.570
376	413.040
377	412.570
378	412.870
380	413.700
381	413.310
383	413.360
384	412.770
385	413.890
386	412.930
387	412.620
388	412.850
389	414.000
390	413.550
391	413.980
393	413.990
394	412.570
395	413.570
396	412.850
397	413.040
398	413.450
399	412.680
400	412.680
401	412.870
402	413.480
403	413.760
404	413.420
405	413.780
406	412.650
407	413.560
409	412.860
410	412.710
413	412.940
414	413.490
415	412.930
416	413.190
417	413.420
420	412.820
421	413.280
423	413.220
424	413.830
425	413.140
426	413.960
428	412.840
429	412.990
430	413.030
431	413.410
432	413.130
433	413.230
434	413.690
436	412.750
437	413.100
439	412.830
440	412.710
443	413.770
446	412.610
447	413.350
448	413.290
449	413.670
450	413.760
451	412.630
454	412.520
455	413.970
456	412.750
458	413.550
459	413.660
460	413.830
461	413.370
462	413.100
464	413.820
465	412.920
466	413.570
467	413.790
468	413.850
469	413.130
470	413.240
471	413.600
472	413.010
473	412.740
474	413.540
475	413.340
476	413.360
479	412.740
480	412.690
482	412.710
483	413.730
484	413.370
485	413.670
486	413.990
487	413.030
488	413.040
491	413.330
492	413.440
493	413.280
494	412.830
496	412.530
497	413.270
498	412.930
500	413.700
1	415.400
2	414.300
3	414.400
4	414.290
5	415.370
6	414.210
8	414.860
9	414.970
10	415.240
12	414.100
13	415.190
14	414.370
16	415.100
18	414.580
19	415.460
20	414.320
21	414.150
23	414.380
24	415.220
25	414.510
26	414.460
27	415.410
28	414.090
29	414.230
30	414.960
33	414.620
34	414.170
35	415.370
36	415.070
37	414.700
38	414.760
39	415.280
42	414.460
45	414.190
49	414.090
50	414.410
51	414.350
52	414.520
53	415.480
54	415.050
55	414.640
56	415.170
57	414.450
60	415.270
61	414.490
62	414.670
63	414.630
65	414.670
66	415.430
67	414.150
69	414.590
70	415.270
71	414.420
72	415.270
74	415.040
75	415.040
79	414.570
80	414.490
81	414.280
82	414.120
83	414.240
84	414.780
85	415.480
88	414.380
89	414.720
92	414.690
93	415.170
94	414.700
97	415.060
98	415.290
99	415.440
100	414.360
101	414.630
103	414.870
104	414.560
105	415.330
106	414.800
108	414.340
109	415.270
110	415.450
111	414.600
112	414.260
114	414.580
115	414.160
117	415.460
118	415.290
120	414.100
121	414.680
122	415.440
123	414.680
124	414.890
126	414.680
128	414.800
129	415.220
132	414.840
134	414.920
135	415.010
136	415.470
137	414.320
139	414.730
141	414.800
142	414.430
144	415.240
145	414.370
146	414.810
147	414.150
148	415.430
149	414.640
150	415.490
152	414.760
153	414.030
154	414.970
155	415.190
156	414.200
157	414.260
158	414.340
159	414.340
160	415.430
161	414.630
162	415.380
163	414.180
164	414.260
165	415.130
166	414.520
168	414.280
169	415.180
173	415.430
175	414.630
176	414.980
177	415.410
178	414.310
179	415.100
180	415.400
181	415.380
182	414.880
183	414.220
184	415.280
185	414.920
186	415.470
187	415.470
188	415.040
190	414.840
191	414.010
192	414.840
195	414.160
197	414.220
198	415.080
199	414.310
200	415.200
201	414.040
202	414.900
204	414.400
205	415.470
206	415.290
207	414.400
208	415.320
209	414.030
210	414.820
211	414.890
213	414.640
214	415.000
215	415.410
216	414.220
217	414.820
220	414.820
221	415.170
222	414.740
224	415.130
225	414.080
227	414.790
228	414.310
229	414.990
232	415.440
234	415.370
235	414.560
236	414.940
237	414.980
238	414.230
239	415.180
240	414.280
241	415.360
242	415.330
244	414.420
245	414.330
246	415.280
247	414.820
248	415.340
249	414.180
250	414.110
251	414.640
252	415.040
253	414.540
254	415.340
256	414.740
257	414.990
259	415.470
260	415.470
261	414.940
264	414.830
265	414.490
266	415.320
267	414.930
271	414.750
272	415.250
274	414.530
275	415.100
276	414.580
279	415.190
280	415.130
281	414.880
282	414.370
284	414.390
285	414.300
286	414.790
287	414.630
288	414.360
289	415.350
290	414.010
291	414.410
292	414.700
293	414.010
296	415.400
297	415.210
298	415.410
301	414.730
302	414.620
303	414.290
306	414.940
307	414.810
308	414.220
309	415.150
310	414.250
311	414.680
312	414.120
313	415.480
314	414.650
315	415.200
316	414.680
317	415.360
318	415.000
319	414.960
320	414.360
321	414.340
322	414.870
323	414.810
324	414.730
325	414.730
326	414.250
327	414.260
328	415.340
329	414.390
330	415.250
331	415.100
334	414.410
335	414.310
336	414.900
337	415.350
338	414.930
339	414.740
340	414.190
342	414.180
343	414.550
344	415.390
347	414.550
349	414.620
350	415.200
353	414.080
354	414.130
356	414.530
358	414.210
360	414.600
362	415.030
363	415.430
364	415.300
368	415.350
371	414.680
372	415.200
374	415.430
376	415.050
377	414.580
378	414.880
379	414.450
381	415.320
382	414.180
383	415.370
384	414.780
386	414.940
387	414.630
388	414.860
392	414.050
394	414.580
396	414.860
397	415.050
398	415.460
399	414.690
400	414.690
401	414.880
402	415.490
404	415.430
406	414.660
408	414.430
409	414.870
410	414.720
411	414.240
412	414.450
413	414.950
414	415.500
415	414.940
416	415.200
417	415.430
418	414.480
419	414.410
420	414.830
421	415.290
422	414.380
423	415.230
425	415.150
427	414.450
428	414.850
429	415.000
430	415.040
431	415.420
432	415.140
433	415.240
435	414.380
436	414.760
437	415.110
438	414.090
439	414.840
440	414.720
441	414.440
442	414.060
444	414.050
445	414.290
446	414.620
447	415.360
448	415.300
451	414.640
452	414.070
453	414.030
454	414.530
456	414.760
457	414.230
461	415.380
462	415.110
463	414.060
465	414.930
469	415.140
470	415.250
472	415.020
473	414.750
475	415.350
476	415.370
477	414.040
478	414.210
479	414.750
480	414.700
481	414.290
482	414.720
484	415.380
487	415.040
488	415.050
489	414.510
490	414.100
491	415.340
492	415.450
493	415.290
494	414.840
495	414.120
496	414.540
497	415.280
498	414.940
499	414.240
2	416.310
3	416.410
4	416.300
6	416.220
7	415.960
8	416.870
9	416.980
11	415.620
12	416.110
14	416.380
15	415.580
17	415.650
18	416.590
20	416.330
21	416.160
22	415.520
23	416.390
25	416.520
26	416.470
28	416.100
29	416.240
30	416.970
31	415.910
32	415.640
33	416.630
34	416.180
37	416.710
38	416.770
40	415.970
41	415.660
42	416.470
43	415.590
44	415.690
45	416.200
46	415.740
47	415.900
48	415.780
49	416.100
50	416.420
51	416.360
52	416.530
55	416.650
57	416.460
58	415.940
59	416.010
61	416.500
62	416.680
63	416.640
64	415.750
65	416.680
67	416.160
68	415.550
69	416.600
71	416.430
73	415.540
76	415.800
77	415.710
78	415.670
79	416.580
80	416.500
81	416.290
82	416.130
83	416.250
84	416.790
86	415.570
87	415.940
88	416.390
89	416.730
90	415.680
91	415.870
92	416.700
94	416.710
95	415.670
96	415.710
100	416.370
101	416.640
102	415.820
103	416.880
106	416.810
107	415.740
108	416.350
111	416.610
112	416.270
113	415.950
114	416.590
115	416.170
119	415.950
120	416.110
123	416.690
124	416.900
125	415.830
126	416.690
127	415.520
128	416.810
130	415.750
131	415.730
133	415.550
134	416.930
137	416.330
138	415.900
139	416.740
140	415.960
141	416.810
142	416.440
143	415.760
145	416.380
146	416.820
147	416.160
149	416.650
151	415.920
152	416.770
153	416.040
154	416.980
156	416.210
157	416.270
158	416.350
159	416.350
161	416.640
164	416.270
166	416.530
167	415.700
168	416.290
170	415.990
171	415.910
172	415.810
174	415.740
175	416.640
176	416.990
178	416.320
182	416.890
183	416.230
185	416.930
189	415.990
190	416.850
191	416.020
192	416.850
193	415.530
194	415.570
195	416.170
196	415.670
197	416.230
199	416.320
201	416.050
203	415.570
204	416.410
207	416.410
209	416.040
210	416.830
211	416.900
212	415.640
213	416.650
216	416.230
217	416.830
218	416.000
219	415.570
220	416.830
222	416.750
223	415.540
225	416.090
226	415.840
227	416.800
228	416.320
229	417.000
230	415.510
231	415.570
233	415.900
235	416.570
236	416.950
237	416.990
238	416.240
240	416.290
243	415.920
244	416.430
245	416.340
247	416.830
249	416.190
250	416.120
251	416.650
253	416.550
255	415.810
256	416.750
257	417.000
258	415.600
261	416.950
262	415.910
263	415.900
264	416.840
265	416.500
267	416.940
268	415.890
269	415.690
270	415.670
271	416.760
273	415.600
274	416.540
276	416.590
277	415.920
278	415.610
281	416.890
282	416.380
283	415.650
284	416.400
285	416.310
286	416.800
287	416.640
288	416.370
290	416.020
291	416.420
292	416.710
293	416.020
294	415.940
295	415.530
299	416.000
300	415.920
301	416.740
302	416.630
303	416.300
304	415.840
305	415.720
306	416.950
307	416.820
308	416.230
310	416.260
311	416.690
312	416.130
314	416.660
316	416.690
319	416.970
320	416.370
321	416.350
322	416.880
323	416.820
324	416.740
325	416.740
326	416.260
327	416.270
329	416.400
332	415.730
333	415.980
334	416.420
335	416.320
336	416.910
338	416.940
339	416.750
340	416.200
341	415.730
342	416.190
343	416.560
345	415.540
346	415.560
347	416.560
349	416.630
351	415.980
352	415.780
353	416.090
354	416.140
355	415.950
356	416.540
357	415.700
358	416.220
359	415.660
360	416.610
361	415.890
365	415.620
366	415.930
367	415.970
369	415.620
370	415.640
371	416.690
373	415.640
375	415.580
377	416.590
378	416.890
379	416.460
380	415.710
382	416.190
384	416.790
385	415.900
386	416.950
387	416.640
388	416.870
389	416.010
390	415.560
391	415.990
392	416.060
393	416.000
394	416.590
395	415.580
396	416.870
399	416.700
400	416.700
401	416.890
403	415.770
405	415.790
406	416.670
407	415.570
408	416.440
409	416.880
410	416.730
411	416.250
412	416.460
413	416.960
415	416.950
418	416.490
419	416.420
420	416.840
422	416.390
424	415.840
426	415.970
427	416.460
428	416.860
434	415.700
435	416.390
436	416.770
438	416.100
439	416.850
440	416.730
441	416.450
442	416.070
443	415.780
444	416.060
445	416.300
446	416.630
449	415.680
450	415.770
451	416.650
452	416.080
453	416.040
454	416.540
455	415.980
456	416.770
457	416.240
458	415.560
459	415.670
460	415.840
463	416.070
464	415.830
465	416.940
466	415.580
467	415.800
468	415.860
471	415.610
473	416.760
474	415.550
477	416.050
478	416.220
479	416.760
480	416.710
481	416.300
482	416.730
483	415.740
485	415.680
486	416.000
489	416.520
490	416.110
494	416.850
495	416.130
496	416.550
498	416.950
499	416.250
500	415.710
1	417.410
2	418.320
3	418.420
4	418.310
5	417.380
6	418.230
7	417.970
10	417.250
11	417.630
12	418.120
13	417.200
14	418.390
15	417.590
16	417.110
17	417.660
20	418.340
21	418.170
22	417.530
23	418.400
24	417.230
26	418.480
27	417.420
28	418.110
29	418.250
31	417.920
32	417.650
34	418.190
35	417.380
36	417.080
39	417.290
40	417.980
41	417.670
42	418.480
43	417.600
46	417.750
47	417.910
48	417.790
49	418.110
50	418.430
53	417.490
54	417.060
56	417.180
57	418.470
58	417.950
59	418.020
60	417.280
67	418.170
68	417.560
70	417.280
71	418.440
72	417.280
73	417.550
74	417.050
75	417.050
76	417.810
77	417.720
78	417.680
81	418.300
82	418.140
85	417.490
86	417.580
87	417.950
88	418.400
90	417.690
91	417.880
93	417.180
95	417.680
96	417.720
97	417.070
98	417.300
99	417.450
100	418.380
102	417.830
105	417.340
107	417.750
109	417.280
110	417.460
112	418.280
113	417.960
115	418.180
117	417.470
118	417.300
119	417.960
120	418.120
122	417.450
125	417.840
127	417.530
130	417.760
131	417.740
133	417.560
135	417.020
136	417.480
137	418.340
140	417.970
142	418.450
143	417.770
144	417.250
145	418.390
147	418.170
148	417.440
150	417.500
151	417.930
153	418.050
155	417.200
156	418.220
157	418.280
158	418.360
159	418.360
160	417.440
164	418.280
165	417.140
167	417.710
168	418.300
170	418.000
171	417.920
173	417.440
174	417.750
177	417.420
179	417.110
180	417.410
181	417.390
183	418.240
184	417.290
186	417.480
187	417.480
188	417.050
189	418.000
191	418.030
193	417.540
194	417.580
195	418.180
196	417.680
197	418.240
198	417.090
199	418.330
200	417.210
201	418.060
203	417.580
204	418.420
205	417.480
206	417.300
208	417.330
209	418.050
212	417.650
214	417.010
215	417.420
216	418.240
218	418.010
219	417.580
221	417.180
224	417.140
225	418.100
226	417.850
228	418.330
230	417.520
231	417.580
232	417.450
233	417.910
234	417.380
238	418.250
239	417.190
240	418.300
241	417.370
242	417.340
243	417.930
244	418.440
245	418.350
246	417.290
248	417.350
249	418.200
250	418.130
252	417.050
254	417.350
255	417.820
258	417.610
260	417.480
262	417.920
263	417.910
266	417.330
268	417.900
269	417.700
270	417.680
272	417.260
273	417.610
275	417.110
277	417.930
278	417.620
279	417.200
280	417.140
282	418.390
283	417.660
284	418.410
285	418.320
288	418.380
289	417.360
291	418.430
293	418.030
294	417.950
295	417.540
296	417.410
297	417.220
298	417.420
300	417.930
303	418.310
304	417.850
305	417.730
308	418.240
309	417.160
310	418.270
312	418.140
313	417.490
315	417.210
317	417.370
318	417.010
321	418.360
326	418.270
327	418.280
328	417.350
329	418.410
330	417.260
331	417.110
332	417.740
333	417.990
334	418.430
335	418.330
337	417.360
340	418.210
341	417.740
342	418.200
344	417.400
345	417.550
346	417.570
350	417.210
352	417.790
353	418.100
354	418.150
355	417.960
357	417.710
358	418.230
359	417.670
361	417.900
362	417.040
363	417.440
364	417.310
365	417.630
366	417.940
367	417.980
368	417.360
369	417.630
370	417.650
372	417.210
373	417.650
374	417.440
375	417.590
376	417.060
379	418.470
380	417.720
381	417.330
385	417.910
389	418.020
390	417.570
391	418.000
392	418.070
393	418.010
395	417.590
397	417.060
398	417.470
402	417.500
403	417.780
404	417.440
405	417.800
407	417.580
408	418.450
411	418.260
412	418.470
414	417.510
417	417.440
418	418.500
419	418.430
421	417.300
422	418.400
423	417.240
424	417.850
425	417.160
427	418.470
429	417.010
430	417.050
431	417.430
432	417.150
433	417.250
434	417.710
435	418.400
437	417.120
438	418.110
441	418.460
442	418.080
443	417.790
444	418.070
445	418.310
447	417.370
448	417.310
449	417.690
450	417.780
452	418.090
453	418.050
457	418.250
458	417.570
459	417.680
460	417.850
461	417.390
462	417.120
463	418.080
464	417.840
466	417.590
467	417.810
468	417.870
469	417.150
470	417.260
471	417.620
472	417.030
474	417.560
475	417.360
476	417.380
477	418.060
478	418.230
481	418.310
483	417.750
484	417.390
485	417.690
486	418.010
487	417.050
488	417.060
490	418.120
491	417.350
492	417.460
493	417.300
495	418.140
497	417.290
499	418.260
500	417.720
1	419.420
5	419.390
7	419.980
8	418.880
9	418.990
11	419.640
16	419.120
17	419.670
18	418.600
22	419.540
24	419.240
25	418.530
27	419.430
31	419.930
32	419.660
33	418.640
35	419.390
38	418.780
39	419.300
40	419.990
41	419.680
43	419.610
46	419.760
47	419.920
48	419.800
52	418.540
54	419.070
55	418.660
56	419.190
58	419.960
60	419.290
61	418.510
65	418.690
68	419.570
69	418.610
70	419.290
72	419.290
75	419.060
76	419.820
77	419.730
78	419.690
79	418.590
80	418.510
84	418.800
86	419.590
87	419.960
89	418.740
90	419.700
91	419.890
92	418.710
94	418.720
95	419.690
96	419.730
98	419.310
101	418.650
103	418.890
105	419.350
107	419.760
109	419.290
110	419.470
111	418.620
114	418.600
117	419.480
118	419.310
119	419.970
122	419.460
123	418.700
124	418.910
125	419.850
126	418.700
127	419.540
128	418.820
133	419.570
134	418.940
135	419.030
136	419.490
139	418.750
140	419.980
141	418.820
143	419.780
144	419.260
146	418.830
149	418.660
150	419.510
151	419.940
152	418.780
154	418.990
155	419.210
160	419.450
161	418.650
165	419.150
166	418.540
167	419.720
171	419.930
173	419.450
174	419.760
175	418.650
176	419.000
180	419.420
181	419.400
182	418.900
184	419.300
185	418.940
186	419.490
187	419.490
188	419.060
190	418.860
192	418.860
196	419.690
198	419.100
200	419.220
203	419.590
205	419.490
206	419.310
210	418.840
211	418.910
212	419.660
213	418.660
214	419.020
215	419.430
217	418.840
219	419.590
220	418.840
221	419.190
222	418.760
226	419.860
227	418.810
229	419.010
230	419.530
231	419.590
232	419.460
233	419.920
234	419.390
235	418.580
236	418.960
237	419.000
239	419.200
241	419.380
242	419.350
243	419.940
246	419.300
247	418.840
248	419.360
251	418.660
252	419.060
253	418.560
254	419.360
255	419.830
256	418.760
257	419.010
258	419.620
261	418.960
263	419.920
264	418.850
265	418.510
266	419.340
267	418.950
269	419.710
270	419.690
271	418.770
272	419.270
274	418.550
275	419.120
276	418.600
277	419.940
278	419.630
279	419.210
280	419.150
281	418.900
283	419.670
286	418.810
287	418.650
289	419.370
292	418.720
295	419.550
296	419.420
297	419.230
298	419.430
300	419.940
301	418.750
302	418.640
305	419.740
306	418.960
307	418.830
309	419.170
311	418.700
313	419.500
314	418.670
315	419.220
316	418.700
317	419.380
318	419.020
319	418.980
322	418.890
323	418.830
324	418.750
325	418.750
328	419.360
330	419.270
332	419.750
333	420.000
336	418.920
337	419.370
338	418.950
339	418.760
341	419.750
343	418.570
344	419.410
345	419.560
346	419.580
349	418.640
355	419.970
356	418.550
357	419.720
360	418.620
361	419.910
363	419.450
364	419.320
365	419.640
368	419.370
370	419.660
371	418.700
375	419.600
376	419.070
377	418.600
378	418.900
381	419.340
384	418.800
385	419.920
387	418.650
388	418.880
394	418.600
399	418.710
400	418.710
401	418.900
403	419.790
405	419.810
406	418.680
407	419.590
413	418.970
414	419.520
415	418.960
420	418.850
421	419.310
424	419.860
425	419.170
428	418.870
429	419.020
430	419.060
431	419.440
432	419.160
433	419.260
434	419.720
436	418.780
437	419.130
439	418.860
440	418.740
443	419.800
446	418.640
447	419.380
448	419.320
450	419.790
451	418.660
454	418.550
456	418.780
458	419.580
459	419.690
460	419.860
461	419.400
465	418.950
466	419.600
468	419.880
469	419.160
472	419.040
473	418.770
474	419.570
476	419.390
479	418.770
483	419.760
484	419.400
488	419.070
489	418.530
491	419.360
492	419.470
493	419.310
496	418.560
497	419.300
498	418.960
500	419.730
1	421.430
2	420.330
5	421.400
6	420.240
12	420.130
14	420.400
16	421.130
18	420.610
25	420.540
26	420.490
27	421.440
28	420.120
29	420.260
33	420.650
34	420.200
38	420.790
39	421.310
42	420.490
49	420.120
50	420.440
55	420.670
57	420.480
59	420.030
60	421.300
65	420.700
67	420.180
69	420.620
70	421.300
71	420.450
75	421.070
80	420.520
82	420.150
88	420.410
92	420.720
94	420.730
98	421.320
100	420.390
101	420.660
103	420.900
109	421.300
111	420.630
112	420.290
114	420.610
115	420.190
118	421.320
123	420.710
124	420.920
134	420.950
135	421.040
136	421.500
137	420.350
139	420.760
144	421.270
145	420.400
146	420.840
147	420.180
149	420.670
152	420.790
153	420.060
157	420.290
158	420.370
160	421.460
161	420.660
164	420.290
166	420.550
168	420.310
170	420.010
173	421.460
176	421.010
180	421.430
182	420.910
183	420.250
184	421.310
186	421.500
189	420.010
190	420.870
191	420.040
195	420.190
197	420.250
198	421.110
199	420.340
200	421.230
201	420.070
204	420.430
209	420.060
210	420.850
211	420.920
213	420.670
214	421.030
215	421.440
216	420.250
217	420.850
218	420.020
220	420.850
227	420.820
232	421.470
234	421.400
235	420.590
236	420.970
237	421.010
238	420.260
240	420.310
241	421.390
242	421.360
244	420.450
245	420.360
246	421.310
247	420.850
249	420.210
256	420.770
257	421.020
264	420.860
265	420.520
271	420.780
275	421.130
276	420.610
279	421.220
280	421.160
282	420.400
286	420.820
288	420.390
291	420.440
292	420.730
297	421.240
301	420.760
303	420.320
307	420.840
308	420.250
309	421.180
310	420.280
311	420.710
312	420.150
315	421.230
317	421.390
319	420.990
321	420.370
322	420.900
326	420.280
329	420.420
334	420.440
336	420.930
338	420.960
342	420.210
343	420.580
344	421.420
353	420.110
354	420.160
358	420.240
360	420.630
364	421.330
371	420.710
376	421.080
378	420.910
379	420.480
381	421.350
389	420.030
391	420.010
393	420.020
394	420.610
399	420.720
406	420.690
411	420.270
412	420.480
415	420.970
418	420.510
419	420.440
422	420.410
425	421.180
427	420.480
430	421.070
431	421.450
433	421.270
435	420.410
436	420.790
438	420.120
440	420.750
441	420.470
444	420.080
446	420.650
448	421.330
454	420.560
456	420.790
457	420.260
461	421.410
463	420.090
472	421.050
477	420.070
478	420.240
484	421.410
486	420.020
488	421.080
490	420.130
491	421.370
495	420.150
496	420.570
499	420.270
2	422.340
6	422.250
12	422.140
22	421.550
25	422.550
28	422.130
31	421.940
42	422.500
43	421.620
46	421.770
49	422.130
50	422.450
55	422.680
58	421.970
59	422.040
65	422.710
71	422.460
78	421.700
80	422.530
90	421.710
94	422.740
95	421.700
101	422.670
103	422.910
112	422.300
127	421.550
133	421.580
134	422.960
139	422.770
140	421.990
143	421.790
149	422.680
150	421.520
167	421.730
170	422.020
174	421.770
189	422.020
190	422.880
196	421.700
199	422.350
209	422.070
212	421.670
213	422.680
216	422.260
218	422.030
219	421.600
233	421.930
247	422.860
249	422.220
255	421.840
258	421.630
263	421.930
264	422.870
269	421.720
270	421.700
276	422.620
278	421.640
282	422.410
291	422.450
292	422.740
301	422.770
313	421.510
319	423.000
321	422.380
332	421.760
333	422.010
336	422.940
343	422.590
346	421.590
353	422.120
355	421.980
357	421.730
358	422.250
379	422.490
385	421.930
389	422.040
391	422.020
394	422.620
399	422.730
407	421.600
411	422.280
412	422.490
414	421.530
419	422.450
434	421.730
435	422.420
436	422.800
441	422.480
443	421.810
444	422.090
450	421.800
454	422.570
456	422.800
457	422.270
463	422.100
468	421.890
477	422.080
478	422.250
483	421.770
490	422.140
495	422.160
496	422.580
500	421.740
46	423.780
49	424.140
58	423.980
59	424.050
60	423.310
71	424.470
95	423.710
98	423.330
118	423.330
127	423.560
133	423.590
135	423.050
173	423.470
174	423.780
186	423.510
199	424.360
214	423.040
215	423.450
218	424.040
234	423.410
237	423.020
246	423.320
263	423.940
297	423.250
332	423.770
376	423.090
381	423.360
385	423.940
389	424.050
414	423.540
419	424.460
433	423.280
435	424.430
444	424.100
448	423.340
461	423.420
468	423.900
472	423.060
477	424.090
488	423.090
490	424.150
65	424.720
80	424.540
101	424.680
127	425.570
133	425.600
139	424.780
173	425.480
186	425.520
190	424.890
213	424.690
234	425.420
247	424.870
319	425.010
336	424.950
381	425.370
436	424.810
443	424.760
456	424.810
213	426.700
319	427.020
435	426.440
477	426.100
241	490.380
150	490.880
406	490.700
490	492.000
72	492.300
143	492.850
197	492.760
202	492.620
211	492.060
219	492.500
404	492.830
459	493.350
461	492.180
468	493.170
3	494.190
54	494.570
145	493.880
171	493.680
295	494.690
306	494.290
417	493.690
427	494.600
476	494.080
480	494.950
1	495.810
4	496.380
9	495.150
47	495.220
113	496.310
192	495.990
197	496.090
198	496.010
207	495.100
293	495.700
353	495.480
364	496.260
404	496.250
417	495.700
461	495.040
488	495.670
494	496.000
3	497.050
24	497.280
31	497.530
53	496.920
65	497.470
79	497.700
95	496.550
106	497.690
127	497.860
133	496.580
151	496.830
158	497.170
170	497.610
174	497.450
234	497.830
268	497.990
269	497.540
291	497.010
310	497.900
317	497.610
334	497.640
408	497.670
413	497.970
437	496.780
455	497.920
466	497.510
469	497.660
479	497.720
4	499.170
15	499.220
17	499.470
21	498.660
32	499.230
33	499.390
40	498.800
43	499.240
53	499.110
58	498.980
64	498.130
95	499.110
113	498.760
128	499.350
133	498.590
151	498.910
181	498.190
196	498.330
207	498.010
216	499.070
221	498.710
231	498.670
239	498.980
240	499.400
253	498.090
283	499.200
297	498.480
311	498.600
319	498.800
321	499.110
349	498.950
365	498.250
381	498.770
382	498.550
390	499.030
399	499.310
400	499.320
424	499.260
433	499.190
438	498.350
460	498.730
470	498.080
478	498.720
481	498.300
497	498.230
1	500.160
13	500.210
21	500.670
37	500.520
49	500.170
68	499.730
70	500.370
79	500.190
106	500.640
107	500.070
127	499.870
133	500.600
134	500.170
147	500.860
151	500.920
157	500.340
158	499.760
165	499.910
178	500.380
180	500.770
181	500.200
195	500.640
196	500.980
197	499.790
204	499.840
205	499.930
232	499.990
238	500.740
253	500.100
254	500.000
262	499.860
265	500.830
281	500.690
288	500.730
308	500.950
310	500.810
311	500.940
319	500.810
328	499.610
331	500.080
332	500.390
334	500.990
341	499.540
354	499.820
359	499.780
364	499.890
365	500.680
379	499.750
397	500.930
403	500.260
408	500.390
410	500.820
418	499.560
431	500.140
434	499.670
435	500.850
438	500.830
440	499.700
441	500.750
443	499.990
451	500.550
460	500.740
462	500.230
464	500.150
469	500.440
478	500.730
487	499.560
497	500.710
4	501.840
8	501.170
12	502.500
23	501.880
30	502.030
33	502.380
34	501.190
40	501.660
45	501.720
49	502.180
53	501.290
58	501.570
65	501.070
68	502.310
70	502.380
77	502.320
81	501.150
86	501.510
91	501.610
92	501.850
95	501.390
103	502.090
109	502.360
120	501.710
125	501.600
127	501.880
128	501.360
143	502.010
144	502.430
152	501.760
153	501.180
155	502.080
157	502.360
158	501.960
159	502.040
160	501.500
161	502.050
162	502.040
163	501.640
173	501.630
174	501.160
181	502.210
183	502.390
188	501.490
190	502.370
201	502.020
204	501.850
205	501.940
209	501.140
216	501.080
217	501.340
221	502.170
223	502.090
232	502.000
237	501.290
240	501.690
244	502.060
251	501.250
253	502.110
254	502.490
282	502.160
283	502.330
294	502.310
295	501.530
296	501.920
297	501.020
307	502.320
321	502.090
328	501.620
329	501.410
330	501.510
333	501.850
347	502.040
349	501.520
351	501.090
356	501.950
359	502.440
368	502.400
371	501.760
374	502.110
375	501.690
378	501.920
379	501.760
381	501.500
382	501.200
391	501.890
393	501.130
399	502.140
400	501.380
406	502.360
409	501.490
415	501.600
424	501.270
426	501.440
428	501.780
429	502.410
430	501.940
431	502.190
432	501.860
436	502.010
447	501.110
455	502.310
456	501.740
470	501.300
481	501.330
483	502.100
485	501.720
487	501.570
492	501.630
494	501.550
1	502.980
4	503.850
8	503.980
10	503.370
13	502.870
14	502.580
17	503.510
21	502.680
22	502.680
23	503.890
24	502.740
31	502.840
34	503.200
37	502.530
40	503.780
44	502.560
45	503.790
46	502.990
47	502.830
51	503.780
53	503.300
55	502.640
57	502.700
60	503.340
63	503.760
71	502.530
76	503.290
78	503.750
81	503.620
86	503.520
92	503.860
94	503.130
95	503.400
97	503.980
107	503.320
118	503.650
120	503.980
126	503.910
127	503.890
128	503.370
133	502.610
139	503.330
146	503.090
147	502.870
152	503.770
158	503.980
160	503.510
163	503.650
173	503.640
174	503.500
176	503.840
180	502.780
182	503.850
187	503.560
195	502.650
196	502.990
199	503.880
204	503.860
209	503.150
214	502.910
216	503.090
217	503.350
218	503.800
220	503.500
230	503.570
234	502.590
236	504.000
240	503.700
248	503.160
251	503.260
252	503.570
262	502.580
263	502.910
265	502.840
273	503.730
275	502.840
276	504.000
277	503.170
278	503.030
279	503.400
281	503.670
284	503.830
296	503.930
300	503.010
305	503.950
311	502.950
314	503.680
317	503.570
318	502.830
322	502.990
328	503.630
333	503.860
335	502.910
341	502.880
342	503.380
346	502.950
354	503.080
355	503.000
362	503.940
364	503.280
366	503.900
371	503.770
375	503.700
378	503.930
379	503.770
381	503.840
382	503.400
385	503.340
391	503.900
393	503.350
397	503.170
398	502.630
400	503.390
401	503.560
403	502.670
407	503.550
409	503.500
416	502.840
422	503.400
424	503.280
426	503.450
432	503.870
434	502.530
435	503.500
438	503.880
440	502.970
441	502.760
443	503.070
447	503.120
448	503.330
451	502.560
456	503.750
457	503.210
460	502.750
466	503.540
470	503.310
474	503.090
478	503.110
481	503.760
482	503.160
485	503.960
487	503.580
488	503.450
492	503.640
497	502.720
498	503.420
7	505.300
10	505.380
12	504.700
13	504.880
14	504.590
20	505.340
21	504.690
22	505.030
24	504.750
25	504.920
30	504.040
31	504.860
33	504.390
34	505.210
35	505.330
37	504.540
41	505.160
42	504.660
46	505.000
47	505.010
49	504.190
53	505.310
55	504.650
57	504.710
58	505.370
60	505.350
61	505.040
64	504.380
68	505.150
69	504.910
70	504.390
71	504.780
72	504.840
74	504.190
76	505.300
83	504.030
84	504.190
85	505.090
91	504.480
95	505.410
100	504.890
103	504.100
105	505.230
107	505.340
108	504.530
109	504.370
111	504.680
114	504.130
117	504.570
121	504.690
123	504.620
124	504.690
128	505.380
130	505.430
131	505.380
132	505.200
133	504.620
135	504.670
137	504.860
138	505.260
139	505.340
140	505.500
144	504.440
146	505.330
147	504.880
149	504.600
154	505.160
157	504.370
159	504.490
161	504.640
162	504.050
165	504.330
169	505.140
180	504.790
181	504.660
183	504.400
185	504.860
186	505.220
189	505.050
190	504.380
195	504.730
196	505.000
198	504.200
200	505.480
201	504.030
209	505.160
212	505.310
214	505.100
216	505.100
217	505.360
224	504.730
226	504.940
232	504.010
233	505.280
235	504.790
239	504.040
242	504.090
244	504.070
251	505.270
253	504.120
254	504.500
258	505.030
260	504.740
261	505.330
262	504.590
263	505.420
264	504.130
265	504.850
267	504.690
268	504.890
274	504.450
275	504.850
277	505.180
278	505.220
280	504.490
282	504.290
283	505.060
285	504.920
286	504.640
294	504.390
300	505.020
307	504.330
311	504.960
312	504.210
318	504.840
320	504.350
321	504.100
323	505.120
325	504.470
329	504.330
330	504.010
335	504.920
341	505.010
342	505.390
344	504.890
346	504.960
351	504.780
355	505.010
356	504.790
358	504.760
359	504.450
361	504.430
365	505.080
368	504.410
369	504.640
373	505.170
385	505.350
389	505.330
395	504.670
397	505.180
398	504.640
399	504.650
402	504.980
403	505.280
406	504.370
412	504.040
415	504.790
420	505.130
422	505.410
424	505.290
426	505.460
427	504.780
428	504.670
429	504.420
431	504.200
433	504.280
434	504.810
436	504.020
437	504.580
440	505.120
441	504.770
447	505.130
449	504.780
451	504.570
455	504.320
457	505.220
458	504.800
469	505.430
470	505.320
471	504.620
473	504.120
474	505.100
478	505.120
482	505.170
483	504.110
486	504.690
489	504.420
491	504.730
497	504.730
2	506.580
4	505.860
12	506.710
13	506.890
14	506.600
17	506.440
18	505.610
23	505.900
24	506.760
25	506.930
26	506.550
29	506.710
30	506.050
31	506.870
33	506.400
36	506.420
37	506.550
38	506.320
39	506.280
40	505.790
42	506.670
43	506.340
45	505.800
48	506.850
49	506.200
51	505.790
55	506.660
57	506.720
59	506.100
62	505.530
63	505.770
65	506.090
66	506.260
69	506.920
70	506.400
71	506.790
72	506.850
74	506.590
75	506.700
77	506.300
78	505.760
80	506.750
82	506.920
83	506.040
84	506.200
86	505.530
90	506.280
91	506.490
92	505.870
93	505.910
96	505.800
97	505.990
100	506.900
102	505.900
103	506.110
108	506.540
109	506.380
111	506.690
112	507.000
114	506.140
115	506.710
117	506.580
120	505.990
121	506.700
123	506.630
124	506.700
125	505.890
126	505.920
127	505.900
133	506.630
135	506.680
136	506.400
137	506.870
144	506.450
145	506.740
147	506.890
149	506.610
150	506.360
152	505.780
155	506.810
156	506.330
157	506.380
158	505.990
159	506.500
160	505.520
161	506.650
162	506.060
163	505.660
166	506.810
170	506.590
173	505.650
174	505.510
180	506.800
181	506.670
182	505.860
183	506.410
185	506.870
187	506.070
190	506.390
191	506.870
193	506.770
195	506.990
198	506.210
201	506.040
204	505.870
206	506.240
210	506.180
211	505.710
213	506.900
215	506.350
218	505.810
220	505.510
221	506.680
222	506.280
224	506.740
226	506.950
228	506.730
229	506.420
230	506.490
232	506.020
234	505.820
235	506.800
236	506.010
238	506.240
239	506.230
240	505.740
242	506.100
244	506.080
249	505.940
250	505.870
252	505.580
253	506.130
254	506.510
255	505.540
257	505.870
260	506.750
262	506.600
264	506.140
265	506.860
266	506.910
267	506.700
271	506.960
273	505.740
274	506.460
275	506.860
276	506.490
279	505.760
280	506.500
281	505.680
282	506.300
285	506.930
286	506.650
287	505.710
289	505.520
292	506.840
294	506.400
295	506.570
296	505.940
303	506.680
304	506.130
305	506.120
307	506.340
308	506.500
311	506.970
312	506.220
313	505.800
314	505.690
316	505.730
317	505.580
318	506.850
321	506.110
322	506.330
325	506.480
328	505.640
329	506.950
330	506.020
333	505.870
334	506.010
335	506.930
336	506.040
337	505.850
339	506.760
344	506.900
346	506.970
347	506.840
352	506.600
356	506.800
357	505.760
358	506.770
359	506.460
362	505.950
364	506.230
366	505.910
368	506.420
369	506.650
370	505.850
371	505.780
374	506.790
375	505.710
376	506.970
378	505.940
379	505.780
380	506.060
382	505.980
387	506.240
388	505.560
391	505.910
395	506.680
396	506.300
398	506.650
399	506.660
402	506.990
406	506.380
407	505.560
408	506.560
409	505.510
410	505.700
411	506.970
412	506.130
414	505.740
416	505.610
418	506.880
423	505.800
427	506.790
428	506.680
429	506.430
431	506.210
433	506.290
434	506.820
435	505.510
436	506.030
437	506.590
438	505.890
441	506.780
442	506.140
443	506.180
444	506.920
445	505.810
448	505.660
449	506.790
450	506.050
451	506.580
455	506.330
456	505.760
458	506.810
460	506.290
461	505.800
464	505.850
466	505.550
471	506.630
473	506.380
477	506.540
480	505.590
481	505.770
483	506.120
484	506.210
485	505.970
487	505.590
488	505.680
489	506.430
491	506.740
492	505.650
495	506.740
1	507.980
3	508.050
4	507.870
7	507.310
8	507.820
9	508.330
10	507.390
16	507.220
18	507.620
22	507.040
23	507.910
28	508.280
30	508.060
32	507.510
33	508.410
35	507.460
36	508.430
38	508.330
39	508.290
40	507.800
41	507.170
45	507.810
46	507.010
47	507.020
50	507.130
51	507.800
52	507.930
54	507.040
58	508.430
60	507.360
61	507.050
62	507.540
63	507.780
65	508.340
66	508.270
67	508.010
68	507.160
70	508.410
76	507.310
77	508.310
78	507.770
83	508.050
84	508.210
85	507.100
86	507.540
88	507.920
89	507.730
90	508.290
91	508.500
92	507.880
93	507.920
94	507.120
95	507.420
96	508.050
97	508.000
98	507.410
99	507.940
101	507.130
102	507.910
103	508.120
105	507.240
107	507.350
109	508.390
114	508.150
119	508.390
120	508.000
125	507.900
126	507.930
127	507.910
128	507.390
129	507.110
130	507.440
131	507.390
132	507.210
134	507.950
136	508.410
138	507.270
139	507.350
140	507.510
141	508.070
142	507.910
143	507.140
144	508.460
146	507.340
150	508.370
152	507.790
154	507.170
156	508.340
157	508.390
158	508.000
160	507.530
162	508.070
163	507.670
164	508.420
165	507.820
167	508.170
168	507.600
169	507.150
173	507.660
174	507.520
175	508.380
176	507.430
182	507.870
183	508.420
186	507.230
187	508.080
189	507.060
190	508.400
194	507.100
197	507.310
198	508.220
200	507.490
201	508.050
202	507.390
203	507.090
204	507.880
206	508.250
207	507.920
208	508.470
209	507.170
210	508.190
211	507.720
212	507.320
214	507.110
215	508.360
216	507.110
217	507.370
218	507.820
220	507.520
222	508.290
223	507.510
225	507.060
227	508.410
229	508.430
230	508.500
232	508.030
233	507.390
234	507.830
236	508.020
238	508.450
239	508.240
240	508.260
241	507.710
242	508.110
244	508.090
250	507.880
251	507.280
252	507.590
253	508.140
255	507.550
257	507.880
258	507.090
261	507.340
263	507.430
264	508.150
268	507.070
269	507.100
270	507.670
272	508.210
273	507.750
274	508.470
276	508.500
277	507.190
278	507.230
279	507.770
281	507.690
282	508.310
283	507.130
287	507.720
288	507.440
294	508.410
298	508.110
300	507.030
302	507.540
304	508.140
305	508.130
306	507.380
307	508.350
310	508.200
312	508.230
313	507.810
314	507.700
316	507.740
317	507.590
320	508.470
321	508.120
322	508.340
323	507.130
325	508.490
327	507.410
328	507.650
330	508.030
333	507.880
334	508.020
336	508.050
337	507.860
341	507.020
342	507.400
343	507.450
345	507.300
348	507.580
351	507.090
353	507.270
355	507.020
357	507.770
359	508.470
361	507.450
362	507.960
363	507.080
364	508.240
365	507.470
366	507.920
368	508.430
370	507.860
371	507.790
373	507.930
375	507.720
378	507.950
379	507.790
380	508.070
382	507.990
384	508.460
385	507.360
387	508.250
388	507.570
391	507.920
392	507.400
393	507.170
394	507.490
396	508.310
397	507.190
403	507.290
406	508.390
407	507.570
409	507.520
410	507.710
412	508.140
414	507.750
415	508.340
416	507.620
417	507.430
420	507.140
422	507.420
423	507.810
424	507.300
425	508.320
426	507.470
429	508.440
430	507.240
431	508.220
432	508.390
433	508.300
435	507.520
436	508.040
438	507.900
439	507.470
440	507.130
442	508.150
443	508.250
445	507.820
446	507.030
447	507.140
448	507.670
450	508.060
452	507.040
453	507.320
454	507.130
455	508.340
456	507.770
457	507.230
460	508.440
461	507.810
463	507.880
464	507.860
465	507.620
466	507.560
467	508.340
468	507.420
469	507.440
470	507.330
473	508.390
474	507.110
478	507.130
479	508.080
480	507.600
481	507.780
482	507.180
483	508.130
484	508.220
485	507.980
486	507.010
487	507.600
488	507.690
489	508.440
490	507.630
492	507.660
493	507.460
494	508.140
496	507.970
499	507.940
500	507.960
1	509.990
2	508.590
4	509.880
5	509.600
6	509.130
7	509.320
10	509.400
11	509.400
12	508.720
13	508.900
14	508.610
16	509.230
17	508.640
18	509.630
20	508.910
22	509.050
23	509.920
24	508.770
25	508.940
26	508.560
27	509.370
29	508.720
31	508.880
32	509.520
35	509.470
37	508.560
40	509.810
41	509.180
42	508.680
43	508.670
45	509.820
46	509.020
47	509.030
48	508.860
50	509.140
51	509.810
52	509.940
53	508.730
54	509.330
55	508.670
56	509.480
57	508.730
59	508.770
60	509.370
61	509.060
62	509.550
63	509.790
64	508.820
68	509.170
69	508.930
71	508.800
72	508.860
74	508.600
75	508.710
76	509.320
78	509.780
79	509.330
80	508.760
81	509.310
82	508.930
85	509.110
86	509.550
87	509.560
88	509.930
89	509.740
92	509.890
93	509.930
94	509.530
95	509.430
99	509.950
100	508.910
101	509.140
102	509.920
104	509.650
105	509.250
106	509.980
107	509.360
108	508.550
110	509.070
111	508.700
112	509.010
113	509.410
115	508.720
117	508.590
118	508.970
121	508.710
122	509.870
123	508.640
124	508.710
125	509.910
126	509.940
127	509.920
128	509.400
129	509.120
130	509.450
131	509.400
132	509.220
133	508.640
134	509.960
135	508.690
137	508.880
138	509.280
139	509.360
140	509.520
142	509.920
143	509.890
145	508.750
146	509.350
147	508.900
148	509.740
149	508.620
151	509.490
152	509.800
154	509.180
155	508.850
159	508.510
160	509.540
161	508.660
163	509.680
165	509.830
166	508.820
168	509.610
169	509.160
170	508.600
171	509.290
172	508.790
173	509.670
174	509.530
176	509.440
178	508.670
180	508.810
181	508.680
182	509.880
185	508.880
186	509.240
189	509.070
191	508.880
192	509.940
193	508.780
194	509.110
195	509.000
197	509.320
200	509.500
202	509.400
203	509.100
204	509.890
205	509.670
207	509.930
209	509.180
211	509.730
212	509.330
213	508.910
214	509.120
216	509.120
217	509.380
218	509.830
219	509.290
220	509.530
221	508.690
223	509.520
224	508.750
225	509.070
226	508.960
228	508.740
231	508.830
233	509.400
234	509.840
235	508.810
241	509.720
245	509.210
246	508.720
248	509.030
249	508.590
250	509.890
251	509.290
252	509.600
254	508.520
255	509.560
256	508.830
257	509.890
258	509.100
259	508.880
260	508.760
261	509.350
262	508.610
263	509.440
265	508.870
266	508.920
267	508.710
268	509.080
269	509.110
270	509.680
271	508.970
273	509.760
275	508.870
277	509.200
278	509.240
279	509.780
280	508.510
281	509.700
283	509.140
284	509.200
285	508.940
286	508.660
287	509.730
288	509.450
289	508.610
290	509.070
291	509.220
292	508.850
295	509.540
296	509.580
299	509.430
300	509.040
301	509.890
302	509.550
303	508.880
306	509.390
308	508.920
309	509.450
311	508.980
313	509.820
314	509.710
316	509.750
317	509.600
318	508.860
319	509.290
323	509.140
324	509.820
326	509.920
327	509.420
328	509.660
329	508.960
333	509.890
335	508.940
337	509.870
338	509.450
339	508.770
340	509.430
341	509.030
342	509.410
343	509.460
344	508.910
345	509.310
346	508.980
347	508.850
348	509.590
350	509.280
351	509.100
352	508.610
353	509.280
355	509.030
356	508.810
357	509.780
358	508.780
362	509.970
363	509.090
365	509.480
366	509.930
367	509.040
369	508.660
370	509.870
371	509.800
373	509.940
374	508.800
375	509.730
376	508.980
377	509.050
378	509.960
382	510.000
385	509.370
386	508.770
388	509.580
391	509.930
392	509.410
393	509.180
395	508.690
397	509.200
398	508.660
399	508.670
402	509.000
403	509.300
404	508.810
407	509.580
408	508.570
409	509.530
410	509.720
411	508.980
414	509.760
416	509.630
417	509.440
418	508.890
419	508.850
420	509.150
421	509.100
422	509.430
423	509.820
424	509.310
426	509.480
427	508.800
428	508.690
430	509.420
434	508.830
435	509.530
437	508.600
438	509.910
439	509.480
440	509.140
441	508.790
444	508.930
445	509.830
446	509.040
447	509.150
448	509.680
449	508.800
451	508.590
452	509.050
453	509.330
454	509.140
456	509.780
457	509.240
458	508.820
461	509.820
463	509.890
464	509.870
465	509.630
466	509.570
468	509.430
469	509.450
470	509.340
471	508.640
472	509.160
474	509.120
475	509.690
477	508.550
478	509.140
480	509.610
481	509.790
482	509.190
485	509.990
486	509.020
487	509.610
488	509.700
490	509.640
491	508.750
492	509.670
493	509.470
495	508.750
496	509.980
498	508.560
499	509.950
500	509.970
2	510.600
3	510.060
6	511.140
7	511.330
8	510.320
9	510.340
10	511.410
11	511.410
12	510.730
13	510.910
14	510.620
16	511.240
17	510.650
19	511.160
20	510.920
22	511.060
24	510.780
25	510.950
26	510.570
27	511.380
28	510.290
29	510.730
30	510.070
31	510.890
33	510.420
34	510.500
35	511.480
36	510.440
37	510.570
38	510.340
39	510.300
41	511.190
42	510.690
43	510.680
44	510.100
46	511.030
47	511.040
48	510.870
50	511.150
53	510.740
54	511.340
55	510.680
56	511.490
57	510.740
58	510.440
59	510.780
60	511.380
61	511.070
64	510.830
65	510.350
66	510.280
67	510.020
68	511.180
69	510.940
70	510.420
71	510.810
72	510.870
74	510.610
75	510.720
76	511.330
77	510.320
79	511.340
80	510.770
81	511.320
82	510.940
83	510.060
84	510.220
85	511.120
90	510.300
91	510.510
95	511.440
96	510.060
97	510.010
98	510.400
100	510.920
101	511.150
103	510.130
105	511.260
107	511.370
108	510.560
109	510.400
110	511.080
111	510.710
112	511.020
113	511.420
114	510.160
115	510.730
117	510.600
118	510.980
119	510.400
120	510.010
121	510.720
123	510.650
124	510.720
128	511.410
129	511.130
130	511.460
131	511.410
132	511.230
133	510.650
135	510.700
136	510.420
137	510.890
138	511.290
139	511.370
141	510.080
144	510.470
145	510.760
146	511.360
147	510.910
149	510.630
150	510.380
151	511.500
153	511.250
154	511.190
155	510.860
156	510.350
157	510.400
158	510.010
159	510.520
161	510.670
162	510.080
164	510.430
166	510.830
167	510.180
169	511.170
170	510.610
171	511.300
172	510.800
175	510.390
176	511.450
177	511.000
178	510.680
179	510.930
180	510.820
181	510.690
183	510.430
185	510.890
186	511.250
187	510.090
189	511.080
190	510.410
191	510.890
193	510.790
194	511.120
195	511.010
196	510.140
197	511.330
198	510.230
201	510.060
202	511.410
203	511.110
206	510.260
208	510.480
209	511.190
210	510.200
212	511.340
213	510.920
214	511.130
215	510.370
216	511.130
217	511.390
219	511.300
221	510.700
222	510.300
224	510.760
225	511.080
226	510.970
227	510.420
228	510.750
229	510.440
230	510.510
231	510.840
232	510.040
233	511.410
235	510.820
236	510.030
237	510.780
238	510.460
239	510.250
240	510.270
242	510.120
244	510.100
245	511.220
246	510.730
247	511.100
248	511.040
249	510.600
251	511.300
253	510.150
254	510.530
256	510.840
258	511.110
259	510.890
260	510.770
261	511.360
262	510.620
263	511.450
264	510.160
265	510.880
266	510.930
267	510.720
268	511.090
269	511.120
271	510.980
272	510.220
274	510.480
275	510.880
276	510.510
277	511.210
278	511.250
280	510.520
282	510.320
283	511.150
284	511.210
285	510.950
286	510.670
288	511.460
289	510.620
290	511.080
291	511.230
292	510.860
293	511.460
294	510.420
298	510.120
299	511.440
300	511.050
303	510.890
304	510.150
305	510.140
306	511.400
307	510.360
308	510.930
309	511.460
310	510.210
311	510.990
312	510.240
315	510.170
318	510.870
319	511.300
320	510.480
321	510.130
322	510.350
323	511.150
325	510.500
327	511.430
329	510.970
330	510.040
331	511.210
332	510.770
334	510.030
335	510.950
336	510.060
338	511.460
339	510.780
340	511.440
341	511.040
342	511.420
343	511.470
344	510.920
345	511.320
346	510.990
347	510.860
349	511.160
350	511.290
351	511.110
352	510.620
353	511.290
354	510.620
355	511.040
356	510.820
358	510.790
359	510.480
360	511.110
361	510.830
363	511.100
364	510.250
365	511.490
367	511.050
368	510.440
369	510.670
372	510.330
374	510.810
376	510.990
377	511.060
380	510.080
381	511.050
384	510.470
385	511.380
386	510.780
387	510.260
389	510.870
390	510.470
392	511.420
393	511.190
394	510.040
395	510.700
396	510.320
397	511.210
398	510.670
399	510.680
401	510.030
402	511.010
403	511.310
404	510.820
405	511.320
406	510.400
408	510.580
411	510.990
412	510.150
415	510.350
417	511.450
418	510.900
419	510.860
420	511.160
421	511.110
422	511.440
424	511.320
425	510.330
426	511.490
427	510.810
428	510.700
429	510.450
430	511.430
431	510.230
432	510.400
433	510.310
434	510.840
436	510.050
437	510.610
439	511.490
440	511.150
441	510.800
442	510.160
443	510.260
444	510.940
446	511.050
447	511.160
449	510.810
450	510.070
451	510.600
452	511.060
453	511.340
454	511.150
455	510.350
457	511.250
458	510.830
459	510.140
460	510.450
462	510.190
467	510.350
468	511.440
469	511.460
470	511.350
471	510.650
472	511.170
473	510.400
474	511.130
476	510.600
477	510.560
478	511.150
479	510.090
483	510.140
484	510.230
486	511.030
489	510.450
491	510.760
493	511.480
494	510.150
495	510.760
498	510.570
1	512.000
2	512.610
3	512.070
4	511.890
5	511.610
8	512.330
9	512.350
12	512.740
13	512.920
14	512.630
15	511.690
17	512.660
18	511.640
20	512.930
21	512.770
23	511.930
24	512.790
25	512.960
26	512.580
28	512.300
29	512.740
30	512.080
31	512.900
32	511.530
33	512.430
34	512.510
36	512.450
37	512.580
38	512.350
39	512.310
40	511.820
42	512.700
43	512.690
44	512.110
45	511.830
48	512.880
51	511.820
52	511.950
53	512.750
55	512.690
57	512.750
58	512.450
59	512.790
62	511.560
63	511.800
64	512.840
65	512.360
66	512.290
67	512.030
69	512.950
70	512.430
71	512.820
72	512.880
74	512.620
75	512.730
77	512.330
78	511.790
80	512.780
82	512.950
83	512.070
84	512.230
86	511.560
87	511.570
88	511.940
89	511.750
90	512.310
91	512.520
92	511.900
93	511.940
94	511.540
96	512.070
97	512.020
98	512.410
99	511.960
100	512.930
102	511.930
103	512.140
104	511.660
106	511.990
108	512.570
109	512.410
111	512.720
114	512.170
115	512.740
117	512.610
118	512.990
119	512.410
120	512.020
121	512.730
122	511.880
123	512.660
124	512.730
125	511.920
126	511.950
127	511.930
133	512.660
134	511.970
135	512.710
136	512.430
137	512.900
140	511.530
141	512.090
142	511.930
143	511.900
144	512.480
145	512.770
147	512.920
148	511.750
149	512.640
150	512.390
152	511.810
155	512.870
156	512.360
157	512.410
158	512.020
159	512.530
160	511.550
161	512.680
162	512.090
163	511.690
164	512.440
165	511.840
166	512.840
167	512.190
168	511.620
170	512.620
172	512.810
173	511.680
174	511.540
175	512.400
178	512.690
179	512.940
180	512.830
181	512.700
182	511.890
183	512.440
184	512.020
185	512.900
187	512.100
188	511.930
190	512.420
191	512.900
192	511.950
193	512.800
196	512.150
198	512.240
199	511.810
200	511.510
201	512.070
204	511.900
205	511.680
206	512.270
207	511.940
208	512.490
210	512.210
211	511.740
213	512.930
215	512.380
218	511.840
220	511.900
221	512.710
222	512.310
223	511.530
224	512.770
226	512.980
227	512.430
228	512.760
229	512.450
230	512.520
231	512.850
232	512.050
234	511.850
235	512.830
236	512.040
237	512.950
238	512.470
239	512.260
240	512.280
241	511.730
242	512.130
243	512.610
244	512.110
246	512.740
249	512.610
250	511.900
252	511.610
253	512.160
254	512.540
255	511.570
256	512.850
257	511.900
259	512.900
260	512.780
262	512.630
264	512.170
265	512.890
266	512.940
267	512.730
270	511.690
271	512.990
272	512.230
273	511.770
274	512.490
275	512.890
276	512.520
279	511.790
280	512.530
281	511.710
282	512.330
285	512.960
286	512.680
287	511.740
289	512.630
292	512.870
294	512.430
295	511.550
296	511.590
297	511.660
298	512.130
301	511.900
302	511.560
303	512.900
304	512.160
305	512.150
307	512.370
308	512.940
310	512.220
311	513.000
312	512.250
313	511.830
314	511.720
315	512.180
316	511.760
317	511.610
318	512.880
320	512.490
321	512.140
322	512.360
324	511.830
325	512.510
326	511.930
328	511.670
329	512.980
330	512.050
332	512.780
333	511.900
334	512.040
335	512.960
336	512.070
337	511.880
339	512.790
344	512.930
346	513.000
347	512.870
348	511.600
352	512.630
354	512.630
356	512.830
357	511.790
358	512.800
359	512.490
361	512.840
362	511.980
364	512.260
366	511.940
368	512.450
369	512.680
370	511.880
371	511.810
372	512.340
373	511.950
374	512.820
375	511.740
376	513.000
378	511.970
379	511.690
380	512.090
382	512.010
384	512.480
386	512.790
387	512.270
388	511.590
389	512.880
390	512.480
391	511.940
394	512.050
395	512.710
396	512.330
398	512.680
399	512.690
400	511.610
401	512.040
404	512.830
406	512.410
407	511.590
408	512.590
409	511.540
410	511.730
411	513.000
412	512.160
414	511.770
415	512.360
416	511.640
418	512.910
419	512.870
423	511.830
425	512.340
427	512.820
428	512.710
429	512.460
431	512.240
432	512.410
433	512.320
434	512.850
435	511.540
436	512.060
437	512.620
438	511.920
441	512.810
442	512.170
443	512.270
444	512.950
445	511.840
448	511.690
449	512.820
450	512.080
451	512.610
455	512.360
456	511.790
458	512.840
459	512.150
460	512.460
461	511.830
462	512.200
463	511.900
464	511.880
465	511.640
466	511.580
467	512.360
471	512.660
473	512.410
475	511.700
476	512.610
477	512.570
479	512.100
480	511.620
481	511.800
482	511.870
483	512.150
484	512.240
485	512.000
487	511.620
488	511.710
489	512.460
490	511.650
491	512.770
492	511.680
494	512.160
495	512.770
496	511.990
498	512.580
499	511.960
500	511.980
1	514.010
3	514.080
4	513.900
5	513.620
6	513.150
7	513.340
8	514.340
9	514.360
10	513.420
11	513.420
15	513.700
16	513.250
18	513.650
19	513.170
22	513.070
23	513.940
27	513.390
28	514.310
30	514.090
32	513.540
33	514.440
35	513.490
36	514.460
38	514.360
39	514.320
40	513.830
41	513.200
44	514.120
45	513.840
46	513.040
47	513.050
49	513.090
50	513.160
51	513.830
52	513.960
54	513.350
56	513.500
58	514.460
60	513.390
61	513.080
62	513.570
63	513.810
65	514.370
66	514.300
67	514.040
68	513.190
70	514.440
73	513.160
76	513.340
77	514.340
78	513.800
79	513.350
81	513.330
83	514.080
84	514.240
85	513.130
86	513.570
87	513.580
88	513.950
89	513.760
90	514.320
92	513.910
93	513.950
94	513.550
95	513.450
96	514.080
97	514.030
98	514.420
99	513.970
101	513.160
102	513.940
103	514.150
104	513.670
105	513.270
106	514.000
107	513.380
109	514.420
110	513.090
112	513.030
113	513.430
114	514.180
116	513.380
119	514.420
120	514.030
122	513.890
125	513.930
126	513.960
127	513.940
128	513.420
129	513.140
130	513.470
131	513.420
132	513.240
134	513.980
136	514.440
138	513.300
139	513.380
140	513.540
141	514.100
142	513.940
143	513.910
144	514.490
146	513.370
148	513.760
150	514.400
151	513.510
152	513.820
153	513.260
154	513.200
156	514.370
157	514.420
158	514.030
160	513.560
162	514.100
163	513.700
164	514.450
165	513.850
167	514.200
168	513.630
169	513.180
171	513.310
173	513.690
174	513.550
175	514.410
176	513.460
177	513.010
182	513.900
183	514.450
184	514.030
186	513.260
187	514.110
188	513.940
189	513.090
190	514.430
192	513.960
194	513.130
195	513.020
196	514.160
197	513.340
198	514.250
199	513.820
200	513.520
201	514.080
202	513.420
203	513.120
204	513.910
205	513.690
206	514.280
207	513.950
208	514.500
209	513.200
210	514.220
211	513.750
212	513.350
214	513.140
215	514.390
216	513.140
217	513.400
218	513.850
219	513.310
220	513.910
222	514.320
223	513.540
225	513.090
227	514.440
229	514.460
232	514.060
233	513.420
234	513.860
236	514.050
238	514.480
239	514.270
240	514.290
241	513.740
242	514.140
244	514.120
245	513.230
247	513.110
248	513.050
250	513.910
251	513.310
252	513.620
253	514.170
255	513.580
257	513.910
258	513.120
261	513.370
263	513.460
264	514.180
268	513.100
269	513.130
270	513.700
272	514.240
273	513.780
274	514.500
277	513.220
278	513.260
279	513.800
281	513.720
282	514.340
283	513.160
284	513.220
287	513.750
288	513.470
290	513.090
291	513.240
293	513.470
294	514.440
295	513.560
296	513.600
297	513.670
298	514.140
299	513.450
300	513.060
301	513.910
302	513.570
304	514.170
305	514.160
306	513.410
307	514.380
309	513.470
310	514.230
312	514.260
313	513.840
314	513.730
315	514.190
316	513.770
317	513.620
319	513.310
320	514.500
321	514.150
322	514.370
323	513.160
324	513.840
326	513.940
327	513.440
328	513.680
330	514.060
331	513.220
333	513.910
334	514.050
336	514.080
337	513.890
338	513.470
340	513.450
341	513.050
342	513.430
343	513.480
345	513.330
348	513.610
349	513.170
350	513.300
351	513.120
353	513.300
355	513.050
357	513.800
359	514.500
360	513.120
362	513.990
363	513.110
364	514.270
365	513.500
366	513.950
367	513.060
368	514.460
370	513.890
371	513.820
372	514.350
373	513.960
375	513.750
377	513.070
378	513.980
379	513.700
380	514.100
381	513.060
382	514.020
383	513.480
384	514.490
385	513.390
387	514.280
388	513.600
390	514.490
391	513.950
392	513.430
393	513.200
394	514.060
396	514.340
397	513.220
400	513.620
401	514.050
402	513.020
403	513.320
405	513.330
406	514.420
407	513.600
409	513.550
410	513.740
412	514.170
413	513.570
414	513.780
415	514.370
416	513.650
417	513.460
420	513.170
421	513.120
422	513.450
423	513.840
424	513.330
425	514.350
426	513.500
429	514.470
430	513.440
431	514.250
432	514.420
433	514.330
435	513.550
436	514.070
438	513.930
439	513.500
440	513.160
442	514.180
443	514.280
445	513.850
446	513.060
447	513.170
448	513.700
450	514.090
452	513.070
453	513.350
454	513.160
455	514.370
456	513.800
457	513.260
459	514.160
460	514.470
461	513.840
462	514.210
463	513.910
464	513.890
465	513.650
466	513.590
467	514.370
468	513.450
469	513.470
470	513.360
472	513.180
473	514.420
474	513.140
475	513.710
478	513.160
479	514.110
480	513.630
481	513.810
482	513.880
483	514.160
484	514.250
485	514.010
486	513.040
487	513.630
488	513.720
489	514.470
490	513.660
492	513.690
493	513.490
494	514.170
496	514.000
497	513.410
499	513.970
500	513.990
2	514.620
4	515.910
5	515.630
6	515.160
7	515.350
10	515.430
11	515.430
12	514.750
13	514.930
14	514.640
15	515.710
16	515.260
17	514.670
18	515.660
19	515.180
20	514.940
21	514.780
22	515.080
23	515.950
24	514.800
25	514.970
26	514.590
27	515.400
29	514.750
31	514.910
32	515.550
34	514.520
35	515.500
37	514.590
40	515.840
41	515.210
42	514.710
43	514.700
45	515.850
46	515.050
47	515.060
48	514.890
49	515.100
50	515.170
51	515.840
52	515.970
53	514.760
54	515.360
55	514.700
56	515.510
57	514.760
59	514.800
60	515.400
61	515.090
62	515.580
63	515.820
64	514.850
68	515.200
69	514.960
71	514.830
72	514.890
73	515.170
74	514.630
75	514.740
76	515.350
78	515.810
79	515.360
80	514.790
81	515.340
82	514.960
85	515.140
86	515.580
87	515.590
88	515.960
89	515.770
91	514.530
92	515.920
93	515.960
94	515.560
95	515.460
99	515.980
100	514.940
101	515.170
102	515.950
104	515.680
105	515.280
107	515.390
108	514.580
110	515.100
111	514.730
112	515.040
113	515.440
115	514.750
116	515.390
117	514.620
118	515.000
121	514.740
122	515.900
123	514.670
124	514.740
125	515.940
126	515.970
127	515.950
128	515.430
129	515.150
130	515.480
131	515.430
132	515.250
133	514.670
134	515.990
135	514.720
137	514.910
138	515.310
139	515.390
140	515.550
142	515.950
143	515.920
145	514.780
146	515.380
147	514.930
148	515.770
149	514.650
151	515.520
152	515.830
153	515.270
154	515.210
155	514.880
159	514.540
160	515.570
161	514.690
163	515.710
165	515.860
166	514.850
168	515.640
169	515.190
170	514.630
171	515.320
172	514.820
173	515.700
174	515.560
176	515.470
177	515.020
178	514.700
179	514.950
180	514.840
181	514.710
182	515.910
185	514.910
186	515.270
188	515.950
189	515.100
191	514.910
192	515.970
193	514.810
194	515.140
195	515.030
197	515.350
199	515.830
200	515.530
202	515.430
203	515.130
204	515.920
205	515.700
207	515.960
209	515.210
211	515.760
212	515.360
213	514.940
214	515.150
216	515.150
217	515.410
218	515.860
219	515.320
220	515.920
221	514.720
223	515.550
224	514.780
225	515.100
226	514.990
228	514.770
230	514.530
231	514.860
233	515.430
234	515.870
235	514.840
237	514.960
241	515.750
243	514.620
245	515.240
246	514.750
247	515.120
248	515.060
249	514.620
250	515.920
251	515.320
252	515.630
254	514.550
255	515.590
256	514.860
257	515.920
258	515.130
259	514.910
260	514.790
261	515.380
262	514.640
263	515.470
265	514.900
266	514.950
267	514.740
268	515.110
269	515.140
270	515.710
271	515.000
273	515.790
275	514.900
276	514.530
277	515.230
278	515.270
279	515.810
280	514.540
281	515.730
283	515.170
284	515.230
285	514.970
286	514.690
287	515.760
288	515.480
289	514.640
290	515.100
291	515.250
292	514.880
293	515.480
295	515.570
296	515.610
297	515.680
299	515.460
300	515.070
301	515.920
302	515.580
303	514.910
306	515.420
308	514.950
309	515.480
311	515.010
313	515.850
314	515.740
316	515.780
317	515.630
318	514.890
319	515.320
323	515.170
324	515.850
325	514.520
326	515.950
327	515.450
328	515.690
329	514.990
331	515.230
332	514.790
333	515.920
335	514.970
337	515.900
338	515.480
339	514.800
340	515.460
341	515.060
342	515.440
343	515.490
344	514.940
345	515.340
346	515.010
347	514.880
348	515.620
349	515.180
350	515.310
351	515.130
352	514.640
353	515.310
354	514.640
355	515.060
356	514.840
357	515.810
358	514.810
360	515.130
361	514.850
362	516.000
363	515.120
365	515.510
366	515.960
367	515.070
369	514.690
370	515.900
371	515.830
373	515.970
374	514.830
375	515.760
376	515.010
377	515.080
378	515.990
379	515.710
381	515.070
383	515.490
385	515.400
386	514.800
388	515.610
389	514.890
391	515.960
392	515.440
393	515.210
395	514.720
397	515.230
398	514.690
399	514.700
400	515.630
402	515.030
403	515.330
404	514.840
405	515.340
407	515.610
408	514.600
409	515.560
410	515.750
411	515.010
413	515.580
414	515.790
416	515.660
417	515.470
418	514.920
419	514.880
420	515.180
421	515.130
422	515.460
423	515.850
424	515.340
426	515.510
427	514.830
428	514.720
430	515.450
434	514.860
435	515.560
437	514.630
438	515.940
439	515.510
440	515.170
441	514.820
444	514.960
445	515.860
446	515.070
447	515.180
448	515.710
449	514.830
451	514.620
452	515.080
453	515.360
454	515.170
456	515.810
457	515.270
458	514.850
461	515.850
463	515.920
464	515.900
465	515.660
466	515.600
468	515.460
469	515.480
470	515.370
471	514.670
472	515.190
474	515.150
475	515.720
476	514.620
477	514.580
478	515.170
480	515.640
481	515.820
482	515.890
486	515.050
487	515.640
488	515.730
490	515.670
491	514.780
492	515.700
493	515.500
495	514.780
497	515.420
498	514.590
499	515.980
500	516.000
1	516.020
2	516.630
3	516.090
6	517.170
7	517.360
8	516.350
9	516.370
10	517.440
11	517.440
12	516.760
13	516.940
14	516.650
16	517.270
17	516.680
19	517.190
20	516.950
21	516.790
22	517.090
24	516.810
25	516.980
26	516.600
27	517.410
28	516.320
29	516.760
30	516.100
31	516.920
33	516.450
34	516.530
36	516.470
37	516.600
38	516.370
39	516.330
41	517.220
42	516.720
43	516.710
44	516.130
46	517.060
47	517.070
48	516.900
49	517.110
50	517.180
53	516.770
54	517.370
55	516.710
57	516.770
58	516.470
59	516.810
60	517.410
61	517.100
64	516.860
65	516.380
66	516.310
67	516.050
68	517.210
69	516.970
70	516.450
71	516.840
72	516.900
73	517.180
74	516.640
75	516.750
76	517.360
77	516.350
79	517.370
80	516.800
81	517.350
82	516.970
83	516.090
84	516.250
85	517.150
90	516.330
91	516.540
95	517.470
96	516.090
97	516.040
98	516.430
100	516.950
101	517.180
103	516.160
105	517.290
106	516.010
107	517.400
108	516.590
109	516.430
110	517.110
111	516.740
112	517.050
113	517.450
114	516.190
115	516.760
116	517.400
117	516.630
118	517.010
119	516.430
120	516.040
121	516.750
123	516.680
124	516.750
128	517.440
129	517.160
130	517.490
131	517.440
132	517.260
133	516.680
135	516.730
136	516.450
137	516.920
138	517.320
139	517.400
141	516.110
144	516.500
145	516.790
146	517.390
147	516.940
149	516.660
150	516.410
153	517.280
154	517.220
155	516.890
156	516.380
157	516.430
158	516.040
159	516.550
161	516.700
162	516.110
164	516.460
166	516.860
167	516.210
169	517.200
170	516.640
171	517.330
172	516.830
175	516.420
176	517.480
177	517.030
178	516.710
179	516.960
180	516.850
181	516.720
183	516.460
184	516.040
185	516.920
186	517.280
187	516.120
189	517.110
190	516.440
191	516.920
193	516.820
194	517.150
195	517.040
196	516.170
197	517.360
198	516.260
201	516.090
202	517.440
203	517.140
206	516.290
208	516.510
209	517.220
210	516.230
212	517.370
213	516.950
214	517.160
215	516.400
216	517.160
217	517.420
219	517.330
221	516.730
222	516.330
224	516.790
225	517.110
226	517.000
227	516.450
228	516.780
229	516.470
230	516.540
231	516.870
232	516.070
233	517.440
235	516.850
236	516.060
237	516.970
238	516.490
239	516.280
240	516.300
242	516.150
243	516.630
244	516.130
245	517.250
246	516.760
247	517.130
248	517.070
249	516.630
251	517.330
253	516.180
254	516.560
256	516.870
258	517.140
259	516.920
260	516.800
261	517.390
262	516.650
263	517.480
264	516.190
265	516.910
266	516.960
267	516.750
268	517.120
269	517.150
271	517.010
272	516.250
274	516.510
275	516.910
276	516.540
277	517.240
278	517.280
280	516.550
282	516.350
283	517.180
284	517.240
285	516.980
286	516.700
288	517.490
289	516.650
290	517.110
291	517.260
292	516.890
293	517.490
294	516.450
298	516.150
299	517.470
300	517.080
303	516.920
304	516.180
305	516.170
306	517.430
307	516.390
308	516.960
309	517.490
310	516.240
311	517.020
312	516.270
315	516.200
318	516.900
319	517.330
320	516.510
321	516.160
322	516.380
323	517.180
325	516.530
327	517.460
329	517.000
330	516.070
331	517.240
332	516.800
334	516.060
335	516.980
336	516.090
338	517.490
339	516.810
340	517.470
341	517.070
342	517.450
343	517.500
344	516.950
345	517.350
346	517.020
347	516.890
349	517.190
350	517.320
351	517.140
352	516.650
353	517.320
354	516.650
355	517.070
356	516.850
358	516.820
359	516.510
360	517.140
361	516.860
363	517.130
364	516.280
367	517.080
368	516.470
369	516.700
372	516.360
374	516.840
376	517.020
377	517.090
380	516.110
381	517.080
382	516.030
383	517.500
384	516.500
385	517.410
386	516.810
387	516.290
389	516.900
390	516.500
392	517.450
393	517.220
394	516.070
395	516.730
396	516.350
397	517.240
398	516.700
399	516.710
401	516.060
402	517.040
403	517.340
404	516.850
405	517.350
406	516.430
408	516.610
411	517.020
412	516.180
415	516.380
417	517.480
418	516.930
419	516.890
420	517.190
421	517.140
422	517.470
424	517.350
425	516.360
427	516.840
428	516.730
429	516.480
430	517.460
431	516.260
432	516.430
433	516.340
434	516.870
436	516.080
437	516.640
440	517.180
441	516.830
442	516.190
443	516.290
444	516.970
446	517.080
447	517.190
449	516.840
450	516.100
451	516.630
452	517.090
453	517.370
454	517.180
455	516.380
457	517.280
458	516.860
459	516.170
460	516.480
462	516.220
467	516.380
468	517.470
469	517.490
470	517.380
471	516.680
472	517.200
473	516.430
474	517.160
476	516.630
477	516.590
478	517.180
479	516.120
483	516.170
484	516.260
485	516.020
486	517.060
489	516.480
491	516.790
494	516.180
495	516.790
496	516.010
497	517.430
498	516.600
1	518.030
2	518.640
3	518.100
4	517.920
5	517.640
8	518.360
9	518.380
12	518.770
13	518.950
14	518.660
15	517.720
17	518.690
18	517.670
20	518.960
21	518.800
23	517.960
24	518.820
25	518.990
26	518.610
28	518.330
29	518.770
30	518.110
31	518.930
32	517.560
33	518.460
34	518.540
35	517.510
36	518.480
37	518.610
38	518.380
39	518.340
40	517.850
42	518.730
43	518.720
44	518.140
45	517.860
48	518.910
51	517.850
52	517.980
53	518.780
55	518.720
56	517.520
57	518.780
58	518.480
59	518.820
62	517.590
63	517.830
64	518.870
65	518.390
66	518.320
67	518.060
69	518.980
70	518.460
71	518.850
72	518.910
74	518.650
75	518.760
77	518.360
78	517.820
80	518.810
82	518.980
83	518.100
84	518.260
86	517.590
87	517.600
88	517.970
89	517.780
90	518.340
91	518.550
92	517.930
93	517.970
94	517.570
96	518.100
97	518.050
98	518.440
99	517.990
100	518.960
102	517.960
103	518.170
104	517.690
106	518.020
108	518.600
109	518.440
111	518.750
114	518.200
115	518.770
117	518.640
119	518.440
120	518.050
121	518.760
122	517.910
123	518.690
124	518.760
125	517.950
126	517.980
127	517.960
133	518.690
134	518.000
135	518.740
136	518.460
137	518.930
140	517.560
141	518.120
142	517.960
143	517.930
144	518.510
145	518.800
147	518.950
148	517.780
149	518.670
150	518.420
151	517.530
152	517.840
155	518.900
156	518.390
157	518.440
158	518.050
159	518.560
160	517.580
161	518.710
162	518.120
163	517.720
164	518.470
165	517.870
166	518.870
167	518.220
168	517.650
170	518.650
172	518.840
173	517.710
174	517.570
175	518.430
178	518.720
179	518.970
180	518.860
181	518.730
182	517.920
183	518.470
184	518.050
185	518.930
187	518.130
188	517.960
190	518.450
191	518.930
192	517.980
193	518.830
196	518.180
198	518.270
199	517.840
200	517.540
201	518.100
204	517.930
205	517.710
206	518.300
207	517.970
208	518.520
210	518.240
211	517.770
213	518.960
215	518.410
218	517.870
220	517.930
221	518.740
222	518.340
223	517.560
224	518.800
227	518.460
228	518.790
229	518.480
230	518.550
231	518.880
232	518.080
234	517.880
235	518.860
236	518.070
237	518.980
238	518.500
239	518.290
240	518.310
241	517.760
242	518.160
243	518.640
244	518.140
246	518.770
249	518.640
250	517.930
252	517.640
253	518.190
254	518.570
255	517.600
256	518.880
257	517.930
259	518.930
260	518.810
262	518.660
264	518.200
265	518.920
266	518.970
267	518.760
270	517.720
272	518.260
273	517.800
274	518.520
275	518.920
276	518.550
279	517.820
280	518.560
281	517.740
282	518.360
285	518.990
286	518.710
287	517.770
289	518.660
292	518.900
294	518.460
295	517.580
296	517.620
297	517.690
298	518.160
301	517.930
302	517.590
303	518.930
304	518.190
305	518.180
307	518.400
308	518.970
310	518.250
312	518.280
313	517.860
314	517.750
315	518.210
316	517.790
317	517.640
318	518.910
320	518.520
321	518.170
322	518.390
324	517.860
325	518.540
326	517.960
328	517.700
330	518.080
332	518.810
333	517.930
334	518.070
335	518.990
336	518.100
337	517.910
339	518.820
344	518.960
347	518.900
348	517.630
352	518.660
354	518.660
356	518.860
357	517.820
358	518.830
359	518.520
361	518.870
362	518.010
364	518.290
365	517.520
366	517.970
368	518.480
369	518.710
370	517.910
371	517.840
372	518.370
373	517.980
374	518.850
375	517.770
378	518.000
379	517.720
380	518.120
382	518.040
384	518.510
386	518.820
387	518.300
388	517.620
389	518.910
390	518.510
391	517.970
394	518.080
395	518.740
396	518.360
398	518.710
399	518.720
400	517.640
401	518.070
404	518.860
406	518.440
407	517.620
408	518.620
409	517.570
410	517.760
412	518.190
413	517.590
414	517.800
415	518.390
416	517.670
418	518.940
419	518.900
423	517.860
425	518.370
426	517.520
427	518.850
428	518.740
429	518.490
431	518.270
432	518.440
433	518.350
434	518.880
435	517.570
436	518.090
437	518.650
438	517.950
439	517.520
441	518.840
442	518.200
443	518.300
444	518.980
445	517.870
448	517.720
449	518.850
450	518.110
451	518.640
455	518.390
456	517.820
458	518.870
459	518.180
460	518.490
461	517.860
462	518.230
463	517.930
464	517.910
465	517.670
466	517.610
467	518.390
471	518.690
473	518.440
475	517.730
476	518.640
477	518.600
479	518.130
480	517.650
481	517.830
482	517.900
483	518.180
484	518.270
485	518.030
487	517.650
488	517.740
489	518.490
490	517.680
491	518.800
492	517.710
493	517.510
494	518.190
495	518.800
496	518.020
498	518.610
499	517.990
500	518.010
1	520.040
3	520.110
4	519.930
5	519.650
6	519.180
7	519.370
8	520.370
9	520.390
10	519.450
11	519.450
15	519.730
16	519.280
18	519.680
19	519.200
22	519.100
23	519.970
27	519.420
28	520.340
30	520.120
32	519.570
33	520.470
35	519.520
36	520.490
38	520.390
39	520.350
40	519.860
41	519.230
44	520.150
45	519.870
46	519.070
47	519.080
49	519.120
50	519.190
51	519.860
52	519.990
54	519.380
56	519.530
58	520.490
60	519.420
61	519.110
62	519.600
63	519.840
65	520.400
66	520.330
67	520.070
68	519.220
70	520.470
73	519.190
76	519.370
77	520.370
78	519.830
79	519.380
81	519.360
83	520.110
84	520.270
85	519.160
86	519.600
87	519.610
88	519.980
89	519.790
90	520.350
92	519.940
93	519.980
94	519.580
95	519.480
96	520.110
97	520.060
98	520.450
99	520.000
101	519.190
102	519.970
103	520.180
104	519.700
105	519.300
106	520.030
107	519.410
109	520.450
110	519.120
112	519.060
113	519.460
114	520.210
116	519.410
118	519.020
119	520.450
120	520.060
122	519.920
125	519.960
126	519.990
127	519.970
128	519.450
129	519.170
130	519.500
131	519.450
132	519.270
134	520.010
136	520.470
138	519.330
139	519.410
140	519.570
141	520.130
142	519.970
143	519.940
146	519.400
148	519.790
150	520.430
151	519.540
152	519.850
153	519.290
154	519.230
156	520.400
157	520.450
158	520.060
160	519.590
162	520.130
163	519.730
164	520.480
165	519.880
167	520.230
168	519.660
169	519.210
171	519.340
173	519.720
174	519.580
175	520.440
176	519.490
177	519.040
182	519.930
183	520.480
184	520.060
186	519.290
187	520.140
188	519.970
189	519.120
190	520.460
192	519.990
194	519.160
195	519.050
196	520.190
197	519.370
198	520.280
199	519.850
200	519.550
201	520.110
202	519.450
203	519.150
204	519.940
205	519.720
206	520.310
207	519.980
209	519.230
210	520.250
211	519.780
212	519.380
214	519.170
215	520.420
216	519.170
217	519.430
218	519.880
219	519.340
220	519.940
222	520.350
223	519.570
225	519.120
226	519.010
227	520.470
229	520.490
232	520.090
233	519.450
234	519.890
236	520.080
239	520.300
240	520.320
241	519.770
242	520.170
244	520.150
245	519.260
247	519.140
248	519.080
250	519.940
251	519.340
252	519.650
253	520.200
255	519.610
257	519.940
258	519.150
261	519.400
263	519.490
264	520.210
268	519.130
269	519.160
270	519.730
271	519.020
272	520.270
273	519.810
277	519.250
278	519.290
279	519.830
281	519.750
282	520.370
283	519.190
284	519.250
287	519.780
288	519.500
290	519.120
291	519.270
293	519.500
294	520.470
295	519.590
296	519.630
297	519.700
298	520.170
299	519.480
300	519.090
301	519.940
302	519.600
304	520.200
305	520.190
306	519.440
307	520.410
309	519.500
310	520.260
311	519.030
312	520.290
313	519.870
314	519.760
315	520.220
316	519.800
317	519.650
319	519.340
321	520.180
322	520.400
323	519.190
324	519.870
326	519.970
327	519.470
328	519.710
329	519.010
330	520.090
331	519.250
333	519.940
334	520.080
336	520.110
337	519.920
338	519.500
340	519.480
341	519.080
342	519.460
343	519.510
345	519.360
346	519.030
348	519.640
349	519.200
350	519.330
351	519.150
353	519.330
355	519.080
357	519.830
360	519.150
362	520.020
363	519.140
364	520.300
365	519.530
366	519.980
367	519.090
368	520.490
370	519.920
371	519.850
372	520.380
373	519.990
375	519.780
376	519.030
377	519.100
378	520.010
379	519.730
380	520.130
381	519.090
382	520.050
383	519.510
385	519.420
387	520.310
388	519.630
391	519.980
392	519.460
393	519.230
394	520.090
396	520.370
397	519.250
400	519.650
401	520.080
402	519.050
403	519.350
405	519.360
406	520.450
407	519.630
409	519.580
410	519.770
411	519.030
412	520.200
413	519.600
414	519.810
415	520.400
416	519.680
417	519.490
420	519.200
421	519.150
422	519.480
423	519.870
424	519.360
425	520.380
426	519.530
429	520.500
430	519.470
431	520.280
432	520.450
433	520.360
435	519.580
436	520.100
438	519.960
439	519.530
440	519.190
442	520.210
443	520.310
445	519.880
446	519.090
447	519.200
448	519.730
450	520.120
452	519.100
453	519.380
454	519.190
455	520.400
456	519.830
457	519.290
459	520.190
460	520.500
461	519.870
462	520.240
463	519.940
464	519.920
465	519.680
466	519.620
467	520.400
468	519.480
469	519.500
470	519.390
472	519.210
473	520.450
474	519.170
475	519.740
478	519.190
479	520.140
480	519.660
481	519.840
482	519.910
483	520.190
484	520.280
485	520.040
486	519.070
487	519.660
488	519.750
489	520.500
490	519.690
492	519.720
493	519.520
494	520.200
496	520.030
497	519.440
499	520.000
500	520.020
2	520.650
4	521.940
5	521.660
6	521.190
7	521.380
10	521.460
11	521.460
12	520.780
13	520.960
14	520.670
15	521.740
16	521.290
17	520.700
18	521.690
19	521.210
20	520.970
21	520.810
22	521.110
23	521.980
24	520.830
25	521.000
26	520.620
27	521.430
29	520.780
31	520.940
32	521.580
34	520.550
35	521.530
37	520.620
40	521.870
41	521.240
42	520.740
43	520.730
45	521.880
46	521.080
47	521.090
48	520.920
49	521.130
50	521.200
51	521.870
52	522.000
53	520.790
54	521.390
55	520.730
56	521.540
57	520.790
59	520.830
60	521.430
61	521.120
62	521.610
63	521.850
64	520.880
68	521.230
69	520.990
71	520.860
72	520.920
73	521.200
74	520.660
75	520.770
76	521.380
78	521.840
79	521.390
80	520.820
81	521.370
82	520.990
85	521.170
86	521.610
87	521.620
88	521.990
89	521.800
91	520.560
92	521.950
93	521.990
94	521.590
95	521.490
100	520.970
101	521.200
102	521.980
104	521.710
105	521.310
107	521.420
108	520.610
110	521.130
111	520.760
112	521.070
113	521.470
115	520.780
116	521.420
117	520.650
118	521.030
121	520.770
122	521.930
123	520.700
124	520.770
125	521.970
126	522.000
127	521.980
128	521.460
129	521.180
130	521.510
131	521.460
132	521.280
133	520.700
135	520.750
137	520.940
138	521.340
139	521.420
140	521.580
142	521.980
143	521.950
144	520.520
145	520.810
146	521.410
147	520.960
148	521.800
149	520.680
151	521.550
152	521.860
153	521.300
154	521.240
155	520.910
159	520.570
160	521.600
161	520.720
163	521.740
165	521.890
166	520.880
168	521.670
169	521.220
170	520.660
171	521.350
172	520.850
173	521.730
174	521.590
176	521.500
177	521.050
178	520.730
179	520.980
180	520.870
181	520.740
182	521.940
185	520.940
186	521.300
188	521.980
189	521.130
191	520.940
192	522.000
193	520.840
194	521.170
195	521.060
197	521.380
199	521.860
200	521.560
202	521.460
203	521.160
204	521.950
205	521.730
207	521.990
208	520.530
209	521.240
211	521.790
212	521.390
213	520.970
214	521.180
216	521.180
217	521.440
218	521.890
219	521.350
220	521.950
221	520.750
223	521.580
224	520.810
225	521.130
226	521.020
228	520.800
230	520.560
231	520.890
233	521.460
234	521.900
235	520.870
237	520.990
238	520.510
241	521.780
243	520.650
245	521.270
246	520.780
247	521.150
248	521.090
249	520.650
250	521.950
251	521.350
252	521.660
254	520.580
255	521.620
256	520.890
257	521.950
258	521.160
259	520.940
260	520.820
261	521.410
262	520.670
263	521.500
265	520.930
266	520.980
267	520.770
268	521.140
269	521.170
270	521.740
271	521.030
273	521.820
274	520.530
275	520.930
276	520.560
277	521.260
278	521.300
279	521.840
280	520.570
281	521.760
283	521.200
284	521.260
285	521.000
286	520.720
287	521.790
288	521.510
289	520.670
290	521.130
291	521.280
292	520.910
293	521.510
295	521.600
296	521.640
297	521.710
299	521.490
300	521.100
301	521.950
302	521.610
303	520.940
306	521.450
308	520.980
309	521.510
311	521.040
313	521.880
314	521.770
316	521.810
317	521.660
318	520.920
319	521.350
320	520.530
323	521.200
324	521.880
325	520.550
326	521.980
327	521.480
328	521.720
329	521.020
331	521.260
332	520.820
333	521.950
335	521.000
337	521.930
338	521.510
339	520.830
340	521.490
341	521.090
342	521.470
343	521.520
344	520.970
345	521.370
346	521.040
347	520.910
348	521.650
349	521.210
350	521.340
351	521.160
352	520.670
353	521.340
354	520.670
355	521.090
356	520.870
357	521.840
358	520.840
359	520.530
360	521.160
361	520.880
363	521.150
365	521.540
366	521.990
367	521.100
369	520.720
370	521.930
371	521.860
373	522.000
374	520.860
375	521.790
376	521.040
377	521.110
379	521.740
381	521.100
383	521.520
384	520.520
385	521.430
386	520.830
388	521.640
389	520.920
390	520.520
391	521.990
392	521.470
393	521.240
395	520.750
397	521.260
398	520.720
399	520.730
400	521.660
402	521.060
403	521.360
404	520.870
405	521.370
407	521.640
408	520.630
409	521.590
410	521.780
411	521.040
413	521.610
414	521.820
416	521.690
417	521.500
418	520.950
419	520.910
420	521.210
421	521.160
422	521.490
423	521.880
424	521.370
426	521.540
427	520.860
428	520.750
430	521.480
434	520.890
435	521.590
437	520.660
438	521.970
439	521.540
440	521.200
441	520.850
444	520.990
445	521.890
446	521.100
447	521.210
448	521.740
449	520.860
451	520.650
452	521.110
453	521.390
454	521.200
456	521.840
457	521.300
458	520.880
461	521.880
463	521.950
464	521.930
465	521.690
466	521.630
468	521.490
469	521.510
470	521.400
471	520.700
472	521.220
474	521.180
475	521.750
476	520.650
477	520.610
478	521.200
480	521.670
481	521.850
482	521.920
486	521.080
487	521.670
488	521.760
490	521.700
491	520.810
492	521.730
493	521.530
495	520.810
497	521.450
498	520.620
1	522.050
2	522.660
3	522.120
6	523.200
7	523.390
8	522.380
9	522.400
10	523.470
11	523.470
12	522.790
13	522.970
14	522.680
16	523.300
17	522.710
19	523.220
20	522.980
21	522.820
22	523.120
24	522.840
25	523.010
26	522.630
27	523.440
28	522.350
29	522.790
30	522.130
31	522.950
33	522.480
34	522.560
36	522.500
37	522.630
38	522.400
39	522.360
41	523.250
42	522.750
43	522.740
44	522.160
46	523.090
47	523.100
48	522.930
49	523.140
50	523.210
53	522.800
54	523.400
55	522.740
57	522.800
58	522.500
59	522.840
60	523.440
61	523.130
64	522.890
65	522.410
66	522.340
67	522.080
68	523.240
69	523.000
70	522.480
71	522.870
72	522.930
73	523.210
74	522.670
75	522.780
76	523.390
77	522.380
79	523.400
80	522.830
81	523.380
82	523.000
83	522.120
84	522.280
85	523.180
90	522.360
91	522.570
95	523.500
96	522.120
97	522.070
98	522.460
99	522.010
100	522.980
101	523.210
103	522.190
105	523.320
106	522.040
107	523.430
108	522.620
109	522.460
110	523.140
111	522.770
112	523.080
113	523.480
114	522.220
115	522.790
116	523.430
117	522.660
118	523.040
119	522.460
120	522.070
121	522.780
123	522.710
124	522.780
128	523.470
129	523.190
131	523.470
132	523.290
133	522.710
134	522.020
135	522.760
136	522.480
137	522.950
138	523.350
139	523.430
141	522.140
144	522.530
145	522.820
146	523.420
147	522.970
149	522.690
150	522.440
153	523.310
154	523.250
155	522.920
156	522.410
157	522.460
158	522.070
159	522.580
161	522.730
162	522.140
164	522.490
166	522.890
167	522.240
169	523.230
170	522.670
171	523.360
172	522.860
175	522.450
177	523.060
178	522.740
179	522.990
180	522.880
181	522.750
183	522.490
184	522.070
185	522.950
186	523.310
187	522.150
189	523.140
190	522.470
191	522.950
193	522.850
194	523.180
195	523.070
196	522.200
197	523.390
198	522.290
201	522.120
202	523.470
203	523.170
206	522.320
208	522.540
209	523.250
210	522.260
212	523.400
213	522.980
214	523.190
215	522.430
216	523.190
217	523.450
219	523.360
221	522.760
222	522.360
224	522.820
225	523.140
226	523.030
227	522.480
228	522.810
229	522.500
230	522.570
231	522.900
232	522.100
233	523.470
235	522.880
236	522.090
237	523.000
238	522.520
239	522.310
240	522.330
242	522.180
243	522.660
244	522.160
245	523.280
246	522.790
247	523.160
248	523.100
249	522.660
251	523.360
253	522.210
254	522.590
256	522.900
258	523.170
259	522.950
260	522.830
261	523.420
262	522.680
264	522.220
265	522.940
266	522.990
267	522.780
268	523.150
269	523.180
271	523.040
272	522.280
274	522.540
275	522.940
276	522.570
277	523.270
278	523.310
280	522.580
282	522.380
283	523.210
284	523.270
285	523.010
286	522.730
289	522.680
290	523.140
291	523.290
292	522.920
294	522.480
298	522.180
299	523.500
300	523.110
303	522.950
304	522.210
305	522.200
306	523.460
307	522.420
308	522.990
310	522.270
311	523.050
312	522.300
315	522.230
318	522.930
319	523.360
320	522.540
321	522.190
322	522.410
323	523.210
325	522.560
327	523.490
329	523.030
330	522.100
331	523.270
332	522.830
334	522.090
335	523.010
336	522.120
339	522.840
340	523.500
341	523.100
342	523.480
344	522.980
345	523.380
346	523.050
347	522.920
349	523.220
350	523.350
351	523.170
352	522.680
353	523.350
354	522.680
355	523.100
356	522.880
358	522.850
359	522.540
360	523.170
361	522.890
362	522.030
363	523.160
364	522.310
367	523.110
368	522.500
369	522.730
372	522.390
374	522.870
376	523.050
377	523.120
378	522.020
380	522.140
381	523.110
382	522.060
384	522.530
385	523.440
386	522.840
387	522.320
389	522.930
390	522.530
392	523.480
393	523.250
394	522.100
395	522.760
396	522.380
397	523.270
398	522.730
399	522.740
401	522.090
402	523.070
403	523.370
404	522.880
405	523.380
406	522.460
408	522.640
411	523.050
412	522.210
415	522.410
418	522.960
419	522.920
420	523.220
421	523.170
422	523.500
424	523.380
425	522.390
427	522.870
428	522.760
429	522.510
430	523.490
431	522.290
432	522.460
433	522.370
434	522.900
436	522.110
437	522.670
440	523.210
441	522.860
442	522.220
443	522.320
444	523.000
446	523.110
447	523.220
449	522.870
450	522.130
451	522.660
452	523.120
453	523.400
454	523.210
455	522.410
457	523.310
458	522.890
459	522.200
460	522.510
462	522.250
467	522.410
468	523.500
470	523.410
471	522.710
472	523.230
473	522.460
474	523.190
476	522.660
477	522.620
478	523.210
479	522.150
483	522.200
484	522.290
485	522.050
486	523.090
489	522.510
491	522.820
494	522.210
495	522.820
496	522.040
497	523.460
498	522.630
499	522.010
500	522.030
1	524.060
2	524.670
3	524.130
4	523.950
5	523.670
8	524.390
9	524.410
12	524.800
13	524.980
14	524.690
15	523.750
17	524.720
18	523.700
20	524.990
21	524.830
23	523.990
24	524.850
26	524.640
28	524.360
29	524.800
30	524.140
31	524.960
32	523.590
33	524.490
34	524.570
35	523.540
36	524.510
37	524.640
38	524.410
39	524.370
40	523.880
42	524.760
43	524.750
44	524.170
45	523.890
48	524.940
51	523.880
52	524.010
53	524.810
55	524.750
56	523.550
57	524.810
58	524.510
59	524.850
62	523.620
63	523.860
64	524.900
65	524.420
66	524.350
67	524.090
70	524.490
71	524.880
72	524.940
74	524.680
75	524.790
77	524.390
78	523.850
80	524.840
83	524.130
84	524.290
86	523.620
87	523.630
88	524.000
89	523.810
90	524.370
91	524.580
92	523.960
93	524.000
94	523.600
96	524.130
97	524.080
98	524.470
99	524.020
100	524.990
102	523.990
103	524.200
104	523.720
106	524.050
108	524.630
109	524.470
111	524.780
114	524.230
115	524.800
117	524.670
119	524.470
120	524.080
121	524.790
122	523.940
123	524.720
124	524.790
125	523.980
126	524.010
127	523.990
130	523.520
133	524.720
134	524.030
135	524.770
136	524.490
137	524.960
140	523.590
141	524.150
142	523.990
143	523.960
144	524.540
145	524.830
147	524.980
148	523.810
149	524.700
150	524.450
151	523.560
152	523.870
155	524.930
156	524.420
157	524.470
158	524.080
159	524.590
160	523.610
161	524.740
162	524.150
163	523.750
164	524.500
165	523.900
166	524.900
167	524.250
168	523.680
170	524.680
172	524.870
173	523.740
174	523.600
175	524.460
176	523.510
178	524.750
179	525.000
180	524.890
181	524.760
182	523.950
183	524.500
184	524.080
185	524.960
187	524.160
188	523.990
190	524.480
191	524.960
192	524.010
193	524.860
196	524.210
198	524.300
199	523.870
200	523.570
201	524.130
204	523.960
205	523.740
206	524.330
207	524.000
208	524.550
210	524.270
211	523.800
213	524.990
215	524.440
218	523.900
220	523.960
221	524.770
222	524.370
223	523.590
224	524.830
227	524.490
228	524.820
229	524.510
230	524.580
231	524.910
232	524.110
234	523.910
235	524.890
236	524.100
238	524.530
239	524.320
240	524.340
241	523.790
242	524.190
243	524.670
244	524.170
246	524.800
249	524.670
250	523.960
252	523.670
253	524.220
254	524.600
255	523.630
256	524.910
257	523.960
259	524.960
260	524.840
262	524.690
263	523.510
264	524.230
265	524.950
266	525.000
267	524.790
270	523.750
272	524.290
273	523.830
274	524.550
275	524.950
276	524.580
279	523.850
280	524.590
281	523.770
282	524.390
286	524.740
287	523.800
288	523.520
289	524.690
292	524.930
293	523.520
294	524.490
295	523.610
296	523.650
297	523.720
298	524.190
301	523.960
302	523.620
303	524.960
304	524.220
305	524.210
307	524.430
308	525.000
309	523.520
310	524.280
312	524.310
313	523.890
314	523.780
315	524.240
316	523.820
317	523.670
318	524.940
320	524.550
321	524.200
322	524.420
324	523.890
325	524.570
326	523.990
328	523.730
330	524.110
332	524.840
333	523.960
334	524.100
336	524.130
337	523.940
338	523.520
339	524.850
343	523.530
344	524.990
347	524.930
348	523.660
352	524.690
354	524.690
356	524.890
357	523.850
358	524.860
359	524.550
361	524.900
362	524.040
364	524.320
365	523.550
366	524.000
368	524.510
369	524.740
370	523.940
371	523.870
372	524.400
373	524.010
374	524.880
375	523.800
378	524.030
379	523.750
380	524.150
382	524.070
383	523.530
384	524.540
386	524.850
387	524.330
388	523.650
389	524.940
390	524.540
391	524.000
394	524.110
395	524.770
396	524.390
398	524.740
399	524.750
400	523.670
401	524.100
404	524.890
406	524.470
407	523.650
408	524.650
409	523.600
410	523.790
412	524.220
413	523.620
414	523.830
415	524.420
416	523.700
417	523.510
418	524.970
419	524.930
423	523.890
425	524.400
426	523.550
427	524.880
428	524.770
429	524.520
431	524.300
432	524.470
433	524.380
434	524.910
435	523.600
436	524.120
437	524.680
438	523.980
439	523.550
441	524.870
442	524.230
443	524.330
445	523.900
448	523.750
449	524.880
450	524.140
451	524.670
455	524.420
456	523.850
458	524.900
459	524.210
460	524.520
461	523.890
462	524.260
463	523.960
464	523.940
465	523.700
466	523.640
467	524.420
469	523.520
471	524.720
473	524.470
475	523.760
476	524.670
477	524.630
479	524.160
480	523.680
481	523.860
482	523.930
483	524.210
484	524.300
485	524.060
487	523.680
488	523.770
489	524.520
490	523.710
491	524.830
492	523.740
493	523.540
494	524.220
495	524.830
496	524.050
498	524.640
499	524.020
500	524.040
1	526.070
3	526.140
4	525.960
5	525.680
6	525.210
7	525.400
8	526.400
9	526.420
10	525.480
11	525.480
15	525.760
16	525.310
18	525.710
19	525.230
22	525.130
23	526.000
25	525.020
27	525.450
28	526.370
30	526.150
32	525.600
33	526.500
35	525.550
38	526.420
39	526.380
40	525.890
41	525.260
44	526.180
45	525.900
46	525.100
47	525.110
49	525.150
50	525.220
51	525.890
52	526.020
54	525.410
56	525.560
60	525.450
61	525.140
62	525.630
63	525.870
65	526.430
66	526.360
67	526.100
68	525.250
69	525.010
70	526.500
73	525.220
76	525.400
77	526.400
78	525.860
79	525.410
81	525.390
82	525.010
83	526.140
84	526.300
85	525.190
86	525.630
87	525.640
88	526.010
89	525.820
90	526.380
92	525.970
93	526.010
94	525.610
95	525.510
96	526.140
97	526.090
98	526.480
99	526.030
101	525.220
102	526.000
103	526.210
104	525.730
105	525.330
106	526.060
107	525.440
109	526.480
110	525.150
112	525.090
113	525.490
114	526.240
116	525.440
118	525.050
119	526.480
120	526.090
122	525.950
125	525.990
126	526.020
127	526.000
128	525.480
129	525.200
130	525.530
131	525.480
132	525.300
134	526.040
136	526.500
138	525.360
139	525.440
140	525.600
141	526.160
142	526.000
143	525.970
146	525.430
148	525.820
150	526.460
151	525.570
152	525.880
153	525.320
154	525.260
156	526.430
157	526.480
158	526.090
160	525.620
162	526.160
163	525.760
165	525.910
167	526.260
168	525.690
169	525.240
171	525.370
173	525.750
174	525.610
175	526.470
176	525.520
177	525.070
182	525.960
184	526.090
186	525.320
187	526.170
188	526.000
189	525.150
190	526.490
192	526.020
194	525.190
195	525.080
196	526.220
197	525.400
198	526.310
199	525.880
200	525.580
201	526.140
202	525.480
203	525.180
204	525.970
205	525.750
206	526.340
207	526.010
209	525.260
210	526.280
211	525.810
212	525.410
214	525.200
215	526.450
216	525.200
217	525.460
218	525.910
219	525.370
220	525.970
222	526.380
223	525.600
225	525.150
226	525.040
227	526.500
232	526.120
233	525.480
234	525.920
236	526.110
237	525.010
239	526.330
240	526.350
241	525.800
242	526.200
244	526.180
245	525.290
247	525.170
248	525.110
250	525.970
251	525.370
252	525.680
253	526.230
255	525.640
257	525.970
258	525.180
261	525.430
263	525.520
264	526.240
268	525.160
269	525.190
270	525.760
271	525.050
272	526.300
273	525.840
277	525.280
278	525.320
279	525.860
281	525.780
282	526.400
283	525.220
284	525.280
285	525.020
287	525.810
288	525.530
290	525.150
291	525.300
293	525.530
294	526.500
295	525.620
296	525.660
297	525.730
298	526.200
299	525.510
300	525.120
301	525.970
302	525.630
304	526.230
305	526.220
306	525.470
307	526.440
309	525.530
310	526.290
311	525.060
312	526.320
313	525.900
314	525.790
315	526.250
316	525.830
317	525.680
319	525.370
321	526.210
322	526.430
323	525.220
324	525.900
326	526.000
327	525.500
328	525.740
329	525.040
330	526.120
331	525.280
333	525.970
334	526.110
335	525.020
336	526.140
337	525.950
338	525.530
340	525.510
341	525.110
342	525.490
343	525.540
345	525.390
346	525.060
348	525.670
349	525.230
350	525.360
351	525.180
353	525.360
355	525.110
357	525.860
360	525.180
362	526.050
363	525.170
364	526.330
365	525.560
366	526.010
367	525.120
370	525.950
371	525.880
372	526.410
373	526.020
375	525.810
376	525.060
377	525.130
378	526.040
379	525.760
380	526.160
381	525.120
382	526.080
383	525.540
385	525.450
387	526.340
388	525.660
391	526.010
392	525.490
393	525.260
394	526.120
396	526.400
397	525.280
400	525.680
401	526.110
402	525.080
403	525.380
405	525.390
406	526.480
407	525.660
409	525.610
410	525.800
411	525.060
412	526.230
413	525.630
414	525.840
415	526.430
416	525.710
417	525.520
420	525.230
421	525.180
422	525.510
423	525.900
424	525.390
425	526.410
426	525.560
430	525.500
431	526.310
432	526.480
433	526.390
435	525.610
436	526.130
438	525.990
439	525.560
440	525.220
442	526.240
443	526.340
444	525.010
445	525.910
446	525.120
447	525.230
448	525.760
450	526.150
452	525.130
453	525.410
454	525.220
455	526.430
456	525.860
457	525.320
459	526.220
461	525.900
462	526.270
463	525.970
464	525.950
465	525.710
466	525.650
467	526.430
468	525.510
469	525.530
470	525.420
472	525.240
473	526.480
474	525.200
475	525.770
478	525.220
479	526.170
480	525.690
481	525.870
482	525.940
483	526.220
484	526.310
485	526.070
486	525.100
487	525.690
488	525.780
490	525.720
492	525.750
493	525.550
494	526.230
496	526.060
497	525.470
499	526.030
500	526.050
2	526.680
4	527.970
5	527.690
6	527.220
7	527.410
10	527.490
11	527.490
12	526.810
13	526.990
14	526.700
15	527.770
16	527.320
17	526.730
18	527.720
19	527.240
20	527.000
21	526.840
22	527.140
24	526.860
25	527.030
26	526.650
27	527.460
29	526.810
31	526.970
32	527.610
34	526.580
35	527.560
36	526.520
37	526.650
40	527.900
41	527.270
42	526.770
43	526.760
45	527.910
46	527.110
47	527.120
48	526.950
49	527.160
50	527.230
51	527.900
53	526.820
54	527.420
55	526.760
56	527.570
57	526.820
58	526.520
59	526.860
60	527.460
61	527.150
62	527.640
63	527.880
64	526.910
68	527.260
69	527.020
71	526.890
72	526.950
73	527.230
74	526.690
75	526.800
76	527.410
78	527.870
79	527.420
80	526.850
81	527.400
82	527.020
85	527.200
86	527.640
87	527.650
89	527.830
91	526.590
92	527.980
94	527.620
95	527.520
100	527.000
101	527.230
104	527.740
105	527.340
107	527.450
108	526.640
110	527.160
111	526.790
112	527.100
113	527.500
115	526.810
116	527.450
117	526.680
118	527.060
121	526.800
122	527.960
123	526.730
124	526.800
125	528.000
128	527.490
129	527.210
130	527.540
131	527.490
132	527.310
133	526.730
135	526.780
137	526.970
138	527.370
139	527.450
140	527.610
143	527.980
144	526.550
145	526.840
146	527.440
147	526.990
148	527.830
149	526.710
151	527.580
152	527.890
153	527.330
154	527.270
155	526.940
159	526.600
160	527.630
161	526.750
163	527.770
164	526.510
165	527.920
166	526.910
168	527.700
169	527.250
170	526.690
171	527.380
172	526.880
173	527.760
174	527.620
176	527.530
177	527.080
178	526.760
179	527.010
180	526.900
181	526.770
182	527.970
183	526.510
185	526.970
186	527.330
189	527.160
191	526.970
193	526.870
194	527.200
195	527.090
197	527.410
199	527.890
200	527.590
202	527.490
203	527.190
204	527.980
205	527.760
208	526.560
209	527.270
211	527.820
212	527.420
213	527.000
214	527.210
216	527.210
217	527.470
218	527.920
219	527.380
220	527.980
221	526.780
223	527.610
224	526.840
225	527.160
226	527.050
228	526.830
229	526.520
230	526.590
231	526.920
233	527.490
234	527.930
235	526.900
237	527.020
238	526.540
241	527.810
243	526.680
245	527.300
246	526.810
247	527.180
248	527.120
249	526.680
250	527.980
251	527.380
252	527.690
254	526.610
255	527.650
256	526.920
257	527.980
258	527.190
259	526.970
260	526.850
261	527.440
262	526.700
263	527.530
265	526.960
266	527.010
267	526.800
268	527.170
269	527.200
270	527.770
271	527.060
273	527.850
274	526.560
275	526.960
276	526.590
277	527.290
278	527.330
279	527.870
280	526.600
281	527.790
283	527.230
284	527.290
285	527.030
286	526.750
287	527.820
288	527.540
289	526.700
290	527.160
291	527.310
292	526.940
293	527.540
295	527.630
296	527.670
297	527.740
299	527.520
300	527.130
301	527.980
302	527.640
303	526.970
306	527.480
308	527.010
309	527.540
311	527.070
313	527.910
314	527.800
316	527.840
317	527.690
318	526.950
319	527.380
320	526.560
323	527.230
324	527.910
325	526.580
327	527.510
328	527.750
329	527.050
331	527.290
332	526.850
333	527.980
335	527.030
337	527.960
338	527.540
339	526.860
340	527.520
341	527.120
342	527.500
343	527.550
344	527.000
345	527.400
346	527.070
347	526.940
348	527.680
349	527.240
350	527.370
351	527.190
352	526.700
353	527.370
354	526.700
355	527.120
356	526.900
357	527.870
358	526.870
359	526.560
360	527.190
361	526.910
363	527.180
365	527.570
367	527.130
368	526.520
369	526.750
370	527.960
371	527.890
374	526.890
375	527.820
376	527.070
377	527.140
379	527.770
381	527.130
383	527.550
384	526.550
385	527.460
386	526.860
388	527.670
389	526.950
390	526.550
392	527.500
393	527.270
395	526.780
397	527.290
398	526.750
399	526.760
400	527.690
402	527.090
403	527.390
404	526.900
405	527.400
407	527.670
408	526.660
409	527.620
410	527.810
411	527.070
413	527.640
414	527.850
416	527.720
417	527.530
418	526.980
419	526.940
420	527.240
421	527.190
422	527.520
423	527.910
424	527.400
426	527.570
427	526.890
428	526.780
429	526.530
430	527.510
434	526.920
435	527.620
437	526.690
438	528.000
439	527.570
440	527.230
441	526.880
444	527.020
445	527.920
446	527.130
447	527.240
448	527.770
449	526.890
451	526.680
452	527.140
453	527.420
454	527.230
456	527.870
457	527.330
458	526.910
460	526.530
461	527.910
463	527.980
464	527.960
465	527.720
466	527.660
468	527.520
469	527.540
470	527.430
471	526.730
472	527.250
474	527.210
475	527.780
476	526.680
477	526.640
478	527.230
480	527.700
481	527.880
482	527.950
486	527.110
487	527.700
488	527.790
489	526.530
490	527.730
491	526.840
492	527.760
493	527.560
495	526.840
497	527.480
498	526.650
1	528.080
2	528.690
3	528.150
6	529.230
7	529.420
8	528.410
9	528.430
10	529.500
11	529.500
12	528.820
13	529.000
14	528.710
16	529.330
17	528.740
19	529.250
20	529.010
21	528.850
22	529.150
23	528.010
24	528.870
25	529.040
26	528.660
27	529.470
28	528.380
29	528.820
30	528.160
31	528.980
33	528.510
34	528.590
36	528.530
37	528.660
38	528.430
39	528.390
41	529.280
42	528.780
43	528.770
44	528.190
46	529.120
47	529.130
48	528.960
49	529.170
50	529.240
52	528.030
53	528.830
54	529.430
55	528.770
57	528.830
58	528.530
59	528.870
60	529.470
61	529.160
64	528.920
65	528.440
66	528.370
67	528.110
68	529.270
69	529.030
70	528.510
71	528.900
72	528.960
73	529.240
74	528.700
75	528.810
76	529.420
77	528.410
79	529.430
80	528.860
81	529.410
82	529.030
83	528.150
84	528.310
85	529.210
88	528.020
90	528.390
91	528.600
93	528.020
96	528.150
97	528.100
98	528.490
99	528.040
100	529.010
101	529.240
102	528.010
103	528.220
105	529.350
106	528.070
107	529.460
108	528.650
109	528.490
110	529.170
111	528.800
112	529.110
114	528.250
115	528.820
116	529.460
117	528.690
118	529.070
119	528.490
120	528.100
121	528.810
123	528.740
124	528.810
126	528.030
127	528.010
128	529.500
129	529.220
131	529.500
132	529.320
133	528.740
134	528.050
135	528.790
136	528.510
137	528.980
138	529.380
139	529.460
141	528.170
142	528.010
144	528.560
145	528.850
146	529.450
147	529.000
149	528.720
150	528.470
153	529.340
154	529.280
155	528.950
156	528.440
157	528.490
158	528.100
159	528.610
161	528.760
162	528.170
164	528.520
166	528.920
167	528.270
169	529.260
170	528.700
171	529.390
172	528.890
175	528.480
177	529.090
178	528.770
179	529.020
180	528.910
181	528.780
183	528.520
184	528.100
185	528.980
186	529.340
187	528.180
188	528.010
189	529.170
190	528.500
191	528.980
192	528.030
193	528.880
194	529.210
195	529.100
196	528.230
197	529.420
198	528.320
201	528.150
202	529.500
203	529.200
206	528.350
207	528.020
208	528.570
209	529.280
210	528.290
212	529.430
213	529.010
214	529.220
215	528.460
216	529.220
217	529.480
219	529.390
221	528.790
222	528.390
224	528.850
225	529.170
226	529.060
227	528.510
228	528.840
229	528.530
230	528.600
231	528.930
232	528.130
233	529.500
235	528.910
236	528.120
237	529.030
238	528.550
239	528.340
240	528.360
242	528.210
243	528.690
244	528.190
245	529.310
246	528.820
247	529.190
248	529.130
249	528.690
251	529.390
253	528.240
254	528.620
256	528.930
258	529.200
259	528.980
260	528.860
261	529.450
262	528.710
264	528.250
265	528.970
266	529.020
267	528.810
268	529.180
269	529.210
271	529.070
272	528.310
274	528.570
275	528.970
276	528.600
277	529.300
278	529.340
280	528.610
282	528.410
283	529.240
284	529.300
285	529.040
286	528.760
289	528.710
290	529.170
291	529.320
292	528.950
294	528.510
298	528.210
300	529.140
303	528.980
304	528.240
305	528.230
306	529.490
307	528.450
308	529.020
310	528.300
311	529.080
312	528.330
315	528.260
318	528.960
319	529.390
320	528.570
321	528.220
322	528.440
323	529.240
325	528.590
326	528.010
329	529.060
330	528.130
331	529.300
332	528.860
334	528.120
335	529.040
336	528.150
339	528.870
341	529.130
344	529.010
345	529.410
346	529.080
347	528.950
349	529.250
350	529.380
351	529.200
352	528.710
353	529.380
354	528.710
355	529.130
356	528.910
358	528.880
359	528.570
360	529.200
361	528.920
362	528.060
363	529.190
364	528.340
366	528.020
367	529.140
368	528.530
369	528.760
372	528.420
373	528.030
374	528.900
376	529.080
377	529.150
378	528.050
380	528.170
381	529.140
382	528.090
384	528.560
385	529.470
386	528.870
387	528.350
389	528.960
390	528.560
391	528.020
393	529.280
394	528.130
395	528.790
396	528.410
397	529.300
398	528.760
399	528.770
401	528.120
402	529.100
403	529.400
404	528.910
405	529.410
406	528.490
408	528.670
411	529.080
412	528.240
415	528.440
418	528.990
419	528.950
420	529.250
421	529.200
424	529.410
425	528.420
427	528.900
428	528.790
429	528.540
431	528.320
432	528.490
433	528.400
434	528.930
436	528.140
437	528.700
440	529.240
441	528.890
442	528.250
443	528.350
444	529.030
446	529.140
447	529.250
449	528.900
450	528.160
451	528.690
452	529.150
453	529.430
454	529.240
455	528.440
457	529.340
458	528.920
459	528.230
460	528.540
462	528.280
467	528.440
470	529.440
471	528.740
472	529.260
473	528.490
474	529.220
476	528.690
477	528.650
478	529.240
479	528.180
483	528.230
484	528.320
485	528.080
486	529.120
489	528.540
491	528.850
494	528.240
495	528.850
496	528.070
497	529.490
498	528.660
499	528.040
500	528.060
1	530.090
2	530.700
3	530.160
4	529.980
5	529.700
8	530.420
9	530.440
12	530.830
14	530.720
15	529.780
17	530.750
18	529.730
21	530.860
23	530.020
24	530.880
26	530.670
28	530.390
29	530.830
30	530.170
31	530.990
32	529.620
33	530.520
34	530.600
35	529.570
36	530.540
37	530.670
38	530.440
39	530.400
40	529.910
42	530.790
43	530.780
44	530.200
45	529.920
48	530.970
51	529.910
52	530.040
53	530.840
55	530.780
56	529.580
57	530.840
58	530.540
59	530.880
62	529.650
63	529.890
64	530.930
65	530.450
66	530.380
67	530.120
70	530.520
71	530.910
72	530.970
74	530.710
75	530.820
77	530.420
78	529.880
80	530.870
83	530.160
84	530.320
86	529.650
87	529.660
88	530.030
89	529.840
90	530.400
91	530.610
92	529.990
93	530.030
94	529.630
95	529.530
96	530.160
97	530.110
98	530.500
99	530.050
102	530.020
103	530.230
104	529.750
106	530.080
108	530.660
109	530.500
111	530.810
113	529.510
114	530.260
115	530.830
117	530.700
119	530.500
120	530.110
121	530.820
122	529.970
123	530.750
124	530.820
125	530.010
126	530.040
127	530.020
130	529.550
133	530.750
134	530.060
135	530.800
136	530.520
137	530.990
140	529.620
141	530.180
142	530.020
143	529.990
144	530.570
145	530.860
148	529.840
149	530.730
150	530.480
151	529.590
152	529.900
155	530.960
156	530.450
157	530.500
158	530.110
159	530.620
160	529.640
161	530.770
162	530.180
163	529.780
164	530.530
165	529.930
166	530.930
167	530.280
168	529.710
170	530.710
172	530.900
173	529.770
174	529.630
175	530.490
176	529.540
178	530.780
180	530.920
181	530.790
182	529.980
183	530.530
184	530.110
185	530.990
187	530.190
188	530.020
190	530.510
191	530.990
192	530.040
193	530.890
196	530.240
198	530.330
199	529.900
200	529.600
201	530.160
204	529.990
205	529.770
206	530.360
207	530.030
208	530.580
210	530.300
211	529.830
215	530.470
218	529.930
220	529.990
221	530.800
222	530.400
223	529.620
224	530.860
227	530.520
228	530.850
229	530.540
230	530.610
231	530.940
232	530.140
234	529.940
235	530.920
236	530.130
238	530.560
239	530.350
240	530.370
241	529.820
242	530.220
243	530.700
244	530.200
246	530.830
249	530.700
250	529.990
252	529.700
253	530.250
254	530.630
255	529.660
256	530.940
257	529.990
259	530.990
260	530.870
262	530.720
263	529.540
264	530.260
265	530.980
267	530.820
270	529.780
272	530.320
273	529.860
274	530.580
275	530.980
276	530.610
279	529.880
280	530.620
281	529.800
282	530.420
286	530.770
287	529.830
288	529.550
289	530.720
292	530.960
293	529.550
294	530.520
295	529.640
296	529.680
297	529.750
298	530.220
299	529.530
301	529.990
302	529.650
303	530.990
304	530.250
305	530.240
307	530.460
309	529.550
310	530.310
312	530.340
313	529.920
314	529.810
315	530.270
316	529.850
317	529.700
318	530.970
320	530.580
321	530.230
322	530.450
324	529.920
325	530.600
326	530.020
327	529.520
328	529.760
330	530.140
332	530.870
333	529.990
334	530.130
336	530.160
337	529.970
338	529.550
339	530.880
340	529.530
342	529.510
343	529.560
347	530.960
348	529.690
352	530.720
354	530.720
356	530.920
357	529.880
358	530.890
359	530.580
361	530.930
362	530.070
364	530.350
365	529.580
366	530.030
368	530.540
369	530.770
370	529.970
371	529.900
372	530.430
373	530.040
374	530.910
375	529.830
378	530.060
379	529.780
380	530.180
382	530.100
383	529.560
384	530.570
386	530.880
387	530.360
388	529.680
389	530.970
390	530.570
391	530.030
392	529.510
394	530.140
395	530.800
396	530.420
398	530.770
399	530.780
400	529.700
401	530.130
404	530.920
406	530.500
407	529.680
408	530.680
409	529.630
410	529.820
412	530.250
413	529.650
414	529.860
415	530.450
416	529.730
417	529.540
418	531.000
419	530.960
422	529.530
423	529.920
425	530.430
426	529.580
427	530.910
428	530.800
429	530.550
430	529.520
431	530.330
432	530.500
433	530.410
434	530.940
435	529.630
436	530.150
437	530.710
438	530.010
439	529.580
441	530.900
442	530.260
443	530.360
445	529.930
448	529.780
449	530.910
450	530.170
451	530.700
455	530.450
456	529.880
458	530.930
459	530.240
460	530.550
461	529.920
462	530.290
463	529.990
464	529.970
465	529.730
466	529.670
467	530.450
468	529.530
469	529.550
471	530.750
473	530.500
475	529.790
476	530.700
477	530.660
479	530.190
480	529.710
481	529.890
482	529.960
483	530.240
484	530.330
485	530.090
487	529.710
488	529.800
489	530.550
490	529.740
491	530.860
492	529.770
493	529.570
494	530.250
495	530.860
496	530.080
498	530.670
499	530.050
500	530.070
1	532.100
3	532.170
4	531.990
5	531.710
6	531.240
7	531.430
8	532.430
9	532.450
10	531.510
11	531.510
13	531.010
15	531.790
16	531.340
18	531.740
19	531.260
20	531.020
22	531.160
23	532.030
25	531.050
27	531.480
28	532.400
30	532.180
32	531.630
35	531.580
38	532.450
39	532.410
40	531.920
41	531.290
44	532.210
45	531.930
46	531.130
47	531.140
49	531.180
50	531.250
51	531.920
52	532.050
54	531.440
56	531.590
60	531.480
61	531.170
62	531.660
63	531.900
65	532.460
66	532.390
67	532.130
68	531.280
69	531.040
73	531.250
76	531.430
77	532.430
78	531.890
79	531.440
81	531.420
82	531.040
83	532.170
84	532.330
85	531.220
86	531.660
87	531.670
88	532.040
89	531.850
90	532.410
92	532.000
93	532.040
94	531.640
95	531.540
96	532.170
97	532.120
99	532.060
100	531.020
101	531.250
102	532.030
103	532.240
104	531.760
105	531.360
106	532.090
107	531.470
110	531.180
112	531.120
113	531.520
114	532.270
116	531.470
118	531.080
120	532.120
122	531.980
125	532.020
126	532.050
127	532.030
128	531.510
129	531.230
130	531.560
131	531.510
132	531.330
134	532.070
138	531.390
139	531.470
140	531.630
141	532.190
142	532.030
143	532.000
146	531.460
147	531.010
148	531.850
150	532.490
151	531.600
152	531.910
153	531.350
154	531.290
156	532.460
158	532.120
160	531.650
162	532.190
163	531.790
165	531.940
167	532.290
168	531.720
169	531.270
171	531.400
173	531.780
174	531.640
175	532.500
176	531.550
177	531.100
179	531.030
182	531.990
184	532.120
186	531.350
187	532.200
188	532.030
189	531.180
192	532.050
194	531.220
195	531.110
196	532.250
197	531.430
198	532.340
199	531.910
200	531.610
201	532.170
202	531.510
203	531.210
204	532.000
205	531.780
206	532.370
207	532.040
209	531.290
210	532.310
211	531.840
212	531.440
213	531.020
214	531.230
215	532.480
216	531.230
217	531.490
218	531.940
219	531.400
220	532.000
222	532.410
223	531.630
225	531.180
226	531.070
232	532.150
233	531.510
234	531.950
236	532.140
237	531.040
239	532.360
240	532.380
241	531.830
242	532.230
244	532.210
245	531.320
247	531.200
248	531.140
250	532.000
251	531.400
252	531.710
253	532.260
255	531.670
257	532.000
258	531.210
261	531.460
263	531.550
264	532.270
266	531.030
268	531.190
269	531.220
270	531.790
271	531.080
272	532.330
273	531.870
277	531.310
278	531.350
279	531.890
281	531.810
282	532.430
283	531.250
284	531.310
285	531.050
287	531.840
288	531.560
290	531.180
291	531.330
293	531.560
295	531.650
296	531.690
297	531.760
298	532.230
299	531.540
300	531.150
301	532.000
302	531.660
304	532.260
305	532.250
306	531.500
307	532.470
308	531.030
309	531.560
310	532.320
311	531.090
312	532.350
313	531.930
314	531.820
315	532.280
316	531.860
317	531.710
319	531.400
321	532.240
322	532.460
323	531.250
324	531.930
326	532.030
327	531.530
328	531.770
329	531.070
330	532.150
331	531.310
333	532.000
334	532.140
335	531.050
336	532.170
337	531.980
338	531.560
340	531.540
341	531.140
342	531.520
343	531.570
344	531.020
345	531.420
346	531.090
348	531.700
349	531.260
350	531.390
351	531.210
353	531.390
355	531.140
357	531.890
360	531.210
362	532.080
363	531.200
364	532.360
365	531.590
366	532.040
367	531.150
370	531.980
371	531.910
372	532.440
373	532.050
375	531.840
376	531.090
377	531.160
378	532.070
379	531.790
380	532.190
381	531.150
382	532.110
383	531.570
385	531.480
387	532.370
388	531.690
391	532.040
392	531.520
393	531.290
394	532.150
396	532.430
397	531.310
400	531.710
401	532.140
402	531.110
403	531.410
405	531.420
407	531.690
409	531.640
410	531.830
411	531.090
412	532.260
413	531.660
414	531.870
415	532.460
416	531.740
417	531.550
420	531.260
421	531.210
422	531.540
423	531.930
424	531.420
425	532.440
426	531.590
430	531.530
431	532.340
433	532.420
435	531.640
436	532.160
438	532.020
439	531.590
440	531.250
442	532.270
443	532.370
444	531.040
445	531.940
446	531.150
447	531.260
448	531.790
450	532.180
452	531.160
453	531.440
454	531.250
455	532.460
456	531.890
457	531.350
459	532.250
461	531.930
462	532.300
463	532.000
464	531.980
465	531.740
466	531.680
467	532.460
468	531.540
469	531.560
470	531.450
472	531.270
474	531.230
475	531.800
478	531.250
479	532.200
480	531.720
481	531.900
482	531.970
483	532.250
484	532.340
485	532.100
486	531.130
487	531.720
488	531.810
490	531.750
492	531.780
493	531.580
494	532.260
496	532.090
497	531.500
499	532.060
500	532.080
2	532.710
4	534.000
5	533.720
6	533.250
7	533.440
10	533.520
11	533.520
12	532.840
13	533.020
14	532.730
15	533.800
16	533.350
17	532.760
18	533.750
19	533.270
20	533.030
21	532.870
22	533.170
24	532.890
25	533.060
26	532.680
27	533.490
29	532.840
31	533.000
32	533.640
33	532.530
34	532.610
35	533.590
36	532.550
37	532.680
41	533.300
42	532.800
43	532.790
45	533.940
46	533.140
47	533.150
48	532.980
49	533.190
50	533.260
51	533.930
53	532.850
54	533.450
55	532.790
56	533.600
57	532.850
58	532.550
59	532.890
60	533.490
61	533.180
62	533.670
63	533.910
64	532.940
68	533.290
69	533.050
70	532.530
71	532.920
72	532.980
73	533.260
74	532.720
75	532.830
76	533.440
78	533.900
79	533.450
80	532.880
81	533.430
82	533.050
85	533.230
86	533.670
87	533.680
89	533.860
91	532.620
94	533.650
95	533.550
98	532.510
100	533.030
101	533.260
104	533.770
105	533.370
107	533.480
108	532.670
109	532.510
110	533.190
111	532.820
112	533.130
113	533.530
115	532.840
116	533.480
117	532.710
118	533.090
119	532.510
121	532.830
122	533.990
123	532.760
124	532.830
128	533.520
129	533.240
130	533.570
131	533.520
132	533.340
133	532.760
135	532.810
136	532.530
137	533.000
138	533.400
139	533.480
140	533.640
144	532.580
145	532.870
146	533.470
147	533.020
148	533.860
149	532.740
151	533.610
152	533.920
153	533.360
154	533.300
155	532.970
157	532.510
159	532.630
160	533.660
161	532.780
163	533.800
164	532.540
165	533.950
166	532.940
168	533.730
169	533.280
170	532.720
171	533.410
172	532.910
173	533.790
174	533.650
176	533.560
177	533.110
178	532.790
179	533.040
180	532.930
181	532.800
182	534.000
183	532.540
185	533.000
186	533.360
189	533.190
190	532.520
191	533.000
193	532.900
194	533.230
195	533.120
197	533.440
199	533.920
200	533.620
202	533.520
203	533.220
205	533.790
208	532.590
209	533.300
211	533.850
212	533.450
213	533.030
214	533.240
216	533.240
217	533.500
218	533.950
219	533.410
221	532.810
223	533.640
224	532.870
225	533.190
226	533.080
227	532.530
228	532.860
229	532.550
230	532.620
231	532.950
233	533.520
234	533.960
235	532.930
237	533.050
238	532.570
241	533.840
243	532.710
245	533.330
246	532.840
247	533.210
248	533.150
249	532.710
251	533.410
254	532.640
255	533.680
256	532.950
258	533.220
259	533.000
260	532.880
261	533.470
262	532.730
263	533.560
265	532.990
266	533.040
267	532.830
268	533.200
269	533.230
270	533.800
271	533.090
273	533.880
274	532.590
275	532.990
276	532.620
278	533.360
279	533.900
280	532.630
281	533.820
283	533.260
284	533.320
285	533.060
286	532.780
287	533.850
288	533.570
289	532.730
290	533.190
291	533.340
292	532.970
293	533.570
294	532.530
295	533.660
296	533.700
297	533.770
299	533.550
300	533.160
302	533.670
303	533.000
306	533.510
308	533.040
309	533.570
311	533.100
313	533.940
316	533.870
317	533.720
318	532.980
319	533.410
320	532.590
323	533.260
324	533.940
325	532.610
327	533.540
328	533.780
329	533.080
331	533.320
332	532.880
335	533.060
337	533.990
338	533.570
339	532.890
340	533.550
341	533.150
342	533.530
343	533.580
344	533.030
345	533.430
346	533.100
347	532.970
348	533.710
349	533.270
350	533.400
351	533.220
352	532.730
353	533.400
354	532.730
355	533.150
356	532.930
357	533.900
358	532.900
359	532.590
360	533.220
361	532.940
363	533.210
365	533.600
367	533.160
368	532.550
369	532.780
370	533.990
371	533.920
374	532.920
375	533.850
376	533.100
377	533.170
379	533.800
381	533.160
383	533.580
384	532.580
385	533.490
386	532.890
388	533.700
389	532.980
390	532.580
392	533.530
393	533.300
395	532.810
397	533.320
398	532.780
399	532.790
400	533.720
402	533.120
403	533.420
404	532.930
405	533.430
406	532.510
407	533.700
408	532.690
409	533.650
410	533.840
411	533.100
413	533.670
414	533.880
416	533.750
417	533.560
418	533.010
419	532.970
420	533.270
421	533.220
422	533.550
423	533.940
424	533.430
426	533.600
427	532.920
428	532.810
429	532.560
430	533.540
432	532.510
434	532.950
435	533.650
437	532.720
439	533.600
440	533.260
441	532.910
444	533.050
445	533.950
446	533.160
447	533.270
448	533.800
449	532.920
451	532.710
452	533.170
453	533.450
454	533.260
456	533.900
457	533.360
458	532.940
460	532.560
461	533.940
464	533.990
465	533.750
466	533.690
468	533.550
469	533.570
470	533.460
471	532.760
472	533.280
473	532.510
474	533.240
475	533.810
476	532.710
477	532.670
478	533.260
480	533.730
481	533.910
482	533.980
486	533.140
487	533.730
488	533.820
489	532.560
490	533.760
491	532.870
492	533.790
493	533.590
495	532.870
497	533.510
498	532.680
1	534.110
2	534.720
3	534.180
6	535.260
7	535.450
8	534.440
9	534.460
12	534.850
14	534.740
16	535.360
17	534.770
19	535.280
20	535.040
21	534.880
22	535.180
23	534.040
24	534.900
25	535.070
26	534.690
27	535.500
28	534.410
29	534.850
30	534.190
31	535.010
33	534.540
34	534.620
36	534.560
37	534.690
38	534.460
39	534.420
41	535.310
42	534.810
43	534.800
44	534.220
46	535.150
48	534.990
49	535.200
50	535.270
52	534.060
53	534.860
54	535.460
55	534.800
57	534.860
58	534.560
59	534.900
60	535.500
61	535.190
64	534.950
65	534.470
66	534.400
67	534.140
68	535.300
69	535.060
70	534.540
73	535.270
74	534.730
75	534.840
77	534.440
79	535.460
80	534.890
81	535.440
82	535.060
84	534.340
85	535.240
88	534.050
90	534.420
91	534.630
92	534.010
93	534.050
96	534.180
97	534.130
98	534.520
99	534.070
100	535.040
101	535.270
102	534.040
105	535.380
106	534.100
107	535.490
108	534.680
109	534.520
110	535.200
111	534.830
112	535.140
114	534.280
115	534.850
116	535.490
117	534.720
118	535.100
119	534.520
120	534.130
121	534.840
123	534.770
124	534.840
125	534.030
126	534.060
127	534.040
129	535.250
132	535.350
133	534.770
134	534.080
135	534.820
136	534.540
137	535.010
138	535.410
139	535.490
141	534.200
142	534.040
143	534.010
144	534.590
145	534.880
146	535.480
147	535.030
149	534.750
150	534.500
153	535.370
154	535.310
155	534.980
156	534.470
157	534.520
158	534.130
159	534.640
161	534.790
162	534.200
164	534.550
166	534.950
167	534.300
169	535.290
170	534.730
171	535.420
172	534.920
175	534.510
177	535.120
178	534.800
179	535.050
181	534.810
183	534.550
184	534.130
185	535.010
186	535.370
187	534.210
188	534.040
189	535.200
190	534.530
191	535.010
192	534.060
193	534.910
194	535.240
195	535.130
196	534.260
197	535.450
198	534.350
203	535.230
204	534.010
206	534.380
207	534.050
208	534.600
209	535.310
210	534.320
212	535.460
213	535.040
214	535.250
215	534.490
216	535.250
219	535.420
220	534.010
221	534.820
222	534.420
224	534.880
225	535.200
226	535.090
227	534.540
228	534.870
229	534.560
230	534.630
231	534.960
232	534.160
235	534.940
236	534.150
237	535.060
238	534.580
239	534.370
240	534.390
242	534.240
243	534.720
244	534.220
245	535.340
246	534.850
247	535.220
248	535.160
249	534.720
250	534.010
251	535.420
253	534.270
254	534.650
256	534.960
257	534.010
258	535.230
259	535.010
260	534.890
261	535.480
262	534.740
264	534.280
265	535.000
266	535.050
267	534.840
268	535.210
269	535.240
271	535.100
272	534.340
274	534.600
275	535.000
276	534.630
278	535.370
280	534.640
282	534.440
283	535.270
284	535.330
285	535.070
286	534.790
289	534.740
290	535.200
291	535.350
292	534.980
294	534.540
298	534.240
300	535.170
301	534.010
303	535.010
304	534.270
305	534.260
307	534.480
308	535.050
310	534.330
312	534.360
315	534.290
318	534.990
319	535.420
320	534.600
321	534.250
322	534.470
323	535.270
325	534.620
326	534.040
329	535.090
330	534.160
331	535.330
332	534.890
333	534.010
334	534.150
336	534.180
339	534.900
344	535.040
345	535.440
346	535.110
347	534.980
349	535.280
350	535.410
351	535.230
352	534.740
353	535.410
354	534.740
355	535.160
356	534.940
358	534.910
359	534.600
360	535.230
361	534.950
362	534.090
363	535.220
364	534.370
366	534.050
367	535.170
369	534.790
372	534.450
373	534.060
374	534.930
376	535.110
377	535.180
378	534.080
380	534.200
381	535.170
382	534.120
384	534.590
386	534.900
387	534.380
389	534.990
390	534.590
391	534.050
393	535.310
394	534.160
395	534.820
396	534.440
397	535.330
398	534.790
401	534.150
402	535.130
403	535.430
404	534.940
405	535.440
406	534.520
408	534.700
411	535.110
412	534.270
415	534.470
418	535.020
419	534.980
420	535.280
421	535.230
424	535.440
425	534.450
427	534.930
428	534.820
429	534.570
431	534.350
432	534.520
433	534.430
434	534.960
436	534.170
437	534.730
438	534.030
440	535.270
441	534.920
442	534.280
443	534.380
444	535.060
446	535.170
447	535.280
450	534.190
451	534.720
452	535.180
453	535.460
454	535.270
455	534.470
458	534.950
459	534.260
460	534.570
462	534.310
463	534.010
467	534.470
470	535.470
471	534.770
472	535.290
473	534.520
474	535.250
476	534.720
477	534.680
478	535.270
479	534.210
483	534.260
484	534.350
485	534.110
486	535.150
489	534.570
491	534.880
494	534.270
495	534.880
496	534.100
498	534.690
499	534.070
500	534.090
1	536.120
2	536.730
3	536.190
5	535.730
8	536.450
9	536.470
10	535.530
11	535.530
14	536.750
15	535.810
17	536.780
21	536.890
24	536.910
26	536.700
28	536.420
29	536.860
30	536.200
32	535.650
33	536.550
34	536.630
35	535.600
36	536.570
37	536.700
39	536.430
43	536.810
44	536.230
45	535.950
48	537.000
51	535.940
52	536.070
53	536.870
56	535.610
57	536.870
58	536.570
59	536.910
62	535.680
63	535.920
64	536.960
65	536.480
67	536.150
70	536.550
74	536.740
77	536.450
80	536.900
84	536.350
86	535.680
87	535.690
88	536.060
89	535.870
90	536.430
93	536.060
94	535.660
95	535.560
96	536.190
98	536.530
99	536.080
102	536.050
104	535.780
106	536.110
108	536.690
109	536.530
113	535.540
117	536.730
119	536.530
121	536.850
122	536.000
123	536.780
124	536.850
125	536.040
127	536.050
128	535.530
130	535.580
131	535.530
134	536.090
135	536.830
136	536.550
140	535.650
141	536.210
142	536.050
143	536.020
144	536.600
148	535.870
150	536.510
151	535.620
155	536.990
158	536.140
159	536.650
160	535.670
162	536.210
163	535.810
164	536.560
165	535.960
166	536.960
167	536.310
168	535.740
170	536.740
172	536.930
173	535.800
174	535.660
175	536.520
176	535.570
178	536.810
181	536.820
184	536.140
187	536.220
188	536.050
192	536.070
193	536.920
196	536.270
198	536.360
199	535.930
200	535.630
202	535.530
204	536.020
205	535.800
206	536.390
207	536.060
208	536.610
211	535.860
215	536.500
220	536.020
222	536.430
223	535.650
224	536.890
227	536.550
228	536.880
229	536.570
230	536.640
231	536.970
233	535.530
234	535.970
235	536.950
236	536.160
238	536.590
239	536.380
240	536.400
241	535.850
242	536.250
243	536.730
246	536.860
249	536.730
250	536.020
254	536.660
255	535.690
256	536.970
257	536.020
260	536.900
262	536.750
263	535.570
267	536.850
270	535.810
272	536.350
273	535.890
274	536.610
276	536.640
281	535.830
282	536.450
287	535.860
288	535.580
289	536.750
292	536.990
293	535.580
294	536.550
295	535.670
296	535.710
297	535.780
298	536.250
299	535.560
301	536.020
302	535.680
304	536.280
305	536.270
306	535.520
307	536.490
309	535.580
310	536.340
312	536.370
313	535.950
315	536.300
316	535.880
318	537.000
320	536.610
321	536.260
322	536.480
324	535.950
325	536.630
326	536.050
327	535.550
328	535.790
330	536.170
332	536.900
334	536.160
337	536.000
338	535.580
339	536.910
340	535.560
342	535.540
343	535.590
348	535.720
352	536.750
354	536.750
356	536.950
357	535.910
359	536.610
361	536.960
365	535.610
370	536.000
371	535.930
372	536.460
373	536.070
374	536.940
375	535.860
378	536.090
379	535.810
380	536.210
382	536.130
383	535.590
384	536.600
386	536.910
387	536.390
388	535.710
389	537.000
390	536.600
391	536.060
392	535.540
394	536.170
395	536.830
396	536.450
400	535.730
401	536.160
404	536.950
409	535.660
410	535.850
412	536.280
413	535.680
414	535.890
415	536.480
416	535.760
417	535.570
419	536.990
422	535.560
423	535.950
425	536.460
426	535.610
428	536.830
429	536.580
430	535.550
432	536.530
433	536.440
435	535.660
438	536.040
439	535.610
441	536.930
442	536.290
443	536.390
445	535.960
448	535.810
450	536.200
455	536.480
456	535.910
459	536.270
460	536.580
461	535.950
462	536.320
463	536.020
464	536.000
465	535.760
467	536.480
468	535.560
469	535.580
471	536.780
473	536.530
475	535.820
476	536.730
477	536.690
479	536.220
480	535.740
481	535.920
482	535.990
483	536.270
484	536.360
485	536.120
488	535.830
490	535.770
492	535.800
493	535.600
494	536.280
496	536.110
497	535.520
498	536.700
499	536.080
500	536.100
5	537.740
6	537.270
7	537.460
8	538.460
9	538.480
11	537.540
15	537.820
16	537.370
19	537.290
20	537.050
25	537.080
27	537.510
30	538.210
31	537.020
32	537.660
39	538.440
44	538.240
46	537.160
49	537.210
50	537.280
51	537.950
54	537.470
56	537.620
61	537.200
63	537.930
67	538.160
68	537.310
73	537.280
77	538.460
79	537.470
81	537.450
82	537.070
84	538.360
85	537.250
87	537.700
88	538.070
94	537.670
96	538.200
99	538.090
100	537.050
101	537.280
104	537.790
106	538.120
110	537.210
112	537.150
113	537.550
116	537.500
118	537.110
122	538.010
127	538.060
128	537.540
129	537.260
130	537.590
137	537.020
141	538.220
142	538.060
143	538.030
148	537.880
151	537.630
153	537.380
154	537.320
160	537.680
165	537.970
168	537.750
171	537.430
177	537.130
179	537.060
184	538.150
185	537.020
187	538.230
188	538.060
189	537.210
191	537.020
192	538.080
194	537.250
195	537.140
196	538.280
197	537.460
199	537.940
200	537.640
203	537.240
204	538.030
205	537.810
207	538.070
212	537.470
216	537.260
219	537.430
220	538.030
222	538.440
223	537.660
225	537.210
226	537.100
233	537.540
236	538.170
237	537.070
245	537.350
247	537.230
248	537.170
250	538.030
251	537.430
255	537.700
259	537.020
261	537.490
265	537.010
266	537.060
268	537.220
269	537.250
270	537.820
271	537.110
272	538.360
273	537.900
278	537.380
281	537.840
283	537.280
284	537.340
288	537.590
290	537.210
291	537.360
293	537.590
295	537.680
296	537.720
297	537.790
299	537.570
301	538.030
302	537.690
303	537.020
305	538.280
308	537.060
309	537.590
310	538.350
315	538.310
319	537.430
322	538.490
323	537.280
324	537.960
326	538.060
327	537.560
329	537.100
331	537.340
338	537.590
340	537.570
344	537.050
345	537.450
348	537.730
349	537.290
350	537.420
360	537.240
363	537.230
365	537.620
367	537.180
370	538.010
372	538.470
373	538.080
375	537.870
376	537.120
377	537.190
379	537.820
380	538.220
381	537.180
383	537.600
392	537.550
394	538.180
396	538.460
397	537.340
400	537.740
401	538.170
402	537.140
405	537.450
409	537.670
413	537.690
415	538.490
418	537.030
420	537.290
421	537.240
424	537.450
426	537.620
430	537.560
443	538.400
444	537.070
445	537.970
447	537.290
450	538.210
452	537.190
453	537.470
454	537.280
459	538.280
462	538.330
463	538.030
465	537.770
472	537.300
475	537.830
479	538.230
481	537.930
482	538.000
486	537.160
492	537.810
494	538.290
496	538.120
497	537.530
500	538.110
5	539.750
6	539.280
15	539.830
19	539.300
20	539.060
21	538.900
34	538.640
43	538.820
49	539.220
54	539.480
58	538.580
59	538.920
63	539.940
70	538.560
73	539.290
74	538.750
98	538.540
109	538.540
110	539.220
113	539.560
116	539.510
118	539.120
135	538.840
153	539.390
164	538.570
171	539.440
172	538.940
175	538.530
177	539.140
178	538.820
179	539.070
199	539.950
203	539.250
208	538.620
215	538.510
228	538.890
237	539.080
243	538.740
245	539.360
246	538.870
247	539.240
248	539.180
249	538.740
259	539.030
271	539.120
283	539.290
289	538.760
290	539.220
293	539.600
294	538.560
297	539.800
308	539.070
319	539.440
320	538.620
324	539.970
329	539.110
331	539.350
332	538.910
340	539.580
348	539.740
349	539.300
352	538.760
354	538.760
360	539.250
361	538.970
367	539.190
377	539.200
379	539.830
381	539.190
383	539.610
384	538.610
389	539.010
390	538.610
392	539.560
400	539.750
404	538.960
405	539.460
413	539.700
421	539.250
426	539.630
444	539.080
465	539.780
472	539.310
473	538.540
476	538.740
492	539.820
497	539.540
498	538.710
73	541.300
98	540.550
99	540.100
142	540.070
143	540.040
178	540.830
184	540.160
188	540.070
192	540.090
220	540.040
228	540.900
237	541.090
243	540.750
247	541.250
272	540.370
319	541.450
401	540.180
482	540.010
116	541.520
188	542.080
293	541.610
383	541.620
413	541.710
236	605.290
375	605.220
33	606.200
296	606.120
13	608.980
236	608.450
375	608.480
432	608.580
494	608.550
51	610.390
238	609.670
283	610.360
416	610.440
442	609.510
90	611.250
122	610.660
167	611.170
230	610.600
242	610.850
263	610.760
414	611.470
440	611.990
461	610.740
464	611.340
474	610.790
475	610.590
484	611.210
491	610.570
22	613.040
51	612.870
61	612.610
62	612.560
80	612.920
84	612.640
95	612.250
133	613.150
154	612.550
161	612.210
238	612.630
242	613.440
253	613.180
295	613.210
311	613.410
317	612.590
320	612.920
333	613.340
416	612.880
441	612.830
444	612.180
446	612.850
474	613.070
486	613.300
5	614.950
38	613.730
46	614.760
52	613.660
62	614.780
64	614.190
72	614.190
73	613.800
122	613.930
124	613.580
145	614.300
161	614.420
165	613.530
176	614.810
181	613.890
201	614.090
222	614.270
230	613.580
231	613.950
235	613.790
262	614.540
263	613.580
266	614.580
268	614.180
283	613.860
285	614.760
298	614.830
302	614.580
309	614.890
353	614.330
391	613.710
413	613.570
433	614.700
444	614.260
491	614.040
499	613.950
3	615.910
9	615.250
22	615.310
29	615.650
38	615.750
44	616.100
52	615.670
65	616.040
71	615.600
78	615.380
80	615.020
95	615.130
101	615.950
102	615.650
113	616.440
125	615.780
139	616.290
152	616.340
154	616.320
158	615.040
161	616.430
167	615.330
168	615.660
181	615.900
182	616.180
183	615.700
193	615.500
199	615.150
213	615.140
224	615.790
230	615.930
240	615.850
242	615.980
244	616.100
248	615.590
254	615.830
271	615.340
276	615.130
280	616.370
288	616.350
292	615.790
311	615.420
314	615.450
318	616.250
331	615.220
333	615.350
343	615.030
353	616.340
371	615.690
380	616.340
386	615.440
393	616.010
395	615.300
397	615.520
414	615.800
417	616.250
420	615.740
440	615.950
441	615.340
449	615.810
462	616.410
474	615.240
486	615.880
489	616.010
492	616.440
496	616.460
5	616.960
19	617.370
22	617.320
29	617.660
35	617.180
38	617.760
47	616.570
52	617.680
54	616.700
55	616.740
62	617.830
64	617.170
71	617.610
72	616.520
73	617.330
74	617.190
75	617.470
77	617.300
79	617.810
80	617.030
81	616.530
93	617.230
96	616.960
99	617.120
102	617.690
103	617.090
105	617.250
111	617.140
115	617.420
127	617.060
130	618.000
145	617.490
146	617.980
158	617.630
168	617.670
170	617.430
173	617.840
176	616.820
181	617.910
183	617.710
192	616.890
208	617.470
213	617.150
214	617.110
221	616.780
224	617.800
227	617.210
241	617.430
245	617.010
250	617.880
254	617.880
255	616.870
259	617.920
262	617.330
263	616.780
265	617.320
266	616.660
269	617.050
285	617.370
286	617.530
287	616.750
291	617.220
295	616.520
298	617.940
302	616.590
306	617.480
308	617.160
309	617.910
311	617.430
314	617.460
333	617.360
337	616.740
342	617.670
352	616.740
357	617.720
364	617.080
386	617.450
387	617.160
390	617.480
391	616.860
392	617.950
400	617.480
407	617.670
410	617.000
413	617.070
423	616.560
427	617.480
429	616.540
433	616.930
436	617.240
441	617.410
451	616.530
464	616.830
474	617.250
479	617.730
484	617.440
487	616.630
490	617.800
498	617.710
499	616.650
3	618.910
5	618.970
7	619.470
8	619.470
9	618.380
12	618.740
15	618.820
19	619.380
20	618.590
22	619.330
24	618.570
25	618.950
26	618.290
41	618.420
45	618.750
46	618.790
47	618.580
48	618.860
55	618.920
58	618.290
60	619.000
63	619.420
64	619.250
65	618.050
74	619.200
75	619.480
80	619.040
81	618.770
83	619.140
86	618.350
93	619.290
96	619.060
101	618.140
103	619.100
104	618.780
111	619.150
113	618.450
118	618.410
127	619.490
131	618.050
133	618.650
134	618.720
139	618.300
142	619.280
149	618.760
152	618.350
156	618.750
161	618.440
162	618.550
164	618.520
166	619.490
175	618.980
176	618.830
180	619.350
182	618.190
188	619.110
190	618.190
192	619.300
194	618.240
197	619.110
198	619.110
199	618.870
207	618.970
208	619.480
209	619.500
212	618.180
213	619.160
214	619.440
218	618.560
221	618.790
222	618.660
223	618.330
225	619.220
230	618.620
240	618.180
241	619.490
244	618.560
245	619.020
247	618.990
248	618.480
252	619.130
255	618.880
256	619.310
262	619.340
263	618.790
265	619.330
266	618.670
275	618.190
276	618.070
279	619.300
280	618.940
281	618.180
287	618.990
288	618.530
291	619.230
297	619.240
302	618.600
303	619.420
306	619.490
307	618.230
308	619.320
317	618.690
320	618.450
324	619.160
326	618.900
330	618.300
331	619.360
332	618.950
333	619.370
334	619.390
335	618.940
336	618.930
337	619.370
340	618.010
344	618.630
352	618.750
353	618.350
354	618.010
363	618.790
364	619.090
366	619.120
367	618.120
369	618.210
372	618.180
380	618.350
386	619.460
389	618.750
390	619.490
393	618.250
394	618.710
398	619.390
405	619.000
408	618.360
409	619.080
414	618.120
416	618.620
417	618.830
419	618.480
420	619.090
422	618.270
423	618.900
429	618.550
433	619.440
434	619.470
435	618.140
436	619.250
439	618.570
449	618.480
451	618.540
458	619.190
461	619.320
462	618.420
464	618.840
474	619.260
481	619.280
483	618.450
484	619.450
486	618.620
487	618.640
489	618.040
491	618.620
492	618.450
495	618.120
496	619.100
499	618.660
2	620.420
3	620.920
5	620.980
15	620.830
20	620.600
21	620.460
24	620.580
25	620.960
26	620.300
29	619.670
30	620.040
32	620.730
35	619.710
37	619.520
38	619.770
40	619.840
41	620.430
44	619.650
46	620.800
47	620.590
48	620.870
50	620.800
52	620.080
54	619.780
55	620.930
58	620.410
61	619.580
62	620.840
65	620.060
66	619.800
67	620.860
69	620.010
70	620.300
71	619.710
77	619.630
79	619.820
81	620.780
86	620.540
87	619.770
89	620.810
90	620.910
94	620.140
100	620.220
101	620.150
102	619.700
104	620.790
105	620.940
107	619.680
108	620.820
112	620.890
113	620.500
115	619.890
116	620.980
118	620.420
121	620.190
122	620.080
128	620.110
130	620.100
131	620.180
134	620.730
137	620.570
139	620.310
141	620.800
145	619.520
147	620.990
148	619.820
149	620.870
151	619.990
152	620.360
153	619.510
156	620.760
158	619.640
162	620.560
163	620.220
164	620.530
167	619.990
168	619.680
170	619.740
172	620.410
173	619.850
175	620.990
176	620.840
178	620.900
181	619.920
182	620.200
183	619.720
185	620.200
190	620.200
191	620.100
193	620.500
199	620.880
202	620.030
203	620.470
204	619.890
206	619.980
210	620.390
212	620.650
217	620.740
218	620.570
221	620.800
222	620.740
223	620.340
224	619.810
226	619.640
227	619.650
228	619.690
229	620.840
230	620.910
231	619.820
239	620.430
240	620.190
244	620.570
246	620.500
247	621.000
248	620.490
250	620.290
251	620.660
254	619.890
255	620.890
258	620.950
259	619.930
260	620.250
263	620.800
266	620.680
270	619.960
271	620.130
273	620.030
275	620.560
276	620.820
280	620.950
281	620.190
282	620.860
286	619.540
289	619.650
295	619.910
301	620.270
302	620.610
304	619.710
305	620.560
307	620.650
310	620.000
315	620.250
317	620.900
326	620.910
330	620.430
335	620.950
336	620.940
339	619.550
340	620.020
342	619.740
344	620.640
346	621.000
349	620.940
352	620.760
353	620.360
354	620.020
357	619.730
358	620.210
360	619.920
363	620.800
367	620.130
369	620.220
372	620.190
376	620.020
377	619.600
380	620.360
382	620.000
383	620.450
385	620.200
388	619.530
389	620.760
391	620.250
393	620.260
394	620.720
395	620.220
396	620.610
399	619.570
400	620.900
401	619.600
408	620.370
413	619.520
416	620.630
417	620.840
419	620.490
422	620.280
423	620.910
425	619.640
427	620.790
429	620.560
435	620.150
439	620.580
441	619.980
445	619.530
449	620.490
451	620.550
452	619.640
456	620.050
459	620.710
462	620.430
464	620.850
471	619.780
476	620.410
477	619.850
479	619.740
480	619.830
482	620.160
485	620.630
487	620.650
489	620.050
490	619.810
491	620.630
492	620.460
493	619.850
495	620.130
498	619.720
499	620.670
1	622.190
2	622.430
8	621.480
9	621.890
11	621.550
12	621.020
13	622.440
16	621.710
19	621.390
21	622.470
22	621.340
23	621.860
26	622.310
29	621.680
30	622.050
35	621.720
36	622.190
38	621.780
40	621.850
41	622.440
42	621.700
43	621.790
44	621.800
49	621.510
51	622.430
52	622.090
54	621.790
58	622.420
59	621.940
60	621.340
61	621.590
63	621.430
64	621.260
65	622.070
66	621.810
68	622.400
69	622.020
70	622.310
73	622.340
74	621.210
75	621.490
77	621.640
78	622.390
79	621.830
80	621.050
83	621.150
85	621.790
87	621.780
93	621.300
94	622.150
96	621.070
99	622.010
100	622.230
101	622.160
102	621.710
103	621.110
107	621.690
110	621.690
111	621.160
114	621.250
115	621.900
118	622.430
120	621.400
121	622.350
122	622.090
123	621.070
125	622.080
127	621.880
128	622.120
130	622.110
131	622.190
133	621.610
139	622.320
145	621.530
148	621.830
152	622.370
154	621.170
155	621.040
157	621.790
158	621.650
163	622.230
166	621.780
167	622.000
168	621.690
170	621.750
172	622.420
173	621.860
174	622.090
177	622.290
180	621.360
181	621.930
182	622.210
183	621.730
184	621.710
185	622.210
188	621.120
190	622.210
191	622.110
192	621.310
194	621.960
197	621.120
198	621.320
203	622.480
204	622.290
206	621.990
207	621.210
208	621.490
209	621.640
210	622.400
213	621.170
214	621.450
215	621.230
219	621.510
223	622.350
224	621.820
225	621.230
226	621.650
227	622.470
228	621.700
231	622.050
233	622.220
234	622.200
238	621.230
239	622.440
240	622.200
241	621.500
245	621.030
248	622.500
250	622.300
252	621.140
254	621.900
256	621.320
259	621.940
260	622.260
261	621.060
262	621.350
264	621.990
265	621.340
268	621.920
269	622.360
270	622.160
271	622.260
273	622.040
277	622.120
279	621.310
281	622.200
284	622.380
285	621.030
286	621.550
287	621.180
288	621.930
289	621.660
291	621.240
292	621.590
293	622.140
295	622.450
297	621.250
298	621.480
299	621.060
301	622.280
303	621.430
306	621.500
308	621.330
310	622.010
313	621.430
315	622.260
320	622.030
323	622.180
324	621.200
328	622.200
329	621.400
330	622.490
331	621.710
332	621.010
333	621.380
334	621.400
339	621.560
340	622.030
341	621.320
342	621.750
343	621.200
353	622.370
354	622.030
356	621.270
357	621.740
358	622.220
359	621.380
360	622.290
361	621.310
364	621.100
366	621.130
367	622.140
368	621.980
369	622.230
372	622.200
374	621.770
376	622.030
377	621.610
378	622.190
380	622.370
382	622.010
383	622.460
385	622.210
386	621.470
387	621.860
390	621.500
391	622.260
393	622.270
395	622.230
398	621.400
399	621.580
401	621.610
403	622.000
404	621.090
405	621.010
407	621.130
408	622.380
409	621.090
413	621.930
414	622.020
419	622.500
420	621.100
422	622.290
425	621.650
428	621.430
430	621.480
431	622.150
433	621.450
434	621.480
435	622.160
436	621.260
437	621.360
440	622.300
441	621.990
442	621.770
443	621.700
444	621.680
445	621.540
449	622.500
452	621.650
455	622.360
457	621.240
458	621.200
460	622.370
461	621.330
462	622.440
466	621.290
468	621.270
471	621.790
472	621.140
473	621.570
474	621.270
476	622.420
477	621.860
478	622.010
479	621.750
481	621.290
482	622.170
483	621.610
484	621.460
486	621.830
488	621.260
489	622.060
490	621.820
492	622.470
493	621.860
494	621.200
495	622.140
496	621.940
498	621.730
500	621.420
3	622.930
4	623.830
5	622.990
6	622.580
8	623.490
9	623.900
10	622.910
11	623.560
12	623.030
14	622.980
15	622.840
16	623.720
17	622.900
19	623.400
20	622.610
22	623.350
23	623.870
24	622.590
25	622.970
29	623.690
31	623.580
32	622.740
35	623.730
37	623.860
38	623.790
40	623.860
42	623.710
43	623.800
44	623.950
46	622.810
47	622.600
48	622.880
49	623.520
50	622.810
53	622.960
54	623.800
55	622.940
59	623.950
60	623.350
61	623.600
62	622.850
63	623.440
64	623.270
66	623.820
67	622.870
71	622.930
74	623.220
75	623.500
76	622.540
77	623.650
79	623.840
80	623.060
81	622.790
83	623.160
85	623.800
86	622.550
87	623.790
88	623.880
89	622.820
90	622.920
93	623.310
95	623.680
96	623.080
98	623.830
102	623.720
103	623.120
104	622.800
105	622.950
106	623.130
107	623.700
108	622.830
109	623.270
110	623.700
111	623.170
112	622.900
113	622.510
114	623.260
115	623.910
116	622.990
120	623.410
123	623.080
127	623.890
133	623.620
134	622.740
135	623.290
137	622.580
141	622.810
142	623.950
145	623.540
146	622.720
147	623.310
148	623.840
149	622.880
151	623.060
153	623.700
154	623.180
155	623.050
156	622.770
158	623.660
159	623.710
160	623.110
161	623.030
162	622.570
164	622.540
166	623.790
168	623.700
170	623.760
173	623.870
175	623.000
176	622.850
178	622.910
179	623.000
180	623.370
181	623.940
184	623.720
186	623.370
187	623.750
188	623.130
189	622.540
192	623.320
193	623.860
194	623.970
197	623.130
198	623.330
199	622.890
200	623.720
201	623.220
202	623.030
205	622.640
206	624.000
207	623.220
208	623.500
209	623.650
211	623.270
212	623.060
213	623.180
214	623.460
215	623.240
216	623.980
217	622.750
218	622.580
219	623.520
221	622.810
222	623.280
224	623.830
225	623.240
226	623.660
228	623.710
229	622.850
230	622.920
237	623.850
238	623.240
241	623.510
244	622.580
245	623.040
246	622.510
247	623.010
251	622.670
252	623.150
254	623.910
255	622.900
256	623.330
257	623.170
258	622.960
259	623.950
261	623.070
262	623.360
263	622.810
264	624.000
265	623.830
266	622.690
268	623.930
272	622.810
275	622.570
276	622.830
278	622.560
279	623.320
280	622.960
282	622.870
285	623.040
286	623.560
287	623.190
289	623.670
291	623.250
292	623.980
297	623.260
298	623.490
299	623.070
302	622.620
303	623.440
305	622.570
306	623.510
308	623.340
313	623.440
316	623.770
317	622.910
319	623.770
324	623.210
325	623.900
326	622.920
327	623.160
329	623.720
331	623.720
332	623.020
333	623.390
334	623.410
335	622.960
336	622.950
339	623.570
341	623.470
342	623.760
343	623.210
344	622.650
345	623.910
346	623.010
347	623.060
349	622.950
352	622.770
355	622.900
356	623.280
357	623.750
359	623.390
361	623.320
363	622.810
364	623.110
365	622.840
366	623.140
368	623.990
370	622.650
373	622.840
377	623.620
381	622.780
386	623.480
389	622.770
390	623.510
394	622.730
396	622.620
397	623.620
398	623.410
399	623.590
400	622.910
401	623.620
404	623.100
405	623.020
407	623.140
409	623.100
410	622.670
411	623.590
413	623.940
415	623.320
416	622.640
417	622.850
420	623.110
423	622.920
425	623.660
426	623.080
427	622.800
428	623.440
429	622.570
433	623.460
434	623.490
436	623.270
437	623.370
439	622.590
441	624.000
442	623.780
443	623.780
444	623.690
445	623.550
447	622.680
448	623.050
450	623.380
451	622.560
452	623.660
453	623.100
456	623.150
457	623.250
458	623.210
459	622.720
461	623.340
463	623.390
464	622.860
467	623.110
468	623.280
471	623.800
472	623.150
473	623.580
474	623.280
475	623.960
477	623.870
479	623.760
480	623.610
481	623.300
483	623.620
484	623.470
485	622.640
486	623.980
487	622.660
488	623.270
490	623.830
491	622.640
493	623.870
494	623.210
496	623.950
498	623.740
499	622.680
500	623.430
1	624.200
2	624.440
3	624.940
5	625.000
6	624.590
7	625.380
8	625.500
10	624.920
12	625.040
13	624.450
14	624.990
15	624.850
17	624.910
18	625.030
19	625.410
20	624.620
21	624.480
22	625.360
24	624.600
25	624.980
26	624.320
27	624.080
30	624.060
32	624.750
34	625.030
36	624.200
39	624.780
41	624.450
45	625.350
46	624.820
47	624.610
48	624.890
50	624.820
51	624.440
52	624.100
53	624.970
55	624.950
56	624.840
58	624.430
60	625.360
62	624.860
63	625.450
64	625.280
65	624.080
67	624.880
68	624.410
69	624.030
70	624.320
71	624.940
72	624.620
73	624.350
74	625.230
76	624.550
78	624.400
80	625.070
81	624.800
82	624.900
83	625.170
84	624.750
86	624.560
89	624.830
90	624.930
91	624.490
93	625.320
94	624.160
96	625.090
97	624.930
99	624.020
100	624.240
101	624.170
103	625.130
104	624.810
105	624.960
106	625.140
108	624.840
109	625.280
111	625.180
112	624.910
113	624.520
114	625.270
116	625.000
118	624.440
120	625.420
121	624.360
122	624.100
123	625.090
125	624.090
126	625.230
128	624.130
130	624.120
131	624.200
134	624.750
135	625.300
136	624.970
137	624.590
139	624.330
141	624.820
143	624.760
146	624.990
147	625.320
149	624.890
150	624.600
151	625.070
152	624.380
154	625.190
155	625.060
156	624.780
157	624.100
160	625.120
161	625.040
162	624.580
163	624.240
164	624.550
167	624.010
169	624.680
171	624.670
172	624.430
174	624.100
175	625.010
176	624.860
177	624.300
178	624.920
179	625.010
180	625.380
182	624.220
183	625.270
185	624.220
186	625.380
188	625.140
189	624.550
190	624.220
191	624.120
192	625.330
196	624.490
197	625.140
198	625.340
199	624.900
201	625.230
202	625.040
203	624.490
204	624.300
205	624.650
207	625.230
210	624.410
211	625.280
212	625.070
214	625.470
215	625.250
217	624.760
218	624.590
220	624.020
221	624.820
222	625.290
223	624.360
225	625.250
227	624.480
229	624.860
230	624.930
231	624.060
232	624.530
233	624.230
234	624.210
235	624.780
236	625.080
238	625.250
239	624.450
240	624.210
243	624.180
244	624.590
245	625.050
246	624.520
247	625.020
248	624.510
249	624.490
250	624.310
251	624.680
252	625.160
255	624.910
256	625.340
257	625.180
258	624.970
260	624.270
261	625.080
262	625.370
263	624.820
266	624.700
267	624.030
270	624.170
271	624.270
272	624.820
273	624.050
274	624.540
275	624.580
276	624.840
277	624.130
278	624.570
279	625.330
280	624.970
281	624.210
282	624.880
283	624.320
284	624.390
285	625.050
287	625.200
288	624.740
291	625.260
293	624.150
295	624.460
296	625.170
297	625.270
298	625.500
299	625.080
300	625.160
301	624.290
302	624.630
303	625.450
305	624.580
308	625.350
309	624.910
310	624.020
311	624.400
312	624.140
313	625.450
314	625.280
315	624.270
317	624.920
318	624.430
320	624.040
321	624.970
323	624.190
324	625.220
326	624.930
327	625.170
328	624.210
330	624.500
332	625.030
333	625.400
334	625.420
335	624.970
336	624.960
340	624.040
341	625.480
343	625.220
344	624.660
346	625.020
347	625.070
348	624.280
349	624.960
350	624.140
352	624.780
353	624.380
354	624.040
355	624.910
356	625.290
358	624.230
359	625.400
360	624.300
361	625.330
363	624.820
364	625.120
365	624.850
366	625.150
367	624.150
369	624.240
370	624.660
372	624.210
373	624.850
374	624.270
375	624.260
376	624.040
378	624.200
379	624.550
380	624.380
381	624.790
382	624.020
383	624.470
384	625.470
385	624.220
386	625.490
388	624.530
389	624.780
391	624.270
392	624.960
393	624.280
394	624.740
395	624.240
396	624.630
398	625.420
400	624.920
402	624.140
403	624.010
404	625.110
405	625.030
407	625.150
408	624.390
409	625.110
410	624.680
412	624.640
414	624.030
415	625.330
416	624.650
417	624.860
419	624.510
420	625.120
421	624.180
422	624.300
423	624.930
426	625.090
427	624.810
428	625.450
429	624.580
430	625.230
431	624.160
432	624.690
433	625.470
434	625.500
435	624.170
436	625.280
437	625.380
438	624.450
439	624.600
440	624.330
447	624.920
448	625.060
449	624.510
450	625.390
451	624.570
453	625.110
455	624.370
456	625.160
457	625.260
458	625.220
459	624.730
460	624.380
461	625.350
462	624.450
463	625.400
464	624.870
466	624.030
467	625.120
468	625.290
469	624.890
470	624.820
472	625.160
474	625.290
476	624.430
478	624.020
481	625.310
482	624.180
484	625.480
485	624.650
488	625.280
489	624.070
491	624.650
492	624.480
494	625.220
495	624.150
497	624.670
499	624.690
500	625.440
1	626.210
2	626.450
3	626.950
4	625.840
6	626.600
9	625.910
10	626.930
11	625.570
13	626.460
14	627.000
15	626.860
16	625.730
17	626.920
20	626.630
21	626.490
23	625.880
24	626.610
25	626.990
26	626.330
27	626.090
28	625.850
29	625.700
30	626.070
31	625.590
32	626.760
33	626.130
35	625.740
36	626.210
37	625.870
38	625.800
39	626.790
40	625.870
41	626.460
42	625.720
43	625.810
44	625.960
46	626.830
47	626.620
48	626.900
49	625.530
50	626.830
51	626.450
52	626.110
53	626.980
54	625.810
55	626.960
56	626.850
57	626.860
58	626.440
59	625.960
61	625.610
62	626.870
65	626.090
66	625.830
67	626.890
68	626.420
69	626.040
70	626.330
71	626.950
72	626.630
73	626.360
75	625.510
76	626.560
77	625.660
78	626.410
79	625.850
81	626.810
82	626.910
84	626.760
85	625.810
86	626.570
87	625.800
88	625.890
89	626.840
90	626.940
91	626.500
92	625.580
94	626.170
95	625.690
97	626.940
98	625.840
99	626.030
100	626.250
101	626.180
102	625.730
104	626.820
105	626.970
107	625.710
108	626.850
110	625.710
112	626.920
113	626.530
115	625.920
118	626.450
121	626.370
122	626.110
125	626.100
127	625.900
128	626.140
130	626.130
131	626.210
132	625.570
133	625.630
134	626.760
136	626.980
137	626.600
138	626.690
139	626.340
140	625.600
141	626.830
142	625.960
143	626.770
145	625.550
146	627.000
148	625.850
149	626.900
150	626.610
152	626.390
153	625.710
156	626.790
157	626.110
158	625.670
159	625.720
162	626.590
163	626.250
164	626.560
166	625.800
167	626.020
168	625.710
169	626.690
170	625.770
171	626.680
172	626.440
173	625.880
174	626.110
176	626.870
177	626.310
178	626.930
181	625.950
182	626.230
184	625.730
185	626.230
187	625.760
189	626.560
190	626.230
191	626.130
193	625.870
194	625.980
196	626.500
199	626.910
200	625.730
203	626.500
204	626.310
205	626.660
206	626.010
208	625.510
209	625.660
210	626.420
213	626.960
216	625.990
217	626.770
218	626.600
219	625.530
220	626.030
221	626.830
223	626.370
224	625.840
226	625.670
227	626.490
228	625.720
229	626.870
230	626.940
231	626.070
232	626.540
233	626.240
234	626.220
235	626.790
237	625.860
239	626.460
240	626.220
241	625.520
242	626.080
243	626.190
244	626.600
246	626.530
248	626.520
249	626.500
250	626.320
251	626.690
254	625.920
255	626.920
258	626.980
259	625.960
260	626.280
263	626.830
264	626.010
265	625.840
266	626.710
267	626.040
268	625.940
269	626.580
270	626.180
271	626.280
272	626.830
273	626.060
274	626.550
275	626.590
276	626.850
277	626.140
278	626.580
280	626.980
281	626.220
282	626.890
283	626.330
284	626.400
286	625.570
288	626.750
289	625.680
290	626.500
292	625.990
293	626.160
294	626.220
295	626.470
301	626.300
302	626.640
305	626.590
306	625.520
307	626.340
309	626.920
310	626.030
311	626.410
312	626.150
315	626.280
316	625.780
317	626.930
318	626.440
319	625.780
320	626.050
321	626.980
322	625.550
323	626.200
325	625.910
326	626.940
328	626.220
329	625.730
330	626.510
331	625.730
335	626.980
336	626.970
338	626.170
339	625.580
340	626.050
342	625.770
344	626.670
345	625.920
348	626.290
349	626.970
350	626.150
351	625.650
352	626.790
353	626.390
354	626.050
355	626.920
357	625.760
358	626.240
360	626.310
362	626.920
363	626.830
365	626.860
367	626.160
368	626.000
369	626.250
370	626.670
371	626.120
372	626.220
373	626.860
374	626.280
375	626.270
376	626.050
377	625.630
378	626.210
379	626.560
380	626.390
381	626.800
382	626.030
383	626.480
385	626.230
387	625.750
388	626.540
389	626.790
390	625.520
391	626.280
392	626.970
393	626.290
394	626.750
395	626.250
396	626.640
397	625.630
399	625.600
400	626.930
401	625.630
402	626.150
403	626.020
406	626.550
408	626.400
410	626.690
411	625.600
412	626.650
413	625.950
414	626.040
416	626.660
417	626.870
418	625.870
419	626.520
421	626.190
422	626.310
423	626.940
424	625.920
425	625.670
427	626.820
429	626.590
431	626.170
432	626.700
435	626.180
438	626.460
439	626.610
440	626.340
441	626.010
442	625.790
443	625.790
444	625.700
445	625.560
446	626.450
447	626.930
449	626.520
451	626.580
452	625.670
454	626.990
455	626.380
459	626.740
460	626.390
462	626.460
464	626.880
465	626.130
466	626.100
469	626.900
470	626.830
471	625.810
473	625.590
475	625.970
476	626.440
477	625.880
478	626.030
479	625.770
480	625.620
482	626.190
483	625.630
485	626.660
486	625.990
487	625.680
489	626.080
490	625.840
491	626.660
492	626.490
493	625.880
495	626.160
496	625.960
497	626.680
498	625.750
499	626.700
1	628.220
2	628.460
4	627.850
5	627.010
7	627.390
8	627.510
9	627.920
11	627.580
12	627.050
13	628.470
16	627.740
18	627.040
19	627.420
21	628.500
22	627.370
23	627.890
26	628.340
27	628.100
28	627.860
29	627.710
30	628.080
31	627.600
33	628.140
34	627.040
35	627.750
36	628.220
37	627.880
38	627.810
40	627.880
41	628.470
42	627.730
43	627.820
44	627.970
45	627.360
49	627.540
51	628.460
52	628.120
54	627.820
58	628.450
59	627.970
60	627.370
61	627.620
63	627.460
64	627.290
65	628.100
66	627.840
68	628.430
69	628.050
70	628.340
73	628.370
74	627.240
75	627.520
77	627.670
78	628.420
79	627.860
80	627.080
83	627.180
85	627.820
87	627.810
88	627.900
92	627.590
93	627.330
94	628.180
95	627.700
96	627.100
98	627.850
99	628.040
100	628.260
101	628.190
102	627.740
103	627.140
106	627.150
107	627.720
109	627.290
110	627.720
111	627.190
114	627.280
115	627.930
116	627.010
117	627.800
118	628.460
120	627.430
121	628.380
122	628.120
123	627.100
125	628.110
126	627.240
127	627.910
128	628.150
129	628.310
130	628.140
131	628.220
132	627.580
133	627.640
135	627.310
139	628.350
140	627.610
142	627.970
144	627.740
145	627.560
147	627.330
148	627.860
151	627.080
152	628.400
153	627.720
154	627.200
155	627.070
157	628.120
158	627.680
159	627.730
160	627.130
161	627.050
163	628.260
165	627.880
166	627.810
167	628.030
168	627.720
170	627.780
172	628.450
173	627.890
174	628.120
175	627.020
177	628.320
179	627.020
180	627.390
181	627.960
182	628.240
183	627.280
184	627.740
185	628.240
186	627.390
187	627.770
188	627.150
190	628.240
191	628.140
192	627.340
193	627.880
194	627.990
195	627.040
197	627.150
198	627.350
200	627.740
201	627.240
202	627.050
204	628.320
206	628.020
207	627.240
208	627.520
209	627.670
210	628.430
211	627.290
212	627.080
214	627.480
215	627.260
216	628.000
219	627.540
220	628.040
222	627.300
223	628.380
224	627.850
225	627.260
226	627.680
227	628.500
228	627.730
231	628.080
233	628.250
234	628.230
236	627.090
237	627.870
238	627.260
239	628.470
240	628.230
241	627.530
242	628.090
243	628.200
245	627.060
247	627.030
250	628.330
252	627.170
254	627.930
256	627.350
257	627.190
259	627.970
260	628.290
261	627.090
262	627.380
264	628.020
265	627.850
267	628.050
268	627.950
270	628.190
271	628.290
273	628.070
277	628.150
279	627.340
281	628.230
283	628.340
284	628.410
285	627.060
286	627.580
287	627.210
289	627.690
291	627.270
292	628.000
293	628.170
294	628.230
295	628.480
296	627.180
297	627.280
298	627.510
299	627.090
300	627.170
301	628.310
303	627.460
304	627.200
306	627.530
307	628.350
308	627.360
310	628.040
311	628.420
312	628.160
313	627.460
314	627.290
315	628.290
316	627.790
318	628.450
319	627.790
320	628.060
322	627.560
323	628.210
324	627.230
325	627.920
327	627.180
328	628.230
329	627.740
331	627.740
332	627.040
333	627.410
334	627.430
337	627.150
338	628.180
339	627.590
340	628.060
341	627.490
342	627.780
343	627.230
345	627.930
346	627.030
347	627.080
348	628.300
350	628.160
351	627.660
353	628.400
354	628.060
356	627.300
357	627.770
358	628.250
359	627.410
360	628.320
361	627.340
364	627.130
366	627.160
367	628.170
368	628.010
369	628.260
371	628.130
372	628.230
374	628.290
375	628.280
376	628.060
377	627.640
378	628.220
380	628.400
382	628.040
383	628.490
384	627.480
385	628.240
386	627.500
387	627.760
390	627.530
391	628.290
393	628.300
395	628.260
397	627.640
398	627.430
399	627.610
401	627.640
402	628.160
403	628.030
404	627.120
405	627.040
407	627.160
408	628.410
409	627.120
411	627.610
413	627.960
414	628.050
415	627.340
418	627.880
420	627.130
421	628.200
422	628.320
424	627.930
425	627.680
426	627.100
428	627.460
430	627.240
431	628.180
433	627.480
434	627.510
435	628.190
436	627.290
437	627.390
438	628.470
440	628.350
441	628.020
442	627.800
443	627.800
444	627.710
445	627.570
446	628.460
448	627.070
450	627.400
452	627.680
453	627.120
455	628.390
456	627.170
457	627.270
458	627.230
460	628.400
461	627.360
462	628.470
463	627.410
465	628.140
466	628.110
467	627.130
468	627.300
471	627.820
472	627.170
473	627.600
474	627.300
475	627.980
476	628.450
477	627.890
478	628.040
479	627.780
480	627.630
481	627.320
482	628.200
483	627.640
484	627.490
486	628.000
487	627.690
488	627.290
489	628.090
490	627.850
492	628.500
493	627.890
494	627.230
495	628.170
496	627.970
498	627.760
500	627.450
3	628.960
4	629.860
5	629.020
6	628.610
7	629.400
8	629.520
9	629.930
10	628.940
11	629.590
12	629.060
14	629.010
15	628.870
16	629.750
17	628.930
18	629.050
19	629.430
20	628.640
22	629.380
23	629.900
24	628.620
25	629.000
28	629.870
29	629.720
31	629.610
32	628.770
34	629.050
35	629.760
37	629.890
38	629.820
39	628.800
40	629.890
42	629.740
43	629.830
44	629.980
45	629.370
46	628.840
47	628.630
48	628.910
49	629.550
50	628.840
53	628.990
54	629.830
55	628.970
56	628.860
57	628.870
59	629.980
60	629.380
61	629.630
62	628.880
63	629.470
64	629.300
66	629.850
67	628.900
71	628.960
72	628.640
74	629.250
75	629.530
76	628.570
77	629.680
79	629.870
80	629.090
81	628.820
82	628.920
83	629.190
84	628.770
85	629.830
86	628.580
87	629.820
88	629.910
89	628.850
90	628.950
91	628.510
92	629.600
93	629.340
95	629.710
96	629.110
97	628.950
98	629.860
102	629.750
103	629.150
104	628.830
105	628.980
106	629.160
107	629.730
108	628.860
109	629.300
110	629.730
111	629.200
112	628.930
113	628.540
114	629.290
115	629.940
116	629.020
117	629.810
120	629.440
123	629.110
124	629.420
126	629.250
127	629.920
132	629.590
133	629.650
134	628.770
135	629.320
136	628.990
137	628.610
138	628.700
140	629.620
141	628.840
142	629.980
143	628.780
144	629.750
145	629.570
146	629.010
147	629.340
148	629.870
149	628.910
150	628.620
151	629.090
153	629.730
154	629.210
155	629.080
156	628.800
158	629.690
159	629.740
160	629.140
161	629.060
162	628.600
164	628.570
165	629.890
166	629.820
168	629.730
169	628.700
170	629.790
171	628.690
173	629.900
175	629.030
176	628.880
178	628.940
179	629.030
180	629.400
181	629.970
183	629.290
184	629.750
186	629.400
187	629.780
188	629.160
189	628.570
192	629.350
193	629.890
194	630.000
195	629.050
196	628.510
197	629.160
198	629.360
199	628.920
200	629.750
201	629.250
202	629.060
203	628.510
205	628.670
207	629.250
208	629.530
209	629.680
211	629.300
212	629.090
213	628.970
214	629.490
215	629.270
217	628.780
218	628.610
219	629.550
221	628.840
222	629.310
224	629.860
225	629.270
226	629.690
228	629.740
229	628.880
230	628.950
232	628.550
235	628.800
236	629.100
237	629.880
238	629.270
241	629.540
244	628.610
245	629.070
246	628.540
247	629.040
248	628.530
249	628.510
251	628.700
252	629.180
253	628.630
254	629.940
255	628.930
256	629.360
257	629.200
258	628.990
259	629.980
261	629.100
262	629.390
263	628.840
265	629.860
266	628.720
268	629.960
269	628.590
272	628.840
274	628.560
275	628.600
276	628.860
278	628.590
279	629.350
280	628.990
282	628.900
285	629.070
286	629.590
287	629.220
288	628.760
289	629.700
290	628.510
291	629.280
296	629.190
297	629.290
298	629.520
299	629.100
300	629.180
302	628.650
303	629.470
304	629.210
305	628.600
306	629.540
308	629.370
309	628.930
313	629.470
314	629.300
316	629.800
317	628.940
319	629.800
321	628.990
322	629.570
324	629.240
325	629.930
326	628.950
327	629.190
329	629.750
330	628.520
331	629.750
332	629.050
333	629.420
334	629.440
335	628.990
336	628.980
337	629.160
339	629.600
341	629.500
342	629.790
343	629.240
344	628.680
345	629.940
346	629.040
347	629.090
349	628.980
351	629.670
352	628.800
355	628.930
356	629.310
357	629.780
359	629.420
361	629.350
362	628.930
363	628.840
364	629.140
365	628.870
366	629.170
370	628.680
373	628.870
377	629.650
379	628.570
381	628.810
384	629.490
386	629.510
387	629.770
388	628.550
389	628.800
390	629.540
392	628.980
394	628.760
396	628.650
397	629.650
398	629.440
399	629.620
400	628.940
401	629.650
404	629.130
405	629.050
406	628.560
407	629.170
409	629.130
410	628.700
411	629.620
412	628.660
413	629.970
415	629.350
416	628.670
417	628.880
418	629.890
419	628.530
420	629.140
423	628.950
424	629.940
425	629.690
426	629.110
427	628.830
428	629.470
429	628.600
430	629.250
432	628.710
433	629.490
434	629.520
436	629.300
437	629.400
439	628.620
442	629.810
443	629.810
444	629.720
445	629.580
447	628.940
448	629.080
449	628.530
450	629.410
451	628.590
452	629.690
453	629.130
454	629.000
456	629.180
457	629.280
458	629.240
459	628.750
461	629.370
463	629.420
464	628.890
467	629.140
468	629.310
469	628.910
470	628.840
471	629.830
472	629.180
473	629.610
474	629.310
475	629.990
477	629.900
479	629.790
480	629.640
481	629.330
483	629.650
484	629.500
485	628.670
487	629.700
488	629.300
490	629.860
491	628.670
493	629.900
494	629.240
496	629.980
497	628.690
498	629.770
499	628.710
500	629.460
1	630.230
2	630.470
3	630.970
5	631.030
6	630.620
7	631.410
10	630.950
12	631.070
13	630.480
14	631.020
15	630.880
17	630.940
18	631.060
19	631.440
20	630.650
21	630.510
22	631.390
24	630.630
25	631.010
26	630.350
27	630.110
30	630.090
32	630.780
33	630.150
34	631.060
36	630.230
39	630.810
41	630.480
45	631.380
46	630.850
47	630.640
48	630.920
50	630.850
51	630.470
52	630.130
53	631.000
55	630.980
56	630.870
57	630.880
58	630.460
60	631.390
62	630.890
63	631.480
64	631.310
65	630.110
67	630.910
68	630.440
69	630.060
70	630.350
71	630.970
72	630.650
73	630.380
74	631.260
76	630.580
78	630.430
80	631.100
81	630.830
82	630.930
83	631.200
84	630.780
86	630.590
89	630.860
90	630.960
91	630.520
93	631.350
94	630.190
96	631.120
97	630.960
99	630.050
100	630.270
101	630.200
103	631.160
104	630.840
105	630.990
106	631.170
108	630.870
109	631.310
111	631.210
112	630.940
113	630.550
114	631.300
116	631.030
118	630.470
119	630.030
120	631.450
121	630.390
122	630.130
123	631.120
124	631.430
125	630.120
126	631.260
128	630.160
129	630.320
130	630.150
131	630.230
134	630.780
135	631.330
136	631.000
137	630.620
138	630.710
139	630.360
141	630.850
143	630.790
146	631.020
147	631.350
149	630.920
150	630.630
151	631.100
152	630.410
154	631.220
155	631.090
156	630.810
157	630.130
160	631.150
161	631.070
162	630.610
163	630.270
164	630.580
167	630.040
169	630.710
171	630.700
172	630.460
174	630.130
175	631.040
176	630.890
177	630.330
178	630.950
179	631.040
180	631.410
182	630.250
183	631.300
185	630.250
186	631.410
188	631.170
189	630.580
190	630.250
191	630.150
192	631.360
195	631.060
196	630.520
197	631.170
198	631.370
199	630.930
201	631.260
202	631.070
203	630.520
204	630.330
205	630.680
206	630.030
207	631.260
210	630.440
211	631.310
212	631.100
213	630.980
214	631.500
215	631.280
216	630.010
217	630.790
218	630.620
220	630.050
221	630.850
222	631.320
223	630.390
225	631.280
227	630.510
229	630.890
230	630.960
231	630.090
232	630.560
233	630.260
234	630.240
235	630.810
236	631.110
238	631.280
239	630.480
240	630.240
242	630.100
243	630.210
244	630.620
245	631.080
246	630.550
247	631.050
248	630.540
249	630.520
250	630.340
251	630.710
252	631.190
253	630.640
255	630.940
256	631.370
257	631.210
258	631.000
260	630.300
261	631.110
262	631.400
263	630.850
264	630.030
266	630.730
267	630.060
269	630.600
270	630.200
271	630.300
272	630.850
273	630.080
274	630.570
275	630.610
276	630.870
277	630.160
278	630.600
279	631.360
280	631.000
281	630.240
282	630.910
283	630.350
284	630.420
285	631.080
287	631.230
288	630.770
290	630.520
291	631.290
292	630.010
293	630.180
294	630.240
295	630.490
296	631.200
297	631.300
299	631.110
300	631.190
301	630.320
302	630.660
303	631.480
304	631.220
305	630.610
307	630.360
308	631.380
309	630.940
310	630.050
311	630.430
312	630.170
313	631.480
314	631.310
315	630.300
317	630.950
318	630.460
320	630.070
321	631.000
323	630.220
324	631.250
326	630.960
327	631.200
328	630.240
330	630.530
332	631.060
333	631.430
334	631.450
335	631.000
336	630.990
337	631.170
338	630.190
340	630.070
343	631.250
344	630.690
346	631.050
347	631.100
348	630.310
349	630.990
350	630.170
352	630.810
353	630.410
354	630.070
355	630.940
356	631.320
358	630.260
359	631.430
360	630.330
361	631.360
362	630.940
363	630.850
364	631.150
365	630.880
366	631.180
367	630.180
368	630.020
369	630.270
370	630.690
371	630.140
372	630.240
373	630.880
374	630.300
375	630.290
376	630.070
378	630.230
379	630.580
380	630.410
381	630.820
382	630.050
383	630.500
384	631.500
385	630.250
388	630.560
389	630.810
391	630.300
392	630.990
393	630.310
394	630.770
395	630.270
396	630.660
398	631.450
400	630.950
402	630.170
403	630.040
404	631.140
405	631.060
406	630.570
407	631.180
408	630.420
409	631.140
410	630.710
412	630.670
414	630.060
415	631.360
416	630.680
417	630.890
419	630.540
420	631.150
421	630.210
422	630.330
423	630.960
426	631.120
427	630.840
428	631.480
429	630.610
430	631.260
431	630.190
432	630.720
433	631.500
435	630.200
436	631.310
437	631.410
438	630.480
439	630.630
440	630.360
441	630.030
446	630.470
447	630.950
448	631.090
449	630.540
450	631.420
451	630.600
453	631.140
454	631.010
455	630.400
456	631.190
457	631.290
458	631.250
459	630.760
460	630.410
461	631.380
462	630.480
463	631.430
464	630.900
465	630.150
466	630.120
467	631.150
468	631.320
469	630.920
470	630.850
472	631.190
474	631.320
476	630.460
478	630.050
481	631.340
482	630.210
485	630.680
486	630.010
488	631.310
489	630.100
491	630.680
492	630.510
494	631.250
495	630.180
497	630.700
499	630.720
500	631.470
1	632.240
2	632.480
3	632.980
4	631.870
6	632.630
8	631.530
9	631.940
10	632.960
11	631.600
13	632.490
15	632.890
16	631.760
17	632.950
20	632.660
21	632.520
23	631.910
24	632.640
26	632.360
27	632.120
28	631.880
29	631.730
30	632.100
31	631.620
32	632.790
33	632.160
35	631.770
36	632.240
37	631.900
38	631.830
39	632.820
40	631.900
41	632.490
42	631.750
43	631.840
44	631.990
46	632.860
47	632.650
48	632.930
49	631.560
50	632.860
51	632.480
52	632.140
54	631.840
55	632.990
56	632.880
57	632.890
58	632.470
59	631.990
61	631.640
62	632.900
65	632.120
66	631.860
67	632.920
68	632.450
69	632.070
70	632.360
71	632.980
72	632.660
73	632.390
75	631.540
76	632.590
77	631.690
78	632.440
79	631.880
81	632.840
82	632.940
84	632.790
85	631.840
86	632.600
87	631.830
88	631.920
89	632.870
90	632.970
91	632.530
92	631.610
94	632.200
95	631.720
97	632.970
98	631.870
99	632.060
100	632.280
101	632.210
102	631.760
104	632.850
105	633.000
107	631.740
108	632.880
110	631.740
112	632.950
113	632.560
115	631.950
117	631.820
118	632.480
119	632.040
121	632.400
122	632.140
125	632.130
127	631.930
128	632.170
129	632.330
130	632.160
131	632.240
132	631.600
133	631.660
134	632.790
137	632.630
138	632.720
139	632.370
140	631.630
141	632.860
142	631.990
143	632.800
144	631.760
145	631.580
148	631.880
149	632.930
150	632.640
152	632.420
153	631.740
156	632.820
157	632.140
158	631.700
159	631.750
162	632.620
163	632.280
164	632.590
165	631.900
166	631.830
167	632.050
168	631.740
169	632.720
170	631.800
171	632.710
172	632.470
173	631.910
174	632.140
176	632.900
177	632.340
178	632.960
181	631.980
182	632.260
184	631.760
185	632.260
187	631.790
189	632.590
190	632.260
191	632.160
193	631.900
194	632.010
196	632.530
199	632.940
200	631.760
203	632.530
204	632.340
205	632.690
206	632.040
208	631.540
209	631.690
210	632.450
213	632.990
216	632.020
217	632.800
218	632.630
219	631.560
220	632.060
221	632.860
223	632.400
224	631.870
226	631.700
227	632.520
228	631.750
229	632.900
230	632.970
231	632.100
232	632.570
233	632.270
234	632.250
235	632.820
237	631.890
239	632.490
240	632.250
241	631.550
242	632.110
243	632.220
244	632.630
246	632.560
248	632.550
249	632.530
250	632.350
251	632.720
253	632.650
254	631.950
255	632.950
259	631.990
260	632.310
263	632.860
264	632.040
265	631.870
266	632.740
267	632.070
268	631.970
269	632.610
270	632.210
271	632.310
272	632.860
273	632.090
274	632.580
275	632.620
276	632.880
277	632.170
278	632.610
281	632.250
282	632.920
283	632.360
284	632.430
286	631.600
288	632.780
289	631.710
290	632.530
292	632.020
293	632.190
294	632.250
295	632.500
298	631.530
301	632.330
302	632.670
305	632.620
306	631.550
307	632.370
309	632.950
310	632.060
311	632.440
312	632.180
315	632.310
316	631.810
317	632.960
318	632.470
319	631.810
320	632.080
322	631.580
323	632.230
325	631.940
326	632.970
328	632.250
329	631.760
330	632.540
331	631.760
336	633.000
338	632.200
339	631.610
340	632.080
341	631.510
342	631.800
344	632.700
345	631.950
348	632.320
349	633.000
350	632.180
351	631.680
352	632.820
353	632.420
354	632.080
355	632.950
357	631.790
358	632.270
360	632.340
362	632.950
363	632.860
365	632.890
367	632.190
368	632.030
369	632.280
370	632.700
371	632.150
372	632.250
373	632.890
374	632.310
375	632.300
376	632.080
377	631.660
378	632.240
379	632.590
380	632.420
381	632.830
382	632.060
383	632.510
385	632.260
386	631.520
387	631.780
388	632.570
389	632.820
390	631.550
391	632.310
392	633.000
393	632.320
394	632.780
395	632.280
396	632.670
397	631.660
399	631.630
400	632.960
401	631.660
402	632.180
403	632.050
406	632.580
408	632.430
410	632.720
411	631.630
412	632.680
413	631.980
414	632.070
416	632.690
417	632.900
418	631.900
419	632.550
421	632.220
422	632.340
423	632.970
424	631.950
425	631.700
427	632.850
429	632.620
431	632.200
432	632.730
434	631.530
435	632.210
438	632.490
439	632.640
440	632.370
441	632.040
442	631.820
443	631.820
444	631.730
445	631.590
446	632.480
447	632.960
449	632.550
451	632.610
452	631.700
455	632.410
459	632.770
460	632.420
462	632.490
464	632.910
465	632.160
466	632.130
469	632.930
470	632.860
471	631.840
473	631.620
475	632.000
476	632.470
477	631.910
478	632.060
479	631.800
480	631.650
482	632.220
483	631.660
484	631.510
485	632.690
486	632.020
487	631.710
489	632.110
490	631.870
491	632.690
492	632.520
493	631.910
495	632.190
496	631.990
497	632.710
498	631.780
499	632.730
1	634.250
2	634.490
4	633.880
5	633.040
7	633.420
8	633.540
9	633.950
11	633.610
12	633.080
13	634.500
14	633.030
16	633.770
18	633.070
19	633.450
22	633.400
23	633.920
25	633.020
26	634.370
27	634.130
28	633.890
29	633.740
30	634.110
31	633.630
33	634.170
34	633.070
35	633.780
36	634.250
37	633.910
38	633.840
40	633.910
41	634.500
42	633.760
43	633.850
44	634.000
45	633.390
49	633.570
51	634.490
52	634.150
53	633.010
54	633.850
58	634.480
59	634.000
60	633.400
61	633.650
63	633.490
64	633.320
65	634.130
66	633.870
68	634.460
69	634.080
70	634.370
73	634.400
74	633.270
75	633.550
77	633.700
78	634.450
79	633.890
80	633.110
83	633.210
85	633.850
87	633.840
88	633.930
92	633.620
93	633.360
94	634.210
95	633.730
96	633.130
98	633.880
99	634.070
100	634.290
101	634.220
102	633.770
103	633.170
106	633.180
107	633.750
109	633.320
110	633.750
111	633.220
114	633.310
115	633.960
116	633.040
117	633.830
118	634.490
119	634.050
120	633.460
121	634.410
122	634.150
123	633.130
124	633.440
125	634.140
126	633.270
127	633.940
128	634.180
129	634.340
130	634.170
131	634.250
132	633.610
133	633.670
135	633.340
136	633.010
139	634.380
140	633.640
142	634.000
144	633.770
145	633.590
146	633.030
147	633.360
148	633.890
151	633.110
152	634.430
153	633.750
154	633.230
155	633.100
157	634.150
158	633.710
159	633.760
160	633.160
161	633.080
163	634.290
165	633.910
166	633.840
167	634.060
168	633.750
170	633.810
172	634.480
173	633.920
174	634.150
175	633.050
177	634.350
179	633.050
180	633.420
181	633.990
182	634.270
183	633.310
184	633.770
185	634.270
186	633.420
187	633.800
188	633.180
190	634.270
191	634.170
192	633.370
193	633.910
194	634.020
195	633.070
197	633.180
198	633.380
200	633.770
201	633.270
202	633.080
204	634.350
206	634.050
207	633.270
208	633.550
209	633.700
210	634.460
211	633.320
212	633.110
214	633.510
215	633.290
216	634.030
219	633.570
220	634.070
222	633.330
223	634.410
224	633.880
225	633.290
226	633.710
228	633.760
231	634.110
233	634.280
234	634.260
236	633.120
237	633.900
238	633.290
239	634.500
240	634.260
241	633.560
242	634.120
243	634.230
245	633.090
247	633.060
250	634.360
252	633.200
254	633.960
256	633.380
257	633.220
258	633.010
259	634.000
260	634.320
261	633.120
262	633.410
264	634.050
265	633.880
267	634.080
268	633.980
270	634.220
271	634.320
273	634.100
277	634.180
279	633.370
280	633.010
281	634.260
283	634.370
284	634.440
285	633.090
286	633.610
287	633.240
289	633.720
291	633.300
292	634.030
293	634.200
294	634.260
296	633.210
297	633.310
298	633.540
299	633.120
300	633.200
301	634.340
303	633.490
304	633.230
306	633.560
307	634.380
308	633.390
310	634.070
311	634.450
312	634.190
313	633.490
314	633.320
315	634.320
316	633.820
318	634.480
319	633.820
320	634.090
321	633.010
322	633.590
323	634.240
324	633.260
325	633.950
327	633.210
328	634.260
329	633.770
331	633.770
332	633.070
333	633.440
334	633.460
335	633.010
337	633.180
338	634.210
339	633.620
340	634.090
341	633.520
342	633.810
343	633.260
345	633.960
346	633.060
347	633.110
348	634.330
350	634.190
351	633.690
353	634.430
354	634.090
356	633.330
357	633.800
358	634.280
359	633.440
360	634.350
361	633.370
364	633.160
366	633.190
367	634.200
368	634.040
369	634.290
371	634.160
372	634.260
374	634.320
375	634.310
376	634.090
377	633.670
378	634.250
380	634.430
382	634.070
384	633.510
385	634.270
386	633.530
387	633.790
390	633.560
391	634.320
393	634.330
395	634.290
397	633.670
398	633.460
399	633.640
401	633.670
402	634.190
403	634.060
404	633.150
405	633.070
407	633.190
408	634.440
409	633.150
411	633.640
413	633.990
414	634.080
415	633.370
418	633.910
420	633.160
421	634.230
422	634.350
424	633.960
425	633.710
426	633.130
428	633.490
430	633.270
431	634.210
433	633.510
434	633.540
435	634.220
436	633.320
437	633.420
438	634.500
440	634.380
441	634.050
442	633.830
443	633.830
444	633.740
445	633.600
446	634.490
448	633.100
450	633.430
452	633.710
453	633.150
454	633.020
455	634.420
456	633.200
457	633.300
458	633.260
460	634.430
461	633.390
462	634.500
463	633.440
465	634.170
466	634.140
467	633.160
468	633.330
471	633.850
472	633.200
473	633.630
474	633.330
475	634.010
476	634.480
477	633.920
478	634.070
479	633.810
480	633.660
481	633.350
482	634.230
483	633.670
484	633.520
486	634.030
487	633.720
488	633.320
489	634.120
490	633.880
493	633.920
494	633.260
495	634.200
496	634.000
498	633.790
500	633.480
3	634.990
4	635.890
5	635.050
6	634.640
7	635.430
8	635.550
9	635.960
10	634.970
11	635.620
12	635.090
14	635.040
15	634.900
16	635.780
17	634.960
18	635.080
19	635.460
20	634.670
21	634.530
22	635.410
23	635.930
24	634.650
25	635.030
28	635.900
29	635.750
31	635.640
32	634.800
34	635.080
35	635.790
37	635.920
38	635.850
39	634.830
40	635.920
42	635.770
43	635.860
45	635.400
46	634.870
47	634.660
48	634.940
49	635.580
50	634.870
53	635.020
54	635.860
55	635.000
56	634.890
57	634.900
60	635.410
61	635.660
62	634.910
63	635.500
64	635.330
66	635.880
67	634.930
71	634.990
72	634.670
74	635.280
75	635.560
76	634.600
77	635.710
79	635.900
80	635.120
81	634.850
82	634.950
83	635.220
84	634.800
85	635.860
86	634.610
87	635.850
88	635.940
89	634.880
90	634.980
91	634.540
92	635.630
93	635.370
95	635.740
96	635.140
97	634.980
98	635.890
102	635.780
103	635.180
104	634.860
105	635.010
106	635.190
107	635.760
108	634.890
109	635.330
110	635.760
111	635.230
112	634.960
113	634.570
114	635.320
115	635.970
116	635.050
117	635.840
120	635.470
123	635.140
124	635.450
126	635.280
127	635.950
132	635.620
133	635.680
134	634.800
135	635.350
136	635.020
137	634.640
138	634.730
140	635.650
141	634.870
143	634.810
144	635.780
145	635.600
146	635.040
147	635.370
148	635.900
149	634.940
150	634.650
151	635.120
153	635.760
154	635.240
155	635.110
156	634.830
158	635.720
159	635.770
160	635.170
161	635.090
162	634.630
164	634.600
165	635.920
166	635.850
168	635.760
169	634.730
170	635.820
171	634.720
173	635.930
175	635.060
176	634.910
178	634.970
179	635.060
180	635.430
181	636.000
183	635.320
184	635.780
186	635.430
187	635.810
188	635.190
189	634.600
192	635.380
193	635.920
195	635.080
196	634.540
197	635.190
198	635.390
199	634.950
200	635.780
201	635.280
202	635.090
203	634.540
205	634.700
207	635.280
208	635.560
209	635.710
211	635.330
212	635.120
213	635.000
214	635.520
215	635.300
217	634.810
218	634.640
219	635.580
221	634.870
222	635.340
224	635.890
225	635.300
226	635.720
227	634.530
228	635.770
229	634.910
230	634.980
232	634.580
235	634.830
236	635.130
237	635.910
238	635.300
241	635.570
244	634.640
245	635.100
246	634.570
247	635.070
248	634.560
249	634.540
251	634.730
252	635.210
253	634.660
254	635.970
255	634.960
256	635.390
257	635.230
258	635.020
261	635.130
262	635.420
263	634.870
265	635.890
266	634.750
268	635.990
269	634.620
272	634.870
274	634.590
275	634.630
276	634.890
278	634.620
279	635.380
280	635.020
282	634.930
285	635.100
286	635.620
287	635.250
288	634.790
289	635.730
290	634.540
291	635.310
295	634.510
296	635.220
297	635.320
298	635.550
299	635.130
300	635.210
302	634.680
303	635.500
304	635.240
305	634.630
306	635.570
308	635.400
309	634.960
313	635.500
314	635.330
316	635.830
317	634.970
319	635.830
321	635.020
322	635.600
324	635.270
325	635.960
326	634.980
327	635.220
329	635.780
330	634.550
331	635.780
332	635.080
333	635.450
334	635.470
335	635.020
336	635.010
337	635.190
339	635.630
341	635.530
342	635.820
343	635.270
344	634.710
345	635.970
346	635.070
347	635.120
349	635.010
351	635.700
352	634.830
355	634.960
356	635.340
357	635.810
359	635.450
361	635.380
362	634.960
363	634.870
364	635.170
365	634.900
366	635.200
370	634.710
373	634.900
377	635.680
379	634.600
381	634.840
383	634.520
384	635.520
386	635.540
387	635.800
388	634.580
389	634.830
390	635.570
392	635.010
394	634.790
396	634.680
397	635.680
398	635.470
399	635.650
400	634.970
401	635.680
404	635.160
405	635.080
406	634.590
407	635.200
409	635.160
410	634.730
411	635.650
412	634.690
413	636.000
415	635.380
416	634.700
417	634.910
418	635.920
419	634.560
420	635.170
423	634.980
424	635.970
425	635.720
426	635.140
427	634.860
428	635.500
429	634.630
430	635.280
432	634.740
433	635.520
434	635.550
436	635.330
437	635.430
439	634.650
442	635.840
443	635.840
444	635.750
445	635.610
447	634.970
448	635.110
449	634.560
450	635.440
451	634.620
452	635.720
453	635.160
454	635.030
456	635.210
457	635.310
458	635.270
459	634.780
461	635.400
463	635.450
464	634.920
467	635.170
468	635.340
469	634.940
470	634.870
471	635.860
472	635.210
473	635.640
474	635.340
477	635.930
479	635.820
480	635.670
481	635.360
483	635.680
484	635.530
485	634.700
487	635.730
488	635.330
490	635.890
491	634.700
492	634.530
493	635.930
494	635.270
497	634.720
498	635.800
499	634.740
500	635.490
1	636.260
2	636.500
3	637.000
5	637.060
6	636.650
7	637.440
10	636.980
12	637.100
13	636.510
14	637.050
15	636.910
17	636.970
18	637.090
19	637.470
20	636.680
21	636.540
22	637.420
24	636.660
25	637.040
26	636.380
27	636.140
30	636.120
32	636.810
33	636.180
34	637.090
36	636.260
39	636.840
41	636.510
44	636.010
45	637.410
46	636.880
47	636.670
48	636.950
50	636.880
51	636.500
52	636.160
53	637.030
55	637.010
56	636.900
57	636.910
58	636.490
59	636.010
60	637.420
62	636.920
64	637.340
65	636.140
67	636.940
68	636.470
69	636.090
70	636.380
71	637.000
72	636.680
73	636.410
74	637.290
76	636.610
78	636.460
80	637.130
81	636.860
82	636.960
83	637.230
84	636.810
86	636.620
89	636.890
90	636.990
91	636.550
93	637.380
94	636.220
96	637.150
97	636.990
99	636.080
100	636.300
101	636.230
103	637.190
104	636.870
105	637.020
106	637.200
108	636.900
109	637.340
111	637.240
112	636.970
113	636.580
114	637.330
116	637.060
118	636.500
119	636.060
120	637.480
121	636.420
122	636.160
123	637.150
124	637.460
125	636.150
126	637.290
128	636.190
129	636.350
130	636.180
131	636.260
134	636.810
135	637.360
136	637.030
137	636.650
138	636.740
139	636.390
141	636.880
142	636.010
143	636.820
146	637.050
147	637.380
149	636.950
150	636.660
151	637.130
152	636.440
154	637.250
155	637.120
156	636.840
157	636.160
160	637.180
161	637.100
162	636.640
163	636.300
164	636.610
167	636.070
169	636.740
171	636.730
172	636.490
174	636.160
175	637.070
176	636.920
177	636.360
178	636.980
179	637.070
180	637.440
182	636.280
183	637.330
185	636.280
186	637.440
188	637.200
189	636.610
190	636.280
191	636.180
192	637.390
194	636.030
195	637.090
196	636.550
197	637.200
198	637.400
199	636.960
201	637.290
202	637.100
203	636.550
204	636.360
205	636.710
206	636.060
207	637.290
210	636.470
211	637.340
212	637.130
213	637.010
215	637.310
216	636.040
217	636.820
218	636.650
220	636.080
221	636.880
222	637.350
223	636.420
225	637.310
227	636.540
229	636.920
230	636.990
231	636.120
232	636.590
233	636.290
234	636.270
235	636.840
236	637.140
238	637.310
239	636.510
240	636.270
242	636.130
243	636.240
244	636.650
245	637.110
246	636.580
247	637.080
248	636.570
249	636.550
250	636.370
251	636.740
252	637.220
253	636.670
255	636.970
256	637.400
257	637.240
258	637.030
259	636.010
260	636.330
261	637.140
262	637.430
263	636.880
264	636.060
266	636.760
267	636.090
269	636.630
270	636.230
271	636.330
272	636.880
273	636.110
274	636.600
275	636.640
276	636.900
277	636.190
278	636.630
279	637.390
280	637.030
281	636.270
282	636.940
283	636.380
284	636.450
285	637.110
287	637.260
288	636.800
290	636.550
291	637.320
292	636.040
293	636.210
294	636.270
295	636.520
296	637.230
297	637.330
299	637.140
300	637.220
301	636.350
302	636.690
304	637.250
305	636.640
307	636.390
308	637.410
309	636.970
310	636.080
311	636.460
312	636.200
314	637.340
315	636.330
317	636.980
318	636.490
320	636.100
321	637.030
323	636.250
324	637.280
326	636.990
327	637.230
328	636.270
330	636.560
332	637.090
333	637.460
334	637.480
335	637.030
336	637.020
337	637.200
338	636.220
340	636.100
343	637.280
344	636.720
346	637.080
347	637.130
348	636.340
349	637.020
350	636.200
352	636.840
353	636.440
354	636.100
355	636.970
356	637.350
358	636.290
359	637.460
360	636.360
361	637.390
362	636.970
363	636.880
364	637.180
365	636.910
366	637.210
367	636.210
368	636.050
369	636.300
370	636.720
371	636.170
372	636.270
373	636.910
374	636.330
375	636.320
376	636.100
378	636.260
379	636.610
380	636.440
381	636.850
382	636.080
383	636.530
385	636.280
388	636.590
389	636.840
391	636.330
392	637.020
393	636.340
394	636.800
395	636.300
396	636.690
398	637.480
400	636.980
402	636.200
403	636.070
404	637.170
405	637.090
406	636.600
407	637.210
408	636.450
409	637.170
410	636.740
412	636.700
414	636.090
415	637.390
416	636.710
417	636.920
419	636.570
420	637.180
421	636.240
422	636.360
423	636.990
426	637.150
427	636.870
429	636.640
430	637.290
431	636.220
432	636.750
435	636.230
436	637.340
437	637.440
438	636.510
439	636.660
440	636.390
441	636.060
446	636.500
447	636.980
448	637.120
449	636.570
450	637.450
451	636.630
453	637.170
454	637.040
455	636.430
456	637.220
457	637.320
458	637.280
459	636.790
460	636.440
461	637.410
462	636.510
463	637.460
464	636.930
465	636.180
466	636.150
467	637.180
468	637.350
469	636.950
470	636.880
472	637.220
474	637.350
475	636.020
476	636.490
478	636.080
481	637.370
482	636.240
485	636.710
486	636.040
488	637.340
489	636.130
491	636.710
492	636.540
494	637.280
495	636.210
496	636.010
497	636.730
499	636.750
500	637.500
1	638.270
2	638.510
4	637.900
6	638.660
8	637.560
9	637.970
10	638.990
11	637.630
13	638.520
15	638.920
16	637.790
17	638.980
20	638.690
21	638.550
23	637.940
24	638.670
26	638.390
27	638.150
28	637.910
29	637.760
30	638.130
31	637.650
32	638.820
33	638.190
35	637.800
36	638.270
37	637.930
38	637.860
39	638.850
40	637.930
41	638.520
42	637.780
43	637.870
44	638.020
46	638.890
47	638.680
48	638.960
49	637.590
50	638.890
51	638.510
52	638.170
54	637.870
56	638.910
57	638.920
58	638.500
59	638.020
61	637.670
62	638.930
63	637.510
65	638.150
66	637.890
67	638.950
68	638.480
69	638.100
70	638.390
72	638.690
73	638.420
75	637.570
76	638.620
77	637.720
78	638.470
79	637.910
81	638.870
82	638.970
84	638.820
85	637.870
86	638.630
87	637.860
88	637.950
89	638.900
90	639.000
91	638.560
92	637.640
94	638.230
95	637.750
97	639.000
98	637.900
99	638.090
100	638.310
101	638.240
102	637.790
104	638.880
107	637.770
108	638.910
110	637.770
112	638.980
113	638.590
115	637.980
117	637.850
118	638.510
119	638.070
121	638.430
122	638.170
125	638.160
127	637.960
128	638.200
129	638.360
130	638.190
131	638.270
132	637.630
133	637.690
134	638.820
137	638.660
138	638.750
139	638.400
140	637.660
141	638.890
142	638.020
143	638.830
144	637.790
145	637.610
148	637.910
149	638.960
150	638.670
152	638.450
153	637.770
156	638.850
157	638.170
158	637.730
159	637.780
162	638.650
163	638.310
164	638.620
165	637.930
166	637.860
167	638.080
168	637.770
169	638.750
170	637.830
171	638.740
172	638.500
173	637.940
174	638.170
176	638.930
177	638.370
178	638.990
181	638.010
182	638.290
184	637.790
185	638.290
187	637.820
189	638.620
190	638.290
191	638.190
193	637.930
194	638.040
196	638.560
199	638.970
200	637.790
203	638.560
204	638.370
205	638.720
206	638.070
208	637.570
209	637.720
210	638.480
214	637.530
216	638.050
217	638.830
218	638.660
219	637.590
220	638.090
221	638.890
223	638.430
224	637.900
226	637.730
227	638.550
228	637.780
229	638.930
230	639.000
231	638.130
232	638.600
233	638.300
234	638.280
235	638.850
237	637.920
239	638.520
240	638.280
241	637.580
242	638.140
243	638.250
244	638.660
246	638.590
248	638.580
249	638.560
250	638.380
251	638.750
253	638.680
254	637.980
255	638.980
259	638.020
260	638.340
263	638.890
264	638.070
265	637.900
266	638.770
267	638.100
268	638.000
269	638.640
270	638.240
271	638.340
272	638.890
273	638.120
274	638.610
275	638.650
276	638.910
277	638.200
278	638.640
281	638.280
282	638.950
283	638.390
284	638.460
286	637.630
288	638.810
289	637.740
290	638.560
292	638.050
293	638.220
294	638.280
295	638.530
298	637.560
301	638.360
302	638.700
303	637.510
305	638.650
306	637.580
307	638.400
309	638.980
310	638.090
311	638.470
312	638.210
313	637.510
315	638.340
316	637.840
317	638.990
318	638.500
319	637.840
320	638.110
322	637.610
323	638.260
325	637.970
326	639.000
328	638.280
329	637.790
330	638.570
331	637.790
338	638.230
339	637.640
340	638.110
341	637.540
342	637.830
344	638.730
345	637.980
348	638.350
350	638.210
351	637.710
352	638.850
353	638.450
354	638.110
355	638.980
357	637.820
358	638.300
360	638.370
362	638.980
363	638.890
365	638.920
367	638.220
368	638.060
369	638.310
370	638.730
371	638.180
372	638.280
373	638.920
374	638.340
375	638.330
376	638.110
377	637.690
378	638.270
379	638.620
380	638.450
381	638.860
382	638.090
383	638.540
384	637.530
385	638.290
386	637.550
387	637.810
388	638.600
389	638.850
390	637.580
391	638.340
393	638.350
394	638.810
395	638.310
396	638.700
397	637.690
399	637.660
400	638.990
401	637.690
402	638.210
403	638.080
406	638.610
408	638.460
410	638.750
411	637.660
412	638.710
413	638.010
414	638.100
416	638.720
417	638.930
418	637.930
419	638.580
421	638.250
422	638.370
423	639.000
424	637.980
425	637.730
427	638.880
428	637.510
429	638.650
431	638.230
432	638.760
433	637.530
434	637.560
435	638.240
438	638.520
439	638.670
440	638.400
441	638.070
442	637.850
443	637.850
444	637.760
445	637.620
446	638.510
447	638.990
449	638.580
451	638.640
452	637.730
455	638.440
459	638.800
460	638.450
462	638.520
464	638.940
465	638.190
466	638.160
469	638.960
470	638.890
471	637.870
473	637.650
475	638.030
476	638.500
477	637.940
478	638.090
479	637.830
480	637.680
482	638.250
483	637.690
484	637.540
485	638.720
486	638.050
487	637.740
489	638.140
490	637.900
491	638.720
492	638.550
493	637.940
495	638.220
496	638.020
497	638.740
498	637.810
499	638.760
1	640.280
3	639.010
4	639.910
5	639.070
7	639.450
8	639.570
9	639.980
11	639.640
12	639.110
14	639.060
16	639.800
18	639.100
19	639.480
22	639.430
23	639.950
25	639.050
26	640.400
27	640.160
28	639.920
29	639.770
30	640.140
31	639.660
33	640.200
34	639.100
35	639.810
36	640.280
37	639.940
38	639.870
40	639.940
42	639.790
43	639.880
44	640.030
45	639.420
49	639.600
52	640.180
53	639.040
54	639.880
55	639.020
59	640.030
60	639.430
61	639.680
63	639.520
64	639.350
65	640.160
66	639.900
68	640.490
69	640.110
70	640.400
71	639.010
73	640.430
74	639.300
75	639.580
77	639.730
78	640.480
79	639.920
80	639.140
83	639.240
85	639.880
87	639.870
88	639.960
92	639.650
93	639.390
94	640.240
95	639.760
96	639.160
98	639.910
99	640.100
100	640.320
101	640.250
102	639.800
103	639.200
105	639.030
106	639.210
107	639.780
109	639.350
110	639.780
111	639.250
114	639.340
115	639.990
116	639.070
117	639.860
119	640.080
120	639.490
121	640.440
122	640.180
123	639.160
124	639.470
125	640.170
126	639.300
127	639.970
128	640.210
129	640.370
130	640.200
131	640.280
132	639.640
133	639.700
135	639.370
136	639.040
139	640.410
140	639.670
142	640.030
144	639.800
145	639.620
146	639.060
147	639.390
148	639.920
151	639.140
152	640.460
153	639.780
154	639.260
155	639.130
157	640.180
158	639.740
159	639.790
160	639.190
161	639.110
163	640.320
165	639.940
166	639.870
167	640.090
168	639.780
170	639.840
173	639.950
174	640.180
175	639.080
177	640.380
179	639.080
180	639.450
181	640.020
182	640.300
183	639.340
184	639.800
185	640.300
186	639.450
187	639.830
188	639.210
190	640.300
191	640.200
192	639.400
193	639.940
194	640.050
195	639.100
197	639.210
198	639.410
200	639.800
201	639.300
202	639.110
204	640.380
206	640.080
207	639.300
208	639.580
209	639.730
210	640.490
211	639.350
212	639.140
213	639.020
214	639.540
215	639.320
216	640.060
219	639.600
220	640.100
222	639.360
223	640.440
224	639.910
225	639.320
226	639.740
228	639.790
231	640.140
233	640.310
234	640.290
236	639.150
237	639.930
238	639.320
240	640.290
241	639.590
242	640.150
243	640.260
245	639.120
247	639.090
250	640.390
252	639.230
254	639.990
256	639.410
257	639.250
258	639.040
259	640.030
260	640.350
261	639.150
262	639.440
264	640.080
265	639.910
267	640.110
268	640.010
270	640.250
271	640.350
273	640.130
277	640.210
279	639.400
280	639.040
281	640.290
283	640.400
284	640.470
285	639.120
286	639.640
287	639.270
289	639.750
291	639.330
292	640.060
293	640.230
294	640.290
296	639.240
297	639.340
298	639.570
299	639.150
300	639.230
301	640.370
303	639.520
304	639.260
306	639.590
307	640.410
308	639.420
310	640.100
311	640.480
312	640.220
313	639.520
314	639.350
315	640.350
316	639.850
319	639.850
320	640.120
321	639.040
322	639.620
323	640.270
324	639.290
325	639.980
327	639.240
328	640.290
329	639.800
331	639.800
332	639.100
333	639.470
334	639.490
335	639.040
336	639.030
337	639.210
338	640.240
339	639.650
340	640.120
341	639.550
342	639.840
343	639.290
345	639.990
346	639.090
347	639.140
348	640.360
349	639.030
350	640.220
351	639.720
353	640.460
354	640.120
356	639.360
357	639.830
358	640.310
359	639.470
360	640.380
361	639.400
364	639.190
366	639.220
367	640.230
368	640.070
369	640.320
371	640.190
372	640.290
374	640.350
375	640.340
376	640.120
377	639.700
378	640.280
380	640.460
382	640.100
384	639.540
385	640.300
386	639.560
387	639.820
390	639.590
391	640.350
392	639.030
393	640.360
395	640.320
397	639.700
398	639.490
399	639.670
401	639.700
402	640.220
403	640.090
404	639.180
405	639.100
407	639.220
408	640.470
409	639.180
411	639.670
413	640.020
414	640.110
415	639.400
418	639.940
420	639.190
421	640.260
422	640.380
424	639.990
425	639.740
426	639.160
428	639.520
430	639.300
431	640.240
433	639.540
434	639.570
435	640.250
436	639.350
437	639.450
440	640.410
441	640.080
442	639.860
443	639.860
444	639.770
445	639.630
448	639.130
450	639.460
452	639.740
453	639.180
454	639.050
455	640.450
456	639.230
457	639.330
458	639.290
460	640.460
461	639.420
463	639.470
465	640.200
466	640.170
467	639.190
468	639.360
471	639.880
472	639.230
473	639.660
474	639.360
475	640.040
477	639.950
478	640.100
479	639.840
480	639.690
481	639.380
482	640.260
483	639.700
484	639.550
486	640.060
487	639.750
488	639.350
489	640.150
490	639.910
493	639.950
494	639.290
495	640.230
496	640.030
498	639.820
500	639.510
2	640.520
3	641.020
4	641.920
5	641.080
6	640.670
7	641.460
8	641.580
9	641.990
10	641.000
11	641.650
12	641.120
13	640.530
14	641.070
15	640.930
16	641.810
17	640.990
18	641.110
19	641.490
20	640.700
21	640.560
22	641.440
23	641.960
24	640.680
25	641.060
28	641.930
29	641.780
31	641.670
32	640.830
34	641.110
35	641.820
37	641.950
38	641.880
39	640.860
40	641.950
41	640.530
42	641.800
43	641.890
45	641.430
46	640.900
47	640.690
48	640.970
49	641.610
50	640.900
51	640.520
53	641.050
54	641.890
55	641.030
56	640.920
57	640.930
58	640.510
60	641.440
61	641.690
62	640.940
63	641.530
64	641.360
66	641.910
67	640.960
71	641.020
72	640.700
74	641.310
75	641.590
76	640.630
77	641.740
79	641.930
80	641.150
81	640.880
82	640.980
83	641.250
84	640.830
85	641.890
86	640.640
87	641.880
88	641.970
89	640.910
90	641.010
91	640.570
92	641.660
93	641.400
95	641.770
96	641.170
97	641.010
98	641.920
102	641.810
103	641.210
104	640.890
105	641.040
106	641.220
107	641.790
108	640.920
109	641.360
110	641.790
111	641.260
112	640.990
113	640.600
114	641.350
115	642.000
116	641.080
117	641.870
118	640.520
120	641.500
123	641.170
124	641.480
126	641.310
127	641.980
132	641.650
133	641.710
134	640.830
135	641.380
136	641.050
137	640.670
138	640.760
140	641.680
141	640.900
143	640.840
144	641.810
145	641.630
146	641.070
147	641.400
148	641.930
149	640.970
150	640.680
151	641.150
153	641.790
154	641.270
155	641.140
156	640.860
158	641.750
159	641.800
160	641.200
161	641.120
162	640.660
164	640.630
165	641.950
166	641.880
168	641.790
169	640.760
170	641.850
171	640.750
172	640.510
173	641.960
175	641.090
176	640.940
178	641.000
179	641.090
180	641.460
183	641.350
184	641.810
186	641.460
187	641.840
188	641.220
189	640.630
192	641.410
193	641.950
195	641.110
196	640.570
197	641.220
198	641.420
199	640.980
200	641.810
201	641.310
202	641.120
203	640.570
205	640.730
207	641.310
208	641.590
209	641.740
211	641.360
212	641.150
213	641.030
214	641.550
215	641.330
217	640.840
218	640.670
219	641.610
221	640.900
222	641.370
224	641.920
225	641.330
226	641.750
227	640.560
228	641.800
229	640.940
230	641.010
232	640.610
235	640.860
236	641.160
237	641.940
238	641.330
239	640.530
241	641.600
244	640.670
245	641.130
246	640.600
247	641.100
248	640.590
249	640.570
251	640.760
252	641.240
253	640.690
254	642.000
255	640.990
256	641.420
257	641.260
258	641.050
261	641.160
262	641.450
263	640.900
265	641.920
266	640.780
269	640.650
272	640.900
274	640.620
275	640.660
276	640.920
278	640.650
279	641.410
280	641.050
282	640.960
285	641.130
286	641.650
287	641.280
288	640.820
289	641.760
290	640.570
291	641.340
295	640.540
296	641.250
297	641.350
298	641.580
299	641.160
300	641.240
302	640.710
303	641.530
304	641.270
305	640.660
306	641.600
308	641.430
309	640.990
313	641.530
314	641.360
316	641.860
317	641.000
318	640.510
319	641.860
321	641.050
322	641.630
324	641.300
325	641.990
326	641.010
327	641.250
329	641.810
330	640.580
331	641.810
332	641.110
333	641.480
334	641.500
335	641.050
336	641.040
337	641.220
339	641.660
341	641.560
342	641.850
343	641.300
344	640.740
345	642.000
346	641.100
347	641.150
349	641.040
351	641.730
352	640.860
355	640.990
356	641.370
357	641.840
359	641.480
361	641.410
362	640.990
363	640.900
364	641.200
365	640.930
366	641.230
370	640.740
373	640.930
377	641.710
379	640.630
381	640.870
383	640.550
384	641.550
386	641.570
387	641.830
388	640.610
389	640.860
390	641.600
392	641.040
394	640.820
396	640.710
397	641.710
398	641.500
399	641.680
400	641.000
401	641.710
404	641.190
405	641.110
406	640.620
407	641.230
409	641.190
410	640.760
411	641.680
412	640.720
415	641.410
416	640.730
417	640.940
418	641.950
419	640.590
420	641.200
423	641.010
424	642.000
425	641.750
426	641.170
427	640.890
428	641.530
429	640.660
430	641.310
432	640.770
433	641.550
434	641.580
436	641.360
437	641.460
438	640.530
439	640.680
442	641.870
443	641.870
444	641.780
445	641.640
446	640.520
447	641.000
448	641.140
449	640.590
450	641.470
451	640.650
452	641.750
453	641.190
454	641.060
456	641.240
457	641.340
458	641.300
459	640.810
461	641.430
462	640.530
463	641.480
464	640.950
467	641.200
468	641.370
469	640.970
470	640.900
471	641.890
472	641.240
473	641.670
474	641.370
476	640.510
477	641.960
479	641.850
480	641.700
481	641.390
483	641.710
484	641.560
485	640.730
487	641.760
488	641.360
490	641.920
491	640.730
492	640.560
493	641.960
494	641.300
497	640.750
498	641.830
499	640.770
500	641.520
1	642.290
2	642.530
3	643.030
5	643.090
6	642.680
7	643.470
10	643.010
12	643.130
13	642.540
14	643.080
15	642.940
17	643.000
18	643.120
19	643.500
20	642.710
21	642.570
22	643.450
24	642.690
25	643.070
26	642.410
27	642.170
30	642.150
32	642.840
33	642.210
34	643.120
36	642.290
39	642.870
41	642.540
44	642.040
45	643.440
46	642.910
47	642.700
48	642.980
50	642.910
51	642.530
52	642.190
53	643.060
55	643.040
56	642.930
57	642.940
58	642.520
59	642.040
60	643.450
62	642.950
64	643.370
65	642.170
67	642.970
68	642.500
69	642.120
70	642.410
71	643.030
72	642.710
73	642.440
74	643.320
76	642.640
78	642.490
80	643.160
81	642.890
82	642.990
83	643.260
84	642.840
86	642.650
89	642.920
90	643.020
91	642.580
93	643.410
94	642.250
96	643.180
97	643.020
99	642.110
100	642.330
101	642.260
103	643.220
104	642.900
105	643.050
106	643.230
108	642.930
109	643.370
111	643.270
112	643.000
113	642.610
114	643.360
116	643.090
118	642.530
119	642.090
121	642.450
122	642.190
123	643.180
124	643.490
125	642.180
126	643.320
128	642.220
129	642.380
130	642.210
131	642.290
134	642.840
135	643.390
136	643.060
137	642.680
138	642.770
139	642.420
141	642.910
142	642.040
143	642.850
146	643.080
147	643.410
149	642.980
150	642.690
151	643.160
152	642.470
154	643.280
155	643.150
156	642.870
157	642.190
160	643.210
161	643.130
162	642.670
163	642.330
164	642.640
167	642.100
169	642.770
171	642.760
172	642.520
174	642.190
175	643.100
176	642.950
177	642.390
178	643.010
179	643.100
180	643.470
181	642.030
182	642.310
183	643.360
185	642.310
186	643.470
188	643.230
189	642.640
190	642.310
191	642.210
192	643.420
194	642.060
195	643.120
196	642.580
197	643.230
198	643.430
199	642.990
201	643.320
202	643.130
203	642.580
204	642.390
205	642.740
206	642.090
207	643.320
210	642.500
211	643.370
212	643.160
213	643.040
215	643.340
216	642.070
217	642.850
218	642.680
220	642.110
221	642.910
222	643.380
223	642.450
225	643.340
227	642.570
229	642.950
230	643.020
231	642.150
232	642.620
233	642.320
234	642.300
235	642.870
236	643.170
238	643.340
239	642.540
240	642.300
242	642.160
243	642.270
244	642.680
245	643.140
246	642.610
247	643.110
248	642.600
249	642.580
250	642.400
251	642.770
252	643.250
253	642.700
255	643.000
256	643.430
257	643.270
258	643.060
259	642.040
260	642.360
261	643.170
262	643.460
263	642.910
264	642.090
266	642.790
267	642.120
268	642.020
269	642.660
270	642.260
271	642.360
272	642.910
273	642.140
274	642.630
275	642.670
276	642.930
277	642.220
278	642.660
279	643.420
280	643.060
281	642.300
282	642.970
283	642.410
284	642.480
285	643.140
287	643.290
288	642.830
290	642.580
291	643.350
292	642.070
293	642.240
294	642.300
295	642.550
296	643.260
297	643.360
299	643.170
300	643.250
301	642.380
302	642.720
304	643.280
305	642.670
307	642.420
308	643.440
309	643.000
310	642.110
311	642.490
312	642.230
314	643.370
315	642.360
317	643.010
318	642.520
320	642.130
321	643.060
323	642.280
324	643.310
326	643.020
327	643.260
328	642.300
330	642.590
332	643.120
333	643.490
335	643.060
336	643.050
337	643.230
338	642.250
340	642.130
343	643.310
344	642.750
346	643.110
347	643.160
348	642.370
349	643.050
350	642.230
352	642.870
353	642.470
354	642.130
355	643.000
356	643.380
358	642.320
359	643.490
360	642.390
361	643.420
362	643.000
363	642.910
364	643.210
365	642.940
366	643.240
367	642.240
368	642.080
369	642.330
370	642.750
371	642.200
372	642.300
373	642.940
374	642.360
375	642.350
376	642.130
378	642.290
379	642.640
380	642.470
381	642.880
382	642.110
383	642.560
385	642.310
388	642.620
389	642.870
391	642.360
392	643.050
393	642.370
394	642.830
395	642.330
396	642.720
400	643.010
402	642.230
403	642.100
404	643.200
405	643.120
406	642.630
407	643.240
408	642.480
409	643.200
410	642.770
412	642.730
413	642.030
414	642.120
415	643.420
416	642.740
417	642.950
419	642.600
420	643.210
421	642.270
422	642.390
423	643.020
426	643.180
427	642.900
429	642.670
430	643.320
431	642.250
432	642.780
435	642.260
436	643.370
437	643.470
438	642.540
439	642.690
440	642.420
441	642.090
446	642.530
447	643.010
448	643.150
449	642.600
450	643.480
451	642.660
453	643.200
454	643.070
455	642.460
456	643.250
457	643.350
458	643.310
459	642.820
460	642.470
461	643.440
462	642.540
463	643.490
464	642.960
465	642.210
466	642.180
467	643.210
468	643.380
469	642.980
470	642.910
472	643.250
474	643.380
475	642.050
476	642.520
478	642.110
481	643.400
482	642.270
485	642.740
486	642.070
488	643.370
489	642.160
491	642.740
492	642.570
494	643.310
495	642.240
496	642.040
497	642.760
499	642.780
1	644.300
2	644.540
4	643.930
6	644.690
8	643.590
9	644.000
11	643.660
13	644.550
15	644.950
16	643.820
20	644.720
21	644.580
23	643.970
24	644.700
26	644.420
27	644.180
28	643.940
29	643.790
30	644.160
31	643.680
32	644.850
33	644.220
35	643.830
36	644.300
37	643.960
38	643.890
39	644.880
40	643.960
41	644.550
42	643.810
43	643.900
44	644.050
46	644.920
47	644.710
48	644.990
49	643.620
50	644.920
51	644.540
52	644.200
54	643.900
56	644.940
57	644.950
58	644.530
59	644.050
61	643.700
62	644.960
63	643.540
65	644.180
66	643.920
67	644.980
68	644.510
69	644.130
70	644.420
72	644.720
73	644.450
75	643.600
76	644.650
77	643.750
78	644.500
79	643.940
81	644.900
82	645.000
84	644.850
85	643.900
86	644.660
87	643.890
88	643.980
89	644.930
91	644.590
92	643.670
94	644.260
95	643.780
98	643.930
99	644.120
100	644.340
101	644.270
102	643.820
104	644.910
107	643.800
108	644.940
110	643.800
113	644.620
115	644.010
117	643.880
118	644.540
119	644.100
120	643.510
121	644.460
122	644.200
125	644.190
127	643.990
128	644.230
129	644.390
130	644.220
131	644.300
132	643.660
133	643.720
134	644.850
137	644.690
138	644.780
139	644.430
140	643.690
141	644.920
142	644.050
143	644.860
144	643.820
145	643.640
148	643.940
149	644.990
150	644.700
152	644.480
153	643.800
156	644.880
157	644.200
158	643.760
159	643.810
162	644.680
163	644.340
164	644.650
165	643.960
166	643.890
167	644.110
168	643.800
169	644.780
170	643.860
171	644.770
172	644.530
173	643.970
174	644.200
176	644.960
177	644.400
181	644.040
182	644.320
184	643.820
185	644.320
187	643.850
189	644.650
190	644.320
191	644.220
193	643.960
194	644.070
196	644.590
199	645.000
200	643.820
203	644.590
204	644.400
205	644.750
206	644.100
208	643.600
209	643.750
210	644.510
214	643.560
216	644.080
217	644.860
218	644.690
219	643.620
220	644.120
221	644.920
223	644.460
224	643.930
226	643.760
227	644.580
228	643.810
229	644.960
231	644.160
232	644.630
233	644.330
234	644.310
235	644.880
237	643.950
239	644.550
240	644.310
241	643.610
242	644.170
243	644.280
244	644.690
246	644.620
248	644.610
249	644.590
250	644.410
251	644.780
253	644.710
254	644.010
259	644.050
260	644.370
263	644.920
264	644.100
265	643.930
266	644.800
267	644.130
268	644.030
269	644.670
270	644.270
271	644.370
272	644.920
273	644.150
274	644.640
275	644.680
276	644.940
277	644.230
278	644.670
281	644.310
282	644.980
283	644.420
284	644.490
286	643.660
288	644.840
289	643.770
290	644.590
292	644.080
293	644.250
294	644.310
295	644.560
298	643.590
301	644.390
302	644.730
303	643.540
305	644.680
306	643.610
307	644.430
310	644.120
311	644.500
312	644.240
313	643.540
315	644.370
316	643.870
318	644.530
319	643.870
320	644.140
322	643.640
323	644.290
325	644.000
328	644.310
329	643.820
330	644.600
331	643.820
334	643.510
338	644.260
339	643.670
340	644.140
341	643.570
342	643.860
344	644.760
345	644.010
348	644.380
350	644.240
351	643.740
352	644.880
353	644.480
354	644.140
357	643.850
358	644.330
360	644.400
363	644.920
365	644.950
367	644.250
368	644.090
369	644.340
370	644.760
371	644.210
372	644.310
373	644.950
374	644.370
375	644.360
376	644.140
377	643.720
378	644.300
379	644.650
380	644.480
381	644.890
382	644.120
383	644.570
384	643.560
385	644.320
386	643.580
387	643.840
388	644.630
389	644.880
390	643.610
391	644.370
393	644.380
394	644.840
395	644.340
396	644.730
397	643.720
398	643.510
399	643.690
401	643.720
402	644.240
403	644.110
406	644.640
408	644.490
410	644.780
411	643.690
412	644.740
413	644.040
414	644.130
416	644.750
417	644.960
418	643.960
419	644.610
421	644.280
422	644.400
424	644.010
425	643.760
427	644.910
428	643.540
429	644.680
431	644.260
432	644.790
433	643.560
434	643.590
435	644.270
438	644.550
439	644.700
440	644.430
441	644.100
442	643.880
443	643.880
444	643.790
445	643.650
446	644.540
449	644.610
451	644.670
452	643.760
455	644.470
459	644.830
460	644.480
462	644.550
464	644.970
465	644.220
466	644.190
469	644.990
470	644.920
471	643.900
473	643.680
475	644.060
476	644.530
477	643.970
478	644.120
479	643.860
480	643.710
482	644.280
483	643.720
484	643.570
485	644.750
486	644.080
487	643.770
489	644.170
490	643.930
491	644.750
492	644.580
493	643.970
495	644.250
496	644.050
497	644.770
498	643.840
499	644.790
500	643.530
1	646.310
3	645.040
4	645.940
5	645.100
7	645.480
8	645.600
9	646.010
10	645.020
11	645.670
12	645.140
14	645.090
16	645.830
17	645.010
18	645.130
19	645.510
22	645.460
23	645.980
25	645.080
26	646.430
27	646.190
28	645.950
29	645.800
30	646.170
31	645.690
33	646.230
34	645.130
35	645.840
36	646.310
37	645.970
38	645.900
40	645.970
42	645.820
43	645.910
44	646.060
45	645.450
49	645.630
52	646.210
53	645.070
54	645.910
55	645.050
59	646.060
60	645.460
61	645.710
63	645.550
64	645.380
65	646.190
66	645.930
69	646.140
70	646.430
71	645.040
73	646.460
74	645.330
75	645.610
77	645.760
79	645.950
80	645.170
83	645.270
85	645.910
87	645.900
88	645.990
90	645.030
92	645.680
93	645.420
94	646.270
95	645.790
96	645.190
97	645.030
98	645.940
99	646.130
100	646.350
101	646.280
102	645.830
103	645.230
105	645.060
106	645.240
107	645.810
109	645.380
110	645.810
111	645.280
112	645.010
114	645.370
115	646.020
116	645.100
117	645.890
119	646.110
120	645.520
121	646.470
122	646.210
123	645.190
124	645.500
125	646.200
126	645.330
127	646.000
128	646.240
129	646.400
130	646.230
131	646.310
132	645.670
133	645.730
135	645.400
136	645.070
139	646.440
140	645.700
142	646.060
144	645.830
145	645.650
146	645.090
147	645.420
148	645.950
151	645.170
152	646.490
153	645.810
154	645.290
155	645.160
157	646.210
158	645.770
159	645.820
160	645.220
161	645.140
163	646.350
165	645.970
166	645.900
167	646.120
168	645.810
170	645.870
173	645.980
174	646.210
175	645.110
177	646.410
178	645.020
179	645.110
180	645.480
181	646.050
182	646.330
183	645.370
184	645.830
185	646.330
186	645.480
187	645.860
188	645.240
190	646.330
191	646.230
192	645.430
193	645.970
194	646.080
195	645.130
197	645.240
198	645.440
200	645.830
201	645.330
202	645.140
204	646.410
206	646.110
207	645.330
208	645.610
209	645.760
211	645.380
212	645.170
213	645.050
214	645.570
215	645.350
216	646.090
219	645.630
220	646.130
222	645.390
223	646.470
224	645.940
225	645.350
226	645.770
228	645.820
230	645.030
231	646.170
233	646.340
234	646.320
236	645.180
237	645.960
238	645.350
240	646.320
241	645.620
242	646.180
243	646.290
245	645.150
247	645.120
250	646.420
252	645.260
254	646.020
255	645.010
256	645.440
257	645.280
258	645.070
259	646.060
260	646.380
261	645.180
262	645.470
264	646.110
265	645.940
267	646.140
268	646.040
270	646.280
271	646.380
273	646.160
277	646.240
279	645.430
280	645.070
281	646.320
283	646.430
284	646.500
285	645.150
286	645.670
287	645.300
289	645.780
291	645.360
292	646.090
293	646.260
294	646.320
296	645.270
297	645.370
298	645.600
299	645.180
300	645.260
301	646.400
303	645.550
304	645.290
306	645.620
307	646.440
308	645.450
309	645.010
310	646.130
312	646.250
313	645.550
314	645.380
315	646.380
316	645.880
317	645.020
319	645.880
320	646.150
321	645.070
322	645.650
323	646.300
324	645.320
325	646.010
326	645.030
327	645.270
328	646.320
329	645.830
331	645.830
332	645.130
333	645.500
334	645.520
335	645.070
336	645.060
337	645.240
338	646.270
339	645.680
340	646.150
341	645.580
342	645.870
343	645.320
345	646.020
346	645.120
347	645.170
348	646.390
349	645.060
350	646.250
351	645.750
353	646.490
354	646.150
355	645.010
356	645.390
357	645.860
358	646.340
359	645.500
360	646.410
361	645.430
362	645.010
364	645.220
366	645.250
367	646.260
368	646.100
369	646.350
371	646.220
372	646.320
374	646.380
375	646.370
376	646.150
377	645.730
378	646.310
380	646.490
382	646.130
384	645.570
385	646.330
386	645.590
387	645.850
390	645.620
391	646.380
392	645.060
393	646.390
395	646.350
397	645.730
398	645.520
399	645.700
400	645.020
401	645.730
402	646.250
403	646.120
404	645.210
405	645.130
407	645.250
408	646.500
409	645.210
411	645.700
413	646.050
414	646.140
415	645.430
418	645.970
420	645.220
421	646.290
422	646.410
423	645.030
424	646.020
425	645.770
426	645.190
428	645.550
430	645.330
431	646.270
433	645.570
434	645.600
435	646.280
436	645.380
437	645.480
440	646.440
441	646.110
442	645.890
443	645.890
444	645.800
445	645.660
447	645.020
448	645.160
450	645.490
452	645.770
453	645.210
454	645.080
455	646.480
456	645.260
457	645.360
458	645.320
460	646.490
461	645.450
463	645.500
465	646.230
466	646.200
467	645.220
468	645.390
471	645.910
472	645.260
473	645.690
474	645.390
475	646.070
477	645.980
478	646.130
479	645.870
480	645.720
481	645.410
482	646.290
483	645.730
484	645.580
486	646.090
487	645.780
488	645.380
489	646.180
490	645.940
493	645.980
494	645.320
495	646.260
496	646.060
498	645.850
500	645.540
2	646.550
3	647.050
4	647.950
5	647.110
6	646.700
7	647.490
8	647.610
10	647.030
11	647.680
12	647.150
13	646.560
14	647.100
15	646.960
16	647.840
17	647.020
18	647.140
19	647.520
20	646.730
21	646.590
22	647.470
23	647.990
24	646.710
25	647.090
28	647.960
29	647.810
31	647.700
32	646.860
34	647.140
35	647.850
37	647.980
38	647.910
39	646.890
40	647.980
41	646.560
42	647.830
43	647.920
45	647.460
46	646.930
47	646.720
48	647.000
49	647.640
50	646.930
51	646.550
53	647.080
54	647.920
55	647.060
56	646.950
57	646.960
58	646.540
60	647.470
61	647.720
62	646.970
63	647.560
64	647.390
66	647.940
67	646.990
68	646.520
71	647.050
72	646.730
74	647.340
75	647.620
76	646.660
77	647.770
78	646.510
79	647.960
80	647.180
81	646.910
82	647.010
83	647.280
84	646.860
85	647.920
86	646.670
87	647.910
88	648.000
89	646.940
90	647.040
91	646.600
92	647.690
93	647.430
95	647.800
96	647.200
97	647.040
98	647.950
102	647.840
103	647.240
104	646.920
105	647.070
106	647.250
107	647.820
108	646.950
109	647.390
110	647.820
111	647.290
112	647.020
113	646.630
114	647.380
116	647.110
117	647.900
118	646.550
120	647.530
123	647.200
124	647.510
126	647.340
132	647.680
133	647.740
134	646.860
135	647.410
136	647.080
137	646.700
138	646.790
140	647.710
141	646.930
143	646.870
144	647.840
145	647.660
146	647.100
147	647.430
148	647.960
149	647.000
150	646.710
151	647.180
153	647.820
154	647.300
155	647.170
156	646.890
158	647.780
159	647.830
160	647.230
161	647.150
162	646.690
164	646.660
165	647.980
166	647.910
168	647.820
169	646.790
170	647.880
171	646.780
172	646.540
173	647.990
175	647.120
176	646.970
178	647.030
179	647.120
180	647.490
183	647.380
184	647.840
186	647.490
187	647.870
188	647.250
189	646.660
192	647.440
193	647.980
195	647.140
196	646.600
197	647.250
198	647.450
199	647.010
200	647.840
201	647.340
202	647.150
203	646.600
205	646.760
207	647.340
208	647.620
209	647.770
210	646.520
211	647.390
212	647.180
213	647.060
214	647.580
215	647.360
217	646.870
218	646.700
219	647.640
221	646.930
222	647.400
224	647.950
225	647.360
226	647.780
227	646.590
228	647.830
229	646.970
230	647.040
232	646.640
235	646.890
236	647.190
237	647.970
238	647.360
239	646.560
241	647.630
244	646.700
245	647.160
246	646.630
247	647.130
248	646.620
249	646.600
251	646.790
252	647.270
253	646.720
255	647.020
256	647.450
257	647.290
258	647.080
261	647.190
262	647.480
263	646.930
265	647.950
266	646.810
269	646.680
272	646.930
274	646.650
275	646.690
276	646.950
278	646.680
279	647.440
280	647.080
282	646.990
285	647.160
286	647.680
287	647.310
288	646.850
289	647.790
290	646.600
291	647.370
295	646.570
296	647.280
297	647.380
298	647.610
299	647.190
300	647.270
302	646.740
303	647.560
304	647.300
305	646.690
306	647.630
308	647.460
309	647.020
311	646.510
313	647.560
314	647.390
316	647.890
317	647.030
318	646.540
319	647.890
321	647.080
322	647.660
324	647.330
326	647.040
327	647.280
329	647.840
330	646.610
331	647.840
332	647.140
333	647.510
334	647.530
335	647.080
336	647.070
337	647.250
339	647.690
341	647.590
342	647.880
343	647.330
344	646.770
346	647.130
347	647.180
349	647.070
351	647.760
352	646.890
355	647.020
356	647.400
357	647.870
359	647.510
361	647.440
362	647.020
363	646.930
364	647.230
365	646.960
366	647.260
370	646.770
373	646.960
377	647.740
379	646.660
381	646.900
383	646.580
384	647.580
386	647.600
387	647.860
388	646.640
389	646.890
390	647.630
392	647.070
394	646.850
396	646.740
397	647.740
398	647.530
399	647.710
400	647.030
401	647.740
404	647.220
405	647.140
406	646.650
407	647.260
409	647.220
410	646.790
411	647.710
412	646.750
415	647.440
416	646.760
417	646.970
418	647.980
419	646.620
420	647.230
423	647.040
425	647.780
426	647.200
427	646.920
428	647.560
429	646.690
430	647.340
432	646.800
433	647.580
434	647.610
436	647.390
437	647.490
438	646.560
439	646.710
442	647.900
443	647.900
444	647.810
445	647.670
446	646.550
447	647.030
448	647.170
449	646.620
450	647.500
451	646.680
452	647.780
453	647.220
454	647.090
456	647.270
457	647.370
458	647.330
459	646.840
461	647.460
462	646.560
463	647.510
464	646.980
467	647.230
468	647.400
469	647.000
470	646.930
471	647.920
472	647.270
473	647.700
474	647.400
476	646.540
477	647.990
479	647.880
480	647.730
481	647.420
483	647.740
484	647.590
485	646.760
487	647.790
488	647.390
490	647.950
491	646.760
492	646.590
493	647.990
494	647.330
497	646.780
498	647.860
499	646.800
500	647.550
1	648.320
2	648.560
3	649.060
6	648.710
7	649.500
9	648.020
10	649.040
12	649.160
13	648.570
14	649.110
15	648.970
17	649.030
18	649.150
20	648.740
21	648.600
22	649.480
24	648.720
25	649.100
26	648.440
27	648.200
30	648.180
32	648.870
33	648.240
34	649.150
36	648.320
39	648.900
41	648.570
44	648.070
45	649.470
46	648.940
47	648.730
48	649.010
50	648.940
51	648.560
52	648.220
53	649.090
55	649.070
56	648.960
57	648.970
58	648.550
59	648.070
60	649.480
62	648.980
64	649.400
65	648.200
67	649.000
68	648.530
69	648.150
70	648.440
71	649.060
72	648.740
73	648.470
74	649.350
76	648.670
78	648.520
80	649.190
81	648.920
82	649.020
83	649.290
84	648.870
86	648.680
89	648.950
90	649.050
91	648.610
93	649.440
94	648.280
96	649.210
97	649.050
99	648.140
100	648.360
101	648.290
103	649.250
104	648.930
105	649.080
106	649.260
108	648.960
109	649.400
111	649.300
112	649.030
113	648.640
114	649.390
115	648.030
116	649.120
118	648.560
119	648.120
121	648.480
122	648.220
123	649.210
125	648.210
126	649.350
127	648.010
128	648.250
129	648.410
130	648.240
131	648.320
134	648.870
135	649.420
136	649.090
137	648.710
138	648.800
139	648.450
141	648.940
142	648.070
143	648.880
146	649.110
147	649.440
149	649.010
150	648.720
151	649.190
152	648.500
154	649.310
155	649.180
156	648.900
157	648.220
160	649.240
161	649.160
162	648.700
163	648.360
164	648.670
167	648.130
169	648.800
171	648.790
172	648.550
174	648.220
175	649.130
176	648.980
177	648.420
178	649.040
179	649.130
180	649.500
181	648.060
182	648.340
183	649.390
185	648.340
186	649.500
188	649.260
189	648.670
190	648.340
191	648.240
192	649.450
194	648.090
195	649.150
196	648.610
197	649.260
198	649.460
199	649.020
201	649.350
202	649.160
203	648.610
204	648.420
205	648.770
206	648.120
207	649.350
210	648.530
211	649.400
212	649.190
213	649.070
215	649.370
216	648.100
217	648.880
218	648.710
220	648.140
221	648.940
222	649.410
223	648.480
225	649.370
227	648.600
229	648.980
230	649.050
231	648.180
232	648.650
233	648.350
234	648.330
235	648.900
236	649.200
238	649.370
239	648.570
240	648.330
242	648.190
243	648.300
244	648.710
245	649.170
246	648.640
247	649.140
248	648.630
249	648.610
250	648.430
251	648.800
252	649.280
253	648.730
254	648.030
255	649.030
256	649.460
257	649.300
258	649.090
259	648.070
260	648.390
261	649.200
262	649.490
263	648.940
264	648.120
266	648.820
267	648.150
268	648.050
269	648.690
270	648.290
271	648.390
272	648.940
273	648.170
274	648.660
275	648.700
276	648.960
277	648.250
278	648.690
279	649.450
280	649.090
281	648.330
282	649.000
283	648.440
284	648.510
285	649.170
287	649.320
288	648.860
290	648.610
291	649.380
292	648.100
293	648.270
294	648.330
295	648.580
296	649.290
297	649.390
299	649.200
300	649.280
301	648.410
302	648.750
304	649.310
305	648.700
307	648.450
308	649.470
309	649.030
310	648.140
311	648.520
312	648.260
314	649.400
315	648.390
317	649.040
318	648.550
320	648.160
321	649.090
323	648.310
324	649.340
325	648.020
326	649.050
327	649.290
328	648.330
330	648.620
332	649.150
335	649.090
337	649.260
338	648.280
340	648.160
343	649.340
344	648.780
345	648.030
346	649.140
347	649.190
348	648.400
349	649.080
350	648.260
352	648.900
353	648.500
354	648.160
355	649.030
356	649.410
358	648.350
360	648.420
361	649.450
362	649.030
363	648.940
364	649.240
365	648.970
366	649.270
367	648.270
368	648.110
369	648.360
370	648.780
371	648.230
372	648.330
373	648.970
374	648.390
375	648.380
376	648.160
378	648.320
379	648.670
380	648.500
381	648.910
382	648.140
383	648.590
385	648.340
388	648.650
389	648.900
391	648.390
392	649.080
393	648.400
394	648.860
395	648.360
396	648.750
400	649.040
402	648.260
403	648.130
404	649.230
405	649.150
406	648.660
407	649.270
408	648.510
409	649.230
410	648.800
412	648.760
413	648.060
414	648.150
415	649.450
416	648.770
417	648.980
419	648.630
420	649.240
421	648.300
422	648.420
423	649.050
424	648.030
426	649.210
427	648.930
429	648.700
430	649.350
431	648.280
432	648.810
435	648.290
436	649.400
437	649.500
438	648.570
439	648.720
440	648.450
441	648.120
446	648.560
447	649.040
448	649.180
449	648.630
451	648.690
453	649.230
454	649.100
455	648.490
456	649.280
457	649.380
458	649.340
459	648.850
460	648.500
461	649.470
462	648.570
464	648.990
465	648.240
466	648.210
467	649.240
468	649.410
469	649.010
470	648.940
472	649.280
474	649.410
475	648.080
476	648.550
478	648.140
481	649.430
482	648.300
485	648.770
486	648.100
488	649.400
489	648.190
491	648.770
492	648.600
494	649.340
495	648.270
496	648.070
497	648.790
499	648.810
1	650.330
2	650.570
4	649.960
6	650.720
8	649.620
9	650.030
11	649.690
13	650.580
15	650.980
16	649.850
19	649.530
20	650.750
21	650.610
23	650.000
24	650.730
27	650.210
28	649.970
29	649.820
30	650.190
31	649.710
32	650.880
33	650.250
35	649.860
36	650.330
37	649.990
38	649.920
39	650.910
40	649.990
41	650.580
42	649.840
43	649.930
44	650.080
46	650.950
47	650.740
49	649.650
50	650.950
51	650.570
52	650.230
54	649.930
56	650.970
57	650.980
58	650.560
59	650.080
61	649.730
62	650.990
63	649.570
66	649.950
68	650.540
69	650.160
70	650.450
72	650.750
73	650.480
75	649.630
76	650.680
77	649.780
78	650.530
79	649.970
81	650.930
84	650.880
85	649.930
86	650.690
87	649.920
88	650.010
89	650.960
91	650.620
92	649.700
94	650.290
95	649.810
98	649.960
99	650.150
100	650.370
101	650.300
102	649.850
104	650.940
107	649.830
108	650.970
110	649.830
113	650.650
115	650.040
117	649.910
119	650.130
120	649.540
121	650.490
122	650.230
124	649.520
125	650.220
127	650.020
128	650.260
129	650.420
130	650.250
131	650.330
132	649.690
133	649.750
134	650.880
138	650.810
139	650.460
140	649.720
141	650.950
142	650.080
143	650.890
144	649.850
145	649.670
148	649.970
150	650.730
152	650.510
153	649.830
156	650.910
157	650.230
158	649.790
159	649.840
162	650.710
163	650.370
164	650.680
165	649.990
166	649.920
167	650.140
168	649.830
169	650.810
171	650.800
172	650.560
174	650.230
177	650.430
182	650.350
184	649.850
187	649.880
189	650.680
191	650.250
193	649.990
194	650.100
196	650.620
200	649.850
203	650.620
204	650.430
205	650.780
206	650.130
208	649.630
209	649.780
210	650.540
216	650.110
217	650.890
218	650.720
219	649.650
220	650.150
221	650.950
223	650.490
224	649.960
226	649.790
227	650.610
228	649.840
229	650.990
231	650.190
232	650.660
233	650.360
234	650.340
235	650.910
237	649.980
239	650.580
240	650.340
241	649.640
242	650.200
243	650.310
244	650.720
248	650.640
249	650.620
250	650.440
251	650.810
253	650.740
254	650.040
259	650.080
260	650.400
263	650.950
264	650.130
265	649.960
267	650.160
268	650.060
269	650.700
270	650.300
271	650.400
272	650.950
274	650.670
275	650.710
277	650.260
278	650.700
281	650.340
283	650.450
284	650.520
286	649.690
288	650.870
290	650.620
292	650.110
293	650.280
294	650.340
295	650.590
298	649.620
301	650.420
302	650.760
303	649.570
305	650.710
306	649.640
307	650.460
311	650.530
312	650.270
313	649.570
315	650.400
316	649.900
318	650.560
319	649.900
320	650.170
322	649.670
323	650.320
325	650.030
328	650.340
329	649.850
330	650.630
331	649.850
333	649.520
334	649.540
338	650.290
339	649.700
340	650.170
341	649.600
342	649.890
344	650.790
345	650.040
348	650.410
350	650.270
351	649.770
353	650.510
354	650.170
357	649.880
358	650.360
359	649.520
360	650.430
363	650.950
365	650.980
368	650.120
370	650.790
371	650.240
373	650.980
374	650.400
375	650.390
376	650.170
377	649.750
378	650.330
379	650.680
381	650.920
382	650.150
383	650.600
384	649.590
385	650.350
386	649.610
387	649.870
388	650.660
389	650.910
390	649.640
391	650.400
393	650.410
395	650.370
396	650.760
397	649.750
398	649.540
399	649.720
401	649.750
402	650.270
403	650.140
406	650.670
408	650.520
410	650.810
411	649.720
412	650.770
413	650.070
414	650.160
417	650.990
418	649.990
419	650.640
421	650.310
422	650.430
424	650.040
425	649.790
427	650.940
428	649.570
429	650.710
431	650.290
432	650.820
433	649.590
435	650.300
438	650.580
439	650.730
440	650.460
441	650.130
442	649.910
443	649.910
444	649.820
445	649.680
446	650.570
449	650.640
450	649.510
451	650.700
452	649.790
455	650.500
460	650.510
462	650.580
463	649.520
465	650.250
466	650.220
470	650.950
471	649.930
473	649.710
475	650.090
476	650.560
477	650.000
478	650.150
479	649.890
480	649.740
482	650.310
483	649.750
485	650.780
486	650.110
487	649.800
489	650.200
491	650.780
492	650.610
493	650.000
496	650.080
497	650.800
498	649.870
499	650.820
500	649.560
1	652.340
3	651.070
4	651.970
7	651.510
10	651.050
11	651.700
12	651.170
14	651.120
16	651.860
17	651.040
18	651.160
23	652.010
27	652.220
28	651.980
30	652.200
31	651.720
33	652.260
34	651.160
35	651.870
37	652.000
38	651.930
40	652.000
42	651.850
44	652.090
45	651.480
48	651.020
49	651.660
53	651.100
55	651.080
59	652.090
60	651.490
61	651.740
67	651.010
69	652.170
71	651.070
73	652.490
74	651.360
75	651.640
80	651.200
82	651.030
85	651.940
88	652.020
90	651.060
92	651.710
94	652.300
95	651.820
96	651.220
97	651.060
98	651.970
99	652.160
100	652.380
101	652.310
105	651.090
106	651.270
107	651.840
109	651.410
110	651.840
111	651.310
114	651.400
116	651.130
117	651.920
119	652.140
121	652.500
122	652.240
123	651.220
124	651.530
126	651.360
127	652.030
128	652.270
129	652.430
130	652.260
131	652.340
132	651.700
133	651.760
135	651.430
136	651.100
140	651.730
142	652.090
144	651.860
145	651.680
146	651.120
147	651.450
148	651.980
149	651.020
151	651.200
153	651.840
154	651.320
155	651.190
157	652.240
159	651.850
160	651.250
161	651.170
165	652.000
166	651.930
167	652.150
175	651.140
177	652.440
179	651.140
180	651.510
183	651.400
184	651.860
186	651.510
187	651.890
188	651.270
191	652.260
192	651.460
193	652.000
194	652.110
195	651.160
198	651.470
199	651.030
200	651.860
201	651.360
202	651.170
204	652.440
207	651.360
209	651.790
211	651.410
212	651.200
213	651.080
215	651.380
216	652.120
219	651.660
220	652.160
222	651.420
224	651.970
228	651.850
231	652.200
233	652.370
234	652.350
236	651.210
237	651.990
238	651.380
242	652.210
243	652.320
245	651.180
250	652.450
252	651.290
255	651.040
256	651.470
257	651.310
258	651.100
260	652.410
261	651.210
262	651.500
264	652.140
265	651.970
267	652.170
270	652.310
271	652.410
277	652.270
279	651.460
280	651.100
282	651.010
283	652.460
287	651.330
291	651.390
292	652.120
294	652.350
296	651.300
298	651.630
299	651.210
300	651.290
304	651.320
307	652.470
308	651.480
309	651.040
312	652.280
313	651.580
314	651.410
316	651.910
317	651.050
319	651.910
320	652.180
321	651.100
322	651.680
323	652.330
325	652.040
327	651.300
328	652.350
329	651.860
332	651.160
333	651.530
335	651.100
337	651.270
338	652.300
340	652.180
341	651.610
342	651.900
343	651.350
345	652.050
346	651.150
347	651.200
348	652.420
349	651.090
350	652.280
351	651.780
355	651.040
356	651.420
357	651.890
359	651.530
360	652.440
361	651.460
362	651.040
366	651.280
368	652.130
371	652.250
374	652.410
375	652.400
376	652.180
377	651.760
378	652.340
384	651.600
387	651.880
390	651.650
391	652.410
392	651.090
393	652.420
395	652.380
397	651.760
400	651.050
402	652.280
403	652.150
404	651.240
407	651.280
409	651.240
411	651.730
414	652.170
415	651.460
418	652.000
420	651.250
421	652.320
424	652.050
426	651.220
428	651.580
430	651.360
431	652.300
436	651.410
440	652.470
441	652.140
443	651.920
444	651.830
445	651.690
447	651.050
448	651.190
450	651.520
452	651.800
453	651.240
454	651.110
456	651.290
458	651.350
463	651.530
465	652.260
466	652.230
467	651.250
468	651.420
469	651.020
472	651.290
474	651.420
475	652.100
477	652.010
478	652.160
480	651.750
481	651.440
482	652.320
483	651.760
487	651.810
488	651.410
489	652.210
493	652.010
498	651.880
500	651.570
2	652.580
4	653.980
7	653.520
10	653.060
11	653.710
17	653.050
18	653.170
28	653.990
34	653.170
35	653.880
39	652.920
41	652.590
42	653.860
45	653.490
47	652.750
50	652.960
51	652.580
53	653.110
56	652.980
57	652.990
62	653.000
68	652.550
72	652.760
78	652.540
80	653.210
82	653.040
84	652.890
85	653.950
91	652.630
92	653.720
96	653.230
97	653.070
98	653.980
104	652.950
105	653.100
106	653.280
109	653.420
110	653.850
111	653.320
117	653.930
124	653.540
126	653.370
132	653.710
134	652.890
135	653.440
136	653.110
138	652.820
140	653.740
141	652.960
143	652.900
144	653.870
146	653.130
150	652.740
151	653.210
152	652.520
153	653.850
154	653.330
155	653.200
160	653.260
169	652.820
171	652.810
172	652.570
179	653.150
180	653.520
183	653.410
184	653.870
189	652.690
195	653.170
196	652.630
199	653.040
201	653.370
202	653.180
205	652.790
207	653.370
211	653.420
212	653.210
213	653.090
222	653.430
224	653.980
227	652.620
228	653.860
232	652.670
235	652.920
236	653.220
239	652.590
249	652.630
251	652.820
253	652.750
256	653.480
258	653.110
261	653.220
263	652.960
269	652.710
272	652.960
274	652.680
278	652.710
279	653.470
280	653.110
284	652.530
288	652.880
290	652.630
295	652.600
296	653.310
300	653.300
304	653.330
309	653.050
311	652.540
314	653.420
317	653.060
318	652.570
319	653.920
321	653.110
322	653.690
327	653.310
329	653.870
335	653.110
337	653.280
341	653.620
346	653.160
347	653.210
351	653.790
353	652.520
355	653.050
362	653.050
370	652.800
379	652.690
381	652.930
384	653.610
387	653.890
388	652.670
392	653.100
396	652.770
404	653.250
406	652.680
407	653.290
408	652.530
412	652.780
415	653.470
419	652.650
426	653.230
429	652.720
430	653.370
432	652.830
436	653.420
438	652.590
439	652.740
446	652.580
447	653.060
448	653.200
450	653.530
452	653.810
454	653.120
455	652.510
456	653.300
458	653.360
460	652.520
463	653.540
467	653.260
469	653.030
470	652.960
476	652.570
483	653.770
487	653.820
488	653.420
497	652.810
1	654.350
17	655.060
30	654.210
33	654.270
34	655.180
37	654.010
47	654.760
57	655.000
68	654.560
72	654.770
82	655.050
91	654.640
97	655.080
119	654.150
129	654.440
130	654.270
138	654.830
141	654.970
157	654.250
165	654.010
169	654.830
171	654.820
193	654.010
195	655.180
202	655.190
213	655.100
239	654.600
242	654.220
249	654.640
253	654.760
258	655.120
260	654.420
274	654.690
288	654.890
290	654.640
294	654.360
296	655.320
300	655.310
304	655.340
307	654.480
312	654.290
318	654.580
320	654.190
323	654.340
328	654.360
337	655.290
338	654.310
345	654.060
353	654.530
360	654.450
362	655.060
368	654.140
371	654.260
374	654.420
376	654.190
378	654.350
388	654.680
392	655.110
406	654.690
414	654.180
418	654.010
424	654.060
440	654.480
446	654.590
447	655.070
454	655.130
465	654.270
466	654.240
467	655.270
469	655.040
33	656.280
98	655.990
117	655.940
119	656.160
124	655.550
129	656.450
140	655.750
144	655.880
165	656.020
253	656.770
338	656.320
368	656.150
371	656.270
378	656.360
384	655.620
387	655.900
388	656.690
393	655.990
424	656.070
466	656.250
57	657.010
119	658.170
124	657.560
337	657.300
469	657.050
119	660.180
221	719.510
451	721.240
114	725.510
134	725.990
186	724.980
229	725.950
274	724.590
339	725.250
427	725.830
475	725.650
31	726.920
90	726.760
95	727.390
137	727.000
143	727.470
165	726.920
199	727.180
220	726.240
233	727.140
264	727.020
321	726.680
324	726.090
334	727.050
394	726.850
395	726.540
407	726.800
434	726.270
436	726.900
442	726.280
479	726.800
483	726.370
8	728.760
32	727.820
34	728.040
67	728.730
72	728.860
90	728.920
91	728.740
100	727.560
114	728.990
117	728.150
134	728.680
136	727.510
140	728.360
182	728.460
183	728.790
196	728.040
211	727.640
215	727.670
222	727.950
224	728.350
244	728.410
272	728.670
274	727.510
277	728.840
287	727.670
290	728.950
322	727.880
327	728.620
329	728.340
331	728.700
333	728.030
344	727.800
355	728.300
380	727.980
381	728.240
395	728.550
409	728.690
421	727.930
427	728.170
433	728.000
456	728.850
461	727.990
464	728.470
481	728.820
489	729.000
5	729.690
10	730.070
11	729.780
18	729.580
26	729.130
33	730.060
34	730.420
35	729.020
44	729.180
56	729.280
60	729.270
63	729.540
73	729.920
76	730.240
80	729.250
100	729.630
102	729.850
105	730.140
111	730.490
120	729.800
121	730.420
127	729.400
132	730.190
137	730.490
143	729.840
146	729.780
147	729.310
153	730.310
157	729.980
158	730.310
165	729.350
174	730.190
176	730.040
193	729.900
194	729.910
199	729.530
201	729.600
206	729.260
211	730.210
220	729.370
223	730.070
227	729.770
233	730.160
235	730.170
237	729.480
249	730.170
251	729.580
258	729.030
260	729.380
262	729.150
263	729.440
264	730.040
268	730.370
270	730.360
279	729.170
281	730.010
284	730.010
287	729.680
288	729.910
309	730.360
312	730.480
313	729.280
314	729.520
315	729.650
323	729.520
324	730.150
338	729.070
340	730.280
341	729.540
343	730.270
347	729.930
353	730.360
364	729.550
370	729.570
372	730.390
377	730.430
378	730.420
380	730.060
381	730.250
389	730.120
391	729.140
394	729.940
403	730.190
408	730.360
410	729.930
411	729.050
414	729.750
421	729.940
422	729.860
427	730.290
437	729.290
439	729.510
441	729.320
442	730.120
450	729.820
464	730.480
467	730.160
477	729.730
478	730.310
479	730.040
480	730.020
483	730.500
1	731.920
6	731.090
8	730.910
11	731.790
12	730.570
13	731.400
17	730.770
18	731.590
19	731.330
31	731.240
32	730.620
42	730.660
43	731.940
53	731.090
68	731.560
79	731.210
83	730.820
86	731.460
91	731.590
92	730.840
96	731.540
102	731.860
109	731.570
115	731.230
122	730.590
134	731.940
139	731.740
140	730.810
146	731.790
147	731.320
150	731.900
154	731.530
157	731.990
165	731.700
171	731.140
181	731.350
183	731.290
184	730.740
191	731.800
193	731.910
194	731.920
196	731.790
199	731.670
200	730.800
206	731.820
208	731.350
213	731.360
215	731.640
225	731.640
227	731.780
234	731.540
237	731.490
245	731.160
251	731.740
260	731.390
261	731.720
262	731.160
266	730.570
267	731.430
269	730.800
277	730.850
283	731.900
286	731.560
287	731.690
288	731.920
299	731.010
303	731.170
313	731.290
321	730.890
323	731.800
325	730.860
331	730.710
341	731.550
342	731.060
346	731.650
354	730.600
364	731.560
366	730.970
367	731.100
368	731.000
376	731.820
379	731.330
395	730.560
399	731.950
411	731.160
413	730.540
414	731.830
415	731.120
423	731.950
428	730.970
432	731.750
433	731.200
434	731.120
439	731.520
441	731.330
447	731.040
452	730.750
462	731.870
468	730.680
469	731.800
470	730.850
471	730.890
475	731.120
477	731.970
481	731.760
489	731.580
497	731.670
4	732.270
5	732.450
8	733.180
10	732.080
12	733.350
13	733.410
17	732.780
26	733.450
28	732.480
29	732.350
31	733.450
35	732.130
38	733.310
41	732.400
42	732.810
53	733.100
54	732.260
62	733.210
65	732.180
67	733.000
69	732.610
73	732.540
76	732.250
79	733.430
80	732.260
81	732.590
83	733.200
89	733.320
94	732.310
95	733.140
101	732.300
103	732.580
108	732.910
114	733.380
115	733.240
120	732.820
121	732.430
131	732.030
132	732.690
133	732.100
137	732.570
138	733.060
140	733.250
142	733.460
148	732.940
153	732.600
155	732.310
170	732.220
171	733.280
174	732.870
179	732.340
181	733.360
182	732.030
183	733.300
184	732.750
197	732.570
198	732.470
201	732.070
205	733.030
207	732.230
209	733.310
210	732.430
220	733.420
222	732.800
223	732.610
228	732.600
235	732.650
237	733.500
239	733.400
240	733.230
245	733.170
249	732.180
250	732.640
257	732.670
259	733.410
260	733.400
262	733.170
263	732.870
266	732.580
268	732.380
269	732.810
274	733.240
276	732.080
277	732.860
278	732.670
281	732.020
282	732.770
285	733.140
289	732.340
293	733.230
295	732.080
299	733.500
300	732.630
303	733.180
309	732.370
310	732.600
313	733.300
320	733.420
324	732.970
325	732.870
331	732.720
333	732.840
334	732.490
336	732.400
340	732.810
343	732.470
347	732.110
352	732.260
353	732.370
355	733.260
360	732.050
361	732.830
362	733.330
365	732.530
367	733.110
372	732.400
378	732.430
380	732.070
381	732.260
384	732.550
389	732.130
390	733.190
393	733.310
400	733.250
401	732.650
408	732.370
411	733.170
425	732.910
427	732.300
433	733.210
441	733.340
444	732.060
445	732.090
447	733.050
450	732.740
455	732.420
457	733.020
458	732.810
460	733.050
463	732.640
464	732.490
466	732.170
467	732.170
468	732.690
470	733.090
471	732.900
478	732.320
480	732.400
488	732.060
495	732.450
496	732.190
1	733.930
2	734.820
4	734.730
5	734.460
6	734.610
10	734.090
11	733.800
17	734.790
18	733.970
20	733.950
22	734.900
28	734.490
34	734.760
35	734.140
41	734.410
42	734.820
43	733.950
44	733.570
50	733.900
51	734.530
52	734.910
54	734.470
57	734.440
58	734.180
63	734.460
64	733.730
66	734.490
69	734.620
70	734.990
71	734.540
73	734.550
76	734.260
81	734.600
84	733.900
86	734.230
87	734.820
91	733.730
94	734.320
96	733.550
99	734.690
101	734.310
102	733.870
103	734.590
105	734.490
107	734.470
108	734.920
109	734.170
111	734.710
119	734.000
120	734.830
121	734.440
131	734.110
132	734.700
133	734.110
134	733.950
136	734.420
137	734.580
141	734.050
146	733.800
147	733.910
148	734.950
150	733.910
152	734.190
153	734.610
154	733.540
155	734.320
157	734.000
158	733.930
160	734.760
163	734.060
164	733.690
170	734.230
172	734.190
173	734.250
176	734.430
177	734.850
179	734.620
182	734.290
184	734.760
187	733.560
189	734.910
191	734.470
193	733.920
195	734.630
197	734.580
198	734.480
199	734.330
200	734.140
201	734.080
203	734.480
204	734.200
206	733.830
207	734.240
210	734.440
211	734.800
212	733.700
213	733.670
214	734.980
215	734.060
218	734.410
225	733.750
228	734.610
229	734.070
230	733.610
234	733.550
235	734.660
236	734.490
241	733.990
249	734.190
250	734.650
251	733.750
253	734.630
254	734.860
255	734.380
257	734.770
261	735.000
266	734.590
267	733.960
268	734.400
269	734.820
275	733.850
276	734.300
277	734.870
278	734.680
281	734.030
282	734.810
286	733.570
288	733.930
289	734.350
291	733.830
295	734.090
300	734.640
301	734.220
302	734.860
306	733.970
308	734.810
309	734.380
310	734.610
314	734.090
315	734.060
319	734.500
322	733.920
325	734.880
330	733.980
331	734.730
334	734.500
335	734.760
336	734.410
337	734.200
340	734.830
341	733.840
342	734.730
343	734.480
344	733.630
345	734.760
347	734.160
350	734.020
352	734.760
353	734.380
354	734.030
358	733.990
360	734.270
364	733.570
365	734.540
366	734.200
368	734.430
369	734.460
372	734.410
377	734.580
378	734.440
380	734.080
383	733.630
385	733.520
389	734.140
395	734.400
396	733.890
397	734.520
398	734.970
399	734.370
403	733.670
405	733.810
408	734.380
412	733.730
414	733.840
415	733.740
425	734.920
426	734.840
427	734.310
431	734.720
432	733.760
437	734.020
439	733.530
444	734.070
445	734.100
448	734.000
452	734.020
454	733.660
455	734.560
458	734.970
462	733.880
464	734.500
465	734.210
466	734.180
467	734.180
468	734.700
469	733.810
471	734.910
472	733.680
473	733.990
475	733.670
477	734.830
478	734.330
479	734.010
480	734.700
481	733.840
489	734.110
490	734.390
492	733.900
493	734.190
494	733.690
496	734.200
1	735.940
3	735.110
5	736.470
9	735.910
10	736.100
11	735.810
13	735.420
15	735.650
19	735.070
20	735.960
21	735.780
23	735.400
26	735.460
28	736.500
29	735.340
31	735.670
35	736.150
36	735.950
37	735.960
38	735.320
40	735.200
41	736.420
43	735.960
44	735.580
49	736.350
50	735.910
53	735.110
54	736.480
55	735.910
58	736.190
63	736.470
64	735.740
65	735.170
66	736.500
67	736.440
77	735.360
78	735.770
79	735.440
82	735.340
83	735.210
84	735.910
86	736.240
88	736.380
89	735.330
91	735.740
94	736.330
95	735.170
96	735.560
98	735.390
101	736.320
102	735.880
104	735.480
105	736.500
106	735.390
107	736.480
109	736.180
110	735.550
112	736.080
114	735.390
115	735.860
119	736.010
121	736.450
125	735.020
126	736.160
131	736.120
133	736.120
134	735.960
135	736.000
136	736.430
138	735.070
140	735.900
141	736.060
142	735.470
144	735.390
146	736.000
147	735.920
149	735.330
150	735.920
151	736.410
152	736.200
154	735.550
155	736.330
156	735.650
157	736.010
158	735.940
161	735.770
163	736.070
164	735.700
166	735.650
167	735.530
168	735.220
170	736.240
171	735.320
172	736.200
173	736.260
174	735.610
175	735.850
180	735.450
181	735.370
183	735.310
185	735.080
186	735.470
187	735.570
191	736.480
194	735.540
198	736.490
199	736.340
200	736.150
201	736.090
203	736.490
204	736.210
205	735.660
206	735.840
207	736.250
209	735.320
210	736.450
212	735.710
213	735.680
215	736.070
218	736.420
220	735.430
222	736.320
225	735.760
229	736.080
230	735.620
234	735.560
236	736.500
239	735.410
240	735.240
241	736.050
242	735.580
244	735.200
245	735.180
248	735.920
249	736.200
251	735.760
258	735.760
259	735.420
260	735.410
262	735.180
265	735.010
267	735.970
268	736.410
272	735.630
275	735.860
276	736.310
281	736.040
283	735.100
284	736.000
286	735.580
288	735.940
289	736.360
290	735.250
291	736.010
292	735.900
293	735.240
295	736.100
298	735.380
301	736.230
303	735.190
306	735.980
309	736.390
311	735.670
313	735.310
314	736.100
315	736.090
320	736.050
321	736.440
322	736.390
324	735.060
326	735.310
330	736.180
336	736.420
337	736.210
343	736.490
344	735.640
346	736.320
347	736.470
350	736.030
353	736.390
354	736.250
355	735.270
358	736.260
360	736.280
361	735.610
362	735.340
363	736.500
364	735.580
366	736.260
367	735.120
368	736.440
369	736.470
371	736.080
372	736.420
375	736.200
376	735.060
378	736.450
379	735.660
380	736.090
383	735.640
385	735.530
386	735.060
389	736.150
390	735.200
393	735.320
395	736.410
396	735.900
399	736.380
400	735.260
401	736.060
405	735.820
408	736.390
409	736.220
411	735.180
412	736.280
414	735.850
415	735.750
417	736.180
421	735.790
423	735.400
424	736.340
427	736.320
429	736.150
430	735.790
432	735.770
433	735.220
439	735.540
440	735.030
441	735.350
443	736.130
444	736.080
445	736.110
447	735.060
448	736.010
454	735.670
456	736.300
457	735.030
460	735.060
462	735.890
466	736.190
467	736.190
469	735.820
470	735.100
472	735.690
475	735.680
476	735.760
478	736.340
479	736.020
481	735.850
483	736.400
485	735.340
489	736.120
490	736.400
492	735.910
494	735.700
495	735.210
496	736.210
497	735.240
498	736.300
1	737.950
2	736.830
3	737.120
4	736.740
6	736.620
8	737.310
9	737.950
11	737.820
13	737.430
15	737.660
17	736.800
18	736.970
19	737.080
20	737.970
21	737.790
22	736.910
23	737.410
24	736.800
26	737.470
29	737.350
31	737.680
32	736.520
34	736.770
36	737.960
37	737.970
38	737.330
39	737.070
40	737.210
42	736.830
43	737.970
44	737.590
45	737.120
46	737.560
47	737.120
50	737.920
51	736.540
52	736.920
53	737.120
55	737.920
57	736.530
61	737.390
62	736.750
64	737.750
65	737.780
68	736.680
69	736.630
70	737.000
71	736.550
74	736.580
75	737.500
77	737.370
78	737.780
79	737.450
81	736.610
82	737.350
83	737.220
84	737.920
89	737.340
91	737.750
92	737.810
93	736.510
95	737.180
96	737.570
98	737.400
99	736.700
102	737.890
103	736.600
104	737.490
106	737.400
108	736.930
110	737.560
111	737.030
114	737.400
115	737.870
116	737.160
118	737.300
120	737.000
124	737.390
125	737.030
132	736.710
134	737.970
137	736.590
138	737.080
139	736.970
140	737.910
142	737.480
145	736.520
147	737.930
148	736.960
149	737.340
150	737.930
153	736.620
154	737.560
156	737.660
158	737.950
160	736.770
161	737.780
164	737.710
166	737.660
167	737.540
168	737.230
171	737.330
174	737.920
175	737.860
176	737.980
177	736.860
179	736.630
180	737.550
181	737.380
182	736.670
183	737.320
184	736.770
185	737.090
186	737.830
187	737.580
188	736.810
189	736.920
190	736.860
192	737.150
193	737.330
194	737.920
195	736.640
197	736.590
202	737.930
205	737.730
206	737.850
209	737.330
211	737.400
212	737.720
213	737.690
214	736.990
217	736.740
220	737.440
221	737.060
223	736.580
224	736.520
225	737.770
227	737.000
228	736.620
230	737.630
231	737.590
232	736.800
233	736.580
234	737.570
235	736.670
237	736.830
239	737.420
240	737.250
243	737.280
245	737.190
247	737.170
248	737.930
250	736.660
251	737.770
252	737.870
253	736.820
254	736.870
255	736.650
257	736.780
258	737.770
259	737.430
260	737.420
261	737.010
262	737.190
263	737.940
265	737.020
266	736.600
267	737.980
269	736.830
272	737.640
273	736.970
275	737.870
277	736.880
278	736.690
282	736.820
285	737.450
286	737.590
288	737.950
290	737.260
293	737.250
294	736.850
297	737.700
298	737.390
299	737.460
300	736.650
302	737.130
303	737.200
306	737.990
308	737.440
310	736.620
311	737.680
313	737.320
317	737.800
319	736.510
323	737.190
324	737.070
325	736.890
328	737.760
329	736.580
331	736.740
333	736.960
334	736.510
340	736.840
342	736.740
344	737.650
345	736.770
349	736.770
352	736.770
355	737.280
356	737.700
357	737.830
361	737.930
362	737.350
364	737.590
365	736.550
367	737.130
377	737.140
379	737.680
381	737.360
383	737.650
385	737.540
386	737.070
388	737.480
390	737.210
391	737.210
392	737.490
393	737.330
396	737.910
397	736.530
398	736.980
400	737.270
403	737.510
404	737.250
405	737.830
410	736.660
411	737.190
413	736.960
414	737.860
415	737.760
421	737.800
422	737.180
425	736.930
426	736.850
428	737.410
430	737.800
431	736.730
432	737.780
433	737.230
434	737.010
437	737.430
439	737.550
440	737.040
441	737.360
447	737.070
450	736.820
453	736.930
454	737.680
455	736.570
457	737.040
460	737.070
462	737.900
463	736.870
464	736.510
465	737.090
468	736.710
470	737.110
471	736.920
472	737.700
473	736.970
474	736.970
475	737.690
476	737.770
477	736.850
480	736.850
481	737.860
482	737.070
485	737.350
486	737.220
491	736.990
492	737.920
493	737.230
494	737.710
495	737.220
497	737.310
2	738.840
3	739.130
4	738.750
5	738.480
6	738.630
8	739.420
10	738.110
12	739.130
13	739.440
14	738.190
16	738.530
17	738.810
18	738.980
19	739.090
22	738.920
23	739.420
24	738.810
26	739.480
28	738.510
29	739.360
32	738.530
34	738.780
35	738.160
38	739.340
39	739.080
40	739.220
41	738.430
42	738.840
45	739.130
47	739.130
49	738.360
51	738.550
52	738.930
53	739.130
54	738.490
56	738.470
57	738.540
58	738.200
59	738.310
61	739.400
63	738.480
66	738.510
67	738.450
69	738.640
70	739.010
71	738.560
72	739.470
74	738.590
77	739.380
79	739.460
81	738.620
82	739.360
83	739.230
86	738.250
88	738.390
89	739.350
90	738.960
93	738.520
94	738.340
98	739.410
99	738.710
100	739.490
103	738.610
104	739.500
105	738.510
106	739.410
107	738.490
108	738.940
109	738.790
111	739.040
112	738.090
113	738.620
114	739.410
116	739.170
117	738.580
118	739.310
119	738.020
121	738.460
123	738.910
124	739.400
125	739.040
126	738.170
127	738.180
128	738.080
129	738.940
131	738.130
132	738.720
133	738.130
135	738.010
136	738.440
137	738.600
138	739.090
139	738.980
141	738.070
142	739.490
143	738.610
144	738.350
145	738.530
148	738.970
149	739.350
151	738.420
152	738.210
153	738.630
155	738.340
157	738.020
163	738.080
168	739.240
170	738.250
171	739.340
172	738.210
173	738.270
177	738.870
178	738.360
179	738.640
181	739.390
182	738.680
183	739.330
184	738.780
185	739.100
188	738.820
189	738.930
190	738.870
191	738.490
192	739.480
193	739.340
195	738.650
196	738.410
197	738.600
198	738.500
199	738.350
200	738.160
201	738.100
203	738.500
204	738.220
207	738.260
209	739.340
210	738.460
211	739.410
214	739.000
215	738.080
217	738.750
218	738.430
219	739.500
220	739.450
221	739.070
222	738.550
223	738.590
224	738.530
227	739.010
228	738.630
229	738.140
232	738.810
233	738.590
235	738.680
236	738.510
237	738.840
239	739.430
240	739.260
241	738.060
242	738.120
243	739.290
244	738.260
245	739.200
247	739.180
249	738.210
250	738.670
254	738.880
255	738.660
256	739.420
257	738.790
259	739.440
260	739.430
261	739.020
262	739.200
264	738.250
265	739.030
266	738.610
268	738.420
269	738.840
271	738.070
273	738.980
274	738.420
276	738.320
277	738.890
278	738.700
279	738.990
280	738.860
281	738.050
282	738.830
284	738.010
285	739.460
287	739.160
289	738.370
290	739.270
291	738.020
292	738.020
293	739.260
294	738.860
295	738.110
296	738.180
298	739.400
299	739.470
300	738.660
301	738.240
302	739.140
303	739.210
305	738.490
309	738.400
310	738.630
312	738.970
313	739.330
314	738.110
315	738.100
318	739.400
319	738.520
320	738.060
321	738.450
322	738.400
323	739.500
324	739.080
325	738.900
326	738.930
329	738.590
330	738.190
331	738.750
333	738.970
334	738.520
336	738.430
337	738.220
338	738.650
339	739.450
340	738.850
341	739.410
342	738.750
343	738.500
345	738.780
346	738.330
347	738.530
348	738.020
349	738.780
350	738.040
352	738.780
353	738.400
354	738.260
355	739.290
358	738.270
359	738.540
360	738.290
362	739.360
363	738.510
365	738.560
367	739.140
368	738.450
369	738.480
371	738.090
372	738.430
373	739.130
375	738.210
377	739.150
378	738.460
380	738.100
381	739.370
386	739.080
388	739.490
389	738.160
390	739.220
391	739.220
392	739.500
393	739.340
394	738.070
395	738.420
397	738.540
398	738.990
399	738.390
400	739.280
401	738.070
404	739.260
407	738.060
408	738.400
409	738.230
410	738.670
411	739.200
412	738.290
413	738.970
417	738.590
418	738.010
420	738.430
422	739.190
423	738.390
424	738.350
425	738.940
426	738.860
427	738.330
428	739.420
429	738.160
431	738.740
433	739.240
434	739.020
435	738.290
436	738.420
437	739.440
438	738.300
440	739.050
443	738.140
444	738.090
445	738.120
446	739.440
447	739.080
448	738.020
449	739.270
450	738.830
451	739.220
452	738.940
453	738.940
455	738.990
456	738.310
457	739.050
460	739.080
464	738.520
466	738.200
467	738.200
468	738.720
470	739.120
471	738.930
473	738.980
477	738.860
478	738.350
479	738.030
480	738.860
483	738.410
485	739.360
486	739.230
487	739.130
488	739.360
489	738.130
490	738.410
491	739.150
493	739.240
495	739.230
496	738.220
497	739.320
498	738.310
500	739.030
1	739.960
2	740.850
4	740.760
5	740.490
6	740.640
9	739.960
10	740.120
11	739.830
14	740.200
15	739.670
16	740.540
17	740.820
18	740.990
20	739.980
21	739.800
22	740.930
24	740.820
25	739.990
28	740.520
31	739.690
32	740.540
34	740.790
35	740.170
36	739.970
37	739.980
41	740.440
42	740.850
43	739.980
44	739.600
46	739.570
49	740.370
50	739.930
51	740.560
52	740.940
54	740.500
55	739.930
56	740.480
57	740.550
58	740.210
59	740.320
62	740.060
63	740.490
64	739.760
65	739.790
66	740.520
67	740.460
69	740.650
71	740.570
74	740.600
75	739.510
78	739.790
81	740.630
84	739.930
85	740.430
86	740.260
88	740.400
90	740.970
91	740.130
92	739.820
93	740.530
94	740.350
95	739.600
96	739.580
97	739.630
99	740.720
101	740.670
102	739.900
103	740.620
105	740.520
107	740.500
108	740.950
110	739.570
112	740.100
113	740.630
115	739.880
117	740.590
119	740.030
121	740.470
122	739.950
123	740.920
126	740.180
127	740.190
128	740.090
129	740.950
131	740.140
132	740.730
133	740.140
134	739.980
135	740.020
136	740.450
137	740.610
139	740.990
140	739.920
141	740.080
143	740.620
144	740.360
145	740.540
146	739.760
147	739.940
148	740.980
150	739.940
151	740.430
152	740.220
153	740.640
154	739.570
155	740.350
156	739.670
157	740.030
158	739.960
161	739.790
162	740.590
163	740.090
164	739.720
165	740.670
166	739.670
167	740.590
170	740.260
172	740.220
173	740.280
174	739.930
175	739.870
176	739.990
177	740.880
178	740.370
179	740.650
180	739.560
182	740.690
184	740.790
186	739.840
187	739.590
188	740.830
189	740.940
190	740.880
191	740.500
194	739.930
195	740.660
196	740.420
197	740.610
198	740.510
199	740.360
200	740.170
201	740.110
202	739.940
203	740.510
204	740.230
205	739.740
206	739.860
207	740.270
210	740.470
212	739.730
213	739.700
215	740.090
216	740.500
217	740.760
218	740.440
222	740.560
223	740.600
224	740.540
225	739.780
226	740.060
228	740.640
229	740.150
230	739.640
231	739.600
232	740.820
233	740.600
234	739.580
235	740.690
236	740.520
237	740.850
238	740.710
241	740.070
244	740.270
248	739.940
249	740.220
250	740.680
251	739.780
252	739.880
253	739.700
254	740.890
255	740.670
257	740.800
258	739.780
263	739.950
264	740.260
266	740.620
267	739.990
268	740.430
269	740.850
271	740.080
272	739.650
273	740.990
274	740.430
275	739.880
276	740.330
277	740.900
278	740.710
279	741.000
280	740.870
281	740.060
282	740.840
284	740.020
286	739.600
288	739.960
289	740.380
291	740.030
292	740.030
294	740.870
295	740.120
296	740.190
297	739.710
300	740.670
301	740.250
304	740.690
305	740.500
306	740.000
307	740.190
309	740.410
310	740.640
311	739.690
312	740.980
314	740.120
315	740.110
316	739.960
317	739.810
319	740.530
320	740.070
321	740.460
322	740.410
325	740.910
326	740.940
328	739.840
329	740.600
330	740.200
331	740.760
332	740.040
333	740.980
334	740.530
335	740.070
336	740.440
337	740.230
338	740.660
340	740.860
342	740.760
343	740.510
344	739.660
345	740.790
346	740.340
347	740.540
348	740.030
349	740.790
350	740.050
351	740.270
352	740.790
353	740.410
354	740.270
356	739.710
357	739.840
358	740.280
359	740.550
360	740.300
361	739.940
363	740.520
364	739.600
365	740.570
366	740.380
368	740.460
369	740.490
370	740.080
371	740.100
372	740.440
375	740.220
376	739.770
379	739.690
380	740.110
382	740.390
383	739.660
384	740.570
385	739.550
389	740.170
394	740.080
395	740.430
396	739.920
397	740.550
398	741.000
399	740.400
401	740.080
405	739.840
407	740.070
408	740.410
409	740.240
410	740.680
412	740.300
413	740.980
414	739.870
415	739.770
417	740.600
418	740.020
420	740.440
421	739.810
423	740.770
424	740.360
425	740.950
426	740.870
427	740.340
429	740.170
430	739.810
431	740.750
432	739.790
435	740.300
436	740.430
438	740.310
439	739.560
441	740.930
443	740.150
444	740.100
445	740.130
448	740.030
450	740.840
453	740.950
454	739.690
456	740.320
459	740.760
462	739.910
463	740.630
464	740.530
465	739.570
466	740.210
467	740.210
468	740.730
471	740.940
472	739.710
473	740.990
474	739.510
475	739.700
476	739.780
477	740.870
478	740.360
479	740.040
480	740.870
481	739.870
482	739.530
483	740.420
484	739.730
489	740.140
490	740.420
492	739.930
494	739.720
496	740.390
498	740.320
499	740.060
1	741.970
3	741.140
5	742.500
8	741.430
9	741.970
10	742.130
11	741.840
12	741.140
13	741.450
14	742.210
15	741.680
19	741.100
20	741.990
21	741.810
23	741.430
25	742.000
26	741.490
29	741.370
30	741.450
31	741.700
33	742.430
35	742.180
36	741.980
37	741.990
38	741.350
39	741.090
40	741.230
41	742.450
43	741.990
44	741.610
45	741.140
46	741.580
47	741.140
49	742.380
50	741.940
53	741.140
55	741.940
56	742.490
58	742.220
59	742.330
61	741.410
62	742.070
63	742.500
64	741.770
65	741.800
67	742.470
68	741.190
70	741.020
72	741.480
75	741.520
76	742.260
77	741.390
78	741.800
79	741.470
80	741.660
82	741.370
83	741.240
84	741.940
85	742.440
86	742.270
88	742.410
89	741.360
91	742.140
92	741.830
94	742.360
95	741.610
96	741.590
97	741.640
98	741.420
100	741.500
102	741.910
104	741.510
106	741.420
110	741.580
111	741.050
112	742.110
114	741.420
115	741.890
116	741.180
118	741.320
119	742.040
120	741.150
121	742.480
122	741.960
124	741.410
125	741.050
126	742.190
127	742.200
128	742.100
130	741.370
131	742.150
133	742.150
134	741.990
135	742.030
136	742.460
138	741.100
140	741.930
141	742.090
142	741.500
144	742.370
146	741.770
147	741.950
149	741.360
150	741.950
151	742.440
152	742.230
154	741.580
155	742.360
156	741.680
157	742.040
158	741.970
159	741.110
161	741.800
163	742.100
164	741.730
166	741.680
168	741.250
169	741.880
170	742.270
171	741.350
172	742.230
173	742.290
174	741.940
175	741.880
176	742.000
178	742.380
180	741.570
181	741.400
185	741.110
186	741.850
187	741.600
193	741.350
194	741.940
196	742.430
199	742.370
200	742.180
201	742.120
202	741.950
204	742.240
205	741.750
206	741.870
207	742.280
208	741.880
209	741.350
210	742.480
211	741.420
212	741.740
213	741.710
214	741.010
215	742.100
218	742.450
219	741.510
220	741.460
221	741.080
225	741.790
226	742.070
227	741.020
229	742.160
230	741.650
231	741.610
234	741.590
239	741.440
240	741.270
241	742.080
242	741.720
243	741.300
244	742.280
245	741.210
246	741.100
247	741.190
248	741.950
249	742.230
251	741.790
252	741.890
253	741.710
256	741.430
258	741.790
259	741.450
260	741.440
261	741.030
262	741.210
263	741.960
264	742.270
265	741.040
267	742.000
268	742.440
271	742.090
272	741.660
274	742.440
275	741.890
276	742.340
281	742.070
283	741.310
284	742.030
285	741.470
286	741.610
287	741.170
288	741.970
289	742.390
290	741.280
291	742.040
292	742.040
293	741.270
295	742.130
296	742.200
297	741.720
298	741.410
299	741.480
301	742.260
302	741.150
303	741.220
306	742.010
307	742.200
308	741.160
309	742.420
311	741.700
313	741.340
314	742.130
315	742.120
316	741.970
317	741.820
318	741.410
320	742.080
321	742.470
322	742.420
323	741.510
324	741.090
327	741.540
328	741.850
330	742.210
332	742.050
335	742.080
336	742.450
337	742.240
339	741.460
341	741.420
344	741.670
346	742.350
348	742.040
350	742.060
351	742.430
353	742.420
354	742.280
355	741.300
356	741.720
357	741.850
358	742.290
360	742.310
361	741.950
362	741.370
364	741.610
366	742.390
367	741.150
368	742.470
369	742.500
370	742.090
371	742.110
372	742.450
373	741.140
374	741.650
375	742.230
376	741.780
377	741.160
379	741.700
380	742.120
381	741.380
382	742.400
383	741.670
385	741.560
386	741.090
388	741.500
389	742.180
390	741.230
391	741.230
392	741.510
393	741.350
394	742.090
395	742.440
396	741.930
399	742.410
400	741.290
401	742.090
402	741.210
403	741.730
404	741.270
405	741.850
406	741.150
407	742.080
408	742.420
409	742.250
411	741.210
412	742.310
414	742.060
415	741.780
416	741.010
418	742.030
419	741.370
420	742.450
421	741.820
422	741.200
424	742.370
427	742.350
428	741.430
429	742.180
430	741.820
432	741.800
433	741.250
434	741.030
435	742.310
436	742.440
437	741.450
438	742.320
439	741.570
440	741.060
442	741.350
443	742.160
444	742.110
445	742.140
446	741.450
447	741.090
448	742.040
449	741.280
451	741.230
454	741.700
455	741.430
456	742.330
457	741.060
458	741.680
460	741.090
461	742.260
462	741.920
465	741.580
466	742.220
467	742.220
469	742.250
470	741.130
472	741.720
474	741.520
475	741.710
476	741.790
478	742.370
479	742.050
481	741.880
482	741.540
483	742.430
484	741.740
485	741.370
486	741.240
487	741.140
488	741.370
489	742.150
490	742.430
491	741.160
492	741.940
493	741.250
494	741.730
495	741.240
496	742.400
497	741.330
498	742.330
499	742.070
500	741.040
1	743.980
2	742.860
3	743.150
4	742.770
6	742.650
7	743.170
8	743.440
9	743.980
11	743.850
12	743.150
13	743.460
15	743.690
16	742.550
17	742.830
18	743.000
19	743.110
20	744.000
21	743.820
22	742.940
23	743.440
24	742.830
26	743.500
28	742.530
29	743.380
30	743.460
31	743.710
32	742.550
34	742.800
36	743.990
37	744.000
38	743.360
39	743.100
40	743.240
42	742.860
43	744.000
44	743.620
45	743.150
46	743.590
47	743.150
48	742.610
50	743.950
51	742.570
52	742.950
53	743.150
54	742.510
55	743.950
57	742.560
60	743.150
61	743.420
64	743.780
65	743.810
66	742.530
68	743.220
69	742.660
70	743.030
71	742.580
72	743.490
73	743.550
74	742.610
75	743.530
77	743.400
78	743.810
79	743.480
80	743.670
81	742.640
82	743.380
83	743.250
84	743.950
87	743.430
89	743.370
90	742.980
92	743.840
93	742.540
95	743.620
96	743.600
97	743.650
98	743.430
99	742.730
100	743.510
101	742.680
102	743.920
103	742.630
104	743.520
105	742.530
106	743.430
107	742.510
108	742.960
109	743.630
110	743.590
111	743.060
113	742.640
114	743.430
115	743.900
116	743.190
117	742.600
118	743.330
120	743.160
122	743.970
123	742.930
124	743.420
125	743.060
129	742.960
130	743.380
132	742.740
134	744.000
137	742.620
138	743.110
139	743.000
140	743.940
142	743.510
143	742.630
145	742.550
146	743.780
147	743.960
148	742.990
149	743.370
150	743.960
153	742.650
154	743.590
156	743.690
158	743.980
159	743.120
160	743.980
161	743.810
162	742.600
164	743.740
165	742.680
166	743.690
167	743.090
168	743.260
169	743.890
171	743.620
174	743.950
175	743.890
177	742.890
179	742.660
180	743.580
181	743.410
182	742.700
183	743.250
184	742.800
185	743.120
186	743.860
187	743.610
188	742.840
189	742.950
190	742.890
191	742.510
192	742.830
193	743.360
194	743.950
195	742.670
197	742.620
198	742.520
202	743.960
203	742.520
205	743.760
206	743.880
208	743.890
209	743.360
211	743.430
212	743.750
213	743.720
214	743.020
216	742.510
217	742.770
219	743.520
220	743.470
221	743.090
222	742.570
223	742.610
224	742.550
225	743.800
227	743.030
228	742.650
230	743.660
231	743.620
232	742.830
233	742.610
234	743.600
235	742.700
236	742.530
237	742.860
238	742.720
239	743.450
240	743.280
242	743.730
243	743.310
245	743.220
246	743.110
247	743.200
248	743.960
250	742.690
251	743.800
252	743.900
253	743.720
254	742.900
255	742.680
256	743.440
257	742.810
258	743.800
259	743.460
260	743.450
261	743.040
262	743.220
263	743.970
265	743.050
266	742.630
269	742.860
270	743.010
272	743.670
273	743.000
275	743.900
277	742.910
278	742.720
279	743.010
280	742.880
282	742.850
283	743.320
285	743.480
286	743.620
287	743.180
288	743.980
290	743.290
293	743.280
294	742.880
297	743.730
298	743.420
299	743.490
300	742.680
302	743.160
303	743.230
304	742.700
305	742.510
308	743.170
310	742.650
311	743.710
312	742.990
313	743.350
316	743.980
317	743.830
318	743.420
319	742.540
323	743.520
324	743.100
325	742.920
326	742.950
327	743.550
328	743.860
329	742.610
331	742.770
333	742.990
334	742.540
338	742.670
339	743.470
340	742.870
341	743.430
342	742.770
343	742.520
344	743.680
345	742.800
347	742.550
349	742.800
352	742.800
355	743.310
356	743.730
357	743.860
359	742.560
361	743.960
362	743.380
363	742.530
364	743.620
365	742.580
367	743.160
373	743.150
374	743.660
376	743.790
377	743.170
379	743.710
381	743.390
383	743.680
384	742.580
385	743.570
386	743.100
387	742.590
388	743.510
390	743.240
391	743.240
392	743.520
393	743.360
396	743.940
397	742.560
398	743.010
400	743.300
402	743.220
403	743.740
404	743.280
405	743.860
406	743.160
410	742.690
411	743.220
413	742.990
415	743.790
416	743.020
417	742.610
419	743.380
421	743.830
422	743.210
423	742.780
425	742.960
426	742.880
428	743.440
430	743.830
431	742.760
432	743.810
433	743.260
434	743.040
437	743.460
439	743.580
440	743.070
441	742.940
442	743.360
446	743.460
447	743.100
449	743.290
450	742.850
451	743.240
452	742.770
453	742.960
454	743.710
455	743.850
457	743.070
458	743.690
459	742.770
460	743.100
462	743.930
463	742.640
464	742.540
465	743.590
468	742.740
470	743.140
471	742.950
472	743.730
473	743.000
474	743.530
475	743.720
476	743.800
477	742.880
480	742.880
481	743.890
482	743.550
484	743.750
485	743.380
486	743.250
487	743.150
488	743.380
491	743.170
492	743.950
493	743.260
494	743.740
495	743.250
497	743.340
500	743.050
2	744.870
3	745.160
4	744.780
5	744.510
6	744.660
7	745.180
8	745.450
10	744.140
12	745.160
13	745.470
14	744.220
16	744.560
17	744.840
18	745.010
19	745.120
22	744.950
23	745.450
24	744.840
25	744.010
27	744.750
28	744.540
29	745.390
30	745.470
32	744.560
33	744.440
34	744.810
35	744.190
38	745.370
39	745.110
40	745.250
41	744.460
42	744.870
45	745.160
47	745.160
48	744.620
49	744.390
51	744.580
52	744.960
53	745.160
54	744.520
56	744.500
57	744.570
58	744.230
59	744.340
60	745.160
61	745.430
62	744.080
63	744.510
66	744.540
67	744.480
68	745.230
69	744.670
70	745.040
71	744.590
72	745.500
74	744.620
76	744.270
77	745.410
79	745.490
81	744.650
82	745.390
83	745.260
85	744.450
86	744.280
87	745.440
88	744.420
89	745.380
90	744.990
91	744.150
93	744.550
94	744.370
98	745.440
99	744.740
101	744.690
103	744.640
105	744.540
106	745.440
107	744.520
108	744.970
111	745.070
112	744.120
113	744.650
114	745.440
116	745.200
117	744.610
118	745.340
119	744.050
120	745.170
121	744.490
123	744.940
124	745.430
125	745.070
126	744.200
127	744.210
128	744.110
129	744.970
130	745.390
131	744.160
132	744.750
133	744.160
135	744.040
136	744.470
137	744.630
138	745.120
139	745.010
141	744.100
143	744.640
144	744.380
145	744.560
148	745.000
149	745.380
151	744.450
152	744.240
153	744.660
155	744.370
157	744.050
159	745.130
162	744.610
163	744.110
165	744.690
167	745.100
168	745.270
170	744.280
172	744.240
173	744.300
176	744.010
177	744.900
178	744.390
179	744.670
181	745.420
182	744.710
183	745.260
184	744.810
185	745.130
188	744.850
189	744.960
190	744.900
191	744.520
192	744.840
193	745.370
195	744.680
196	744.440
197	744.630
198	744.530
199	744.380
200	744.190
201	744.130
203	744.530
204	744.250
207	744.290
209	745.370
210	744.490
211	745.440
214	745.030
215	744.110
216	744.520
217	744.780
218	744.460
220	745.480
221	745.100
222	744.580
223	744.620
224	744.560
226	744.080
227	745.040
228	744.660
229	744.170
232	744.840
233	744.620
235	744.710
236	744.540
237	744.870
238	744.730
239	745.460
240	745.290
241	744.090
243	745.320
244	744.290
245	745.230
246	745.120
247	745.210
249	744.240
250	744.700
254	744.910
255	744.690
256	745.450
257	744.820
259	745.470
260	745.460
261	745.050
262	745.230
264	744.280
265	745.060
266	744.640
267	744.010
268	744.450
269	744.870
270	745.020
271	744.100
273	745.010
274	744.450
276	744.350
277	744.920
278	744.730
279	745.020
280	744.890
281	744.080
282	744.860
283	745.330
284	744.040
285	745.490
287	745.190
289	744.400
290	745.300
291	744.050
292	744.050
293	745.290
294	744.890
295	744.140
296	744.210
298	745.430
299	745.500
300	744.690
301	744.270
302	745.170
303	745.240
304	744.710
305	744.520
306	744.020
307	744.210
308	745.180
309	744.430
310	744.660
312	745.000
313	745.360
314	744.140
315	744.130
318	745.430
319	744.550
320	744.090
321	744.480
322	744.430
324	745.110
325	744.930
326	744.960
329	744.620
330	744.220
331	744.780
332	744.060
333	745.000
334	744.550
335	744.090
336	744.460
337	744.250
338	744.680
339	745.480
340	744.880
341	745.440
342	744.780
343	744.530
345	744.810
346	744.360
347	744.560
348	744.050
349	744.810
350	744.070
351	744.440
352	744.810
353	744.430
354	744.290
355	745.320
358	744.300
359	744.570
360	744.320
362	745.390
363	744.540
365	744.590
366	744.400
367	745.170
368	744.480
369	744.510
370	744.100
371	744.120
372	744.460
373	745.160
375	744.240
377	745.180
380	744.130
381	745.400
382	744.410
384	744.590
386	745.110
387	744.600
389	744.190
390	745.250
391	745.250
393	745.370
394	744.100
395	744.450
397	744.570
398	745.020
399	744.420
400	745.310
401	744.100
402	745.230
404	745.290
406	745.170
407	744.090
408	745.500
409	744.260
410	744.700
411	745.230
412	744.320
413	745.000
414	744.070
416	745.030
417	744.620
418	744.040
419	745.390
420	744.460
422	745.220
423	744.790
424	744.380
425	744.970
426	744.890
427	744.360
428	745.450
429	744.190
431	744.770
433	745.270
434	745.050
435	744.320
436	744.450
437	745.470
438	744.330
440	745.080
441	744.950
442	745.370
443	744.170
444	744.120
445	744.150
446	745.470
447	745.110
448	744.050
449	745.300
450	744.860
451	745.250
452	744.780
453	744.970
456	744.340
457	745.080
459	744.780
460	745.110
461	744.270
463	744.650
464	744.550
466	744.230
467	744.230
468	744.750
469	744.260
470	745.150
471	744.960
473	745.010
477	744.890
478	744.380
479	744.060
480	744.890
483	744.440
485	745.390
486	745.260
487	745.160
488	745.390
489	744.160
490	744.440
491	745.180
493	745.270
495	745.260
496	744.410
497	745.350
498	744.340
499	744.080
500	745.060
1	745.990
2	746.880
4	746.790
5	746.520
6	746.670
9	745.990
10	746.150
11	745.860
14	746.230
15	745.700
16	746.570
17	746.850
20	746.010
21	745.830
22	746.960
24	746.850
25	746.020
26	745.510
27	746.760
28	746.550
31	745.720
32	746.570
33	746.450
34	746.820
35	746.200
36	746.000
37	746.010
41	746.470
42	746.880
43	746.010
44	745.630
46	745.600
48	746.630
49	746.400
50	745.960
51	746.590
52	746.970
54	746.530
55	745.960
56	746.510
57	746.580
58	746.240
59	746.350
62	746.090
63	746.520
64	745.790
65	745.820
66	746.550
67	746.490
69	746.680
71	746.600
73	745.560
74	746.630
75	745.540
76	746.280
78	745.820
80	745.680
81	746.660
84	745.960
85	746.460
86	746.290
88	746.430
90	747.000
91	746.160
92	745.850
93	746.560
94	746.380
95	745.630
96	745.610
97	745.660
99	746.750
100	745.520
101	746.700
102	745.930
103	746.650
104	745.530
105	746.550
107	746.530
108	746.980
109	745.640
110	745.600
112	746.130
113	746.660
115	745.910
117	746.620
119	746.060
121	746.500
122	745.980
123	746.950
126	746.210
127	746.220
128	746.120
129	746.980
131	746.170
132	746.760
133	746.170
134	746.010
135	746.050
136	746.480
137	746.640
140	745.950
141	746.110
142	745.520
143	746.650
144	746.390
145	746.570
146	745.790
147	745.970
150	745.970
151	746.460
152	746.250
153	746.670
154	745.600
155	746.380
156	745.700
157	746.060
158	745.990
160	745.990
161	745.820
162	746.620
163	746.120
164	745.750
165	746.700
166	745.700
169	745.900
170	746.290
171	746.090
172	746.250
173	746.310
174	745.960
175	745.900
176	746.020
177	746.910
178	746.400
179	746.680
180	745.590
182	746.720
184	746.820
186	745.870
187	745.620
188	746.860
189	746.970
190	746.910
191	746.530
192	746.850
194	745.960
195	746.690
196	746.450
197	746.640
198	746.540
199	746.390
200	746.200
201	746.140
202	745.970
203	746.540
204	746.260
205	745.770
206	745.890
207	746.300
208	745.900
210	746.500
212	745.760
213	745.730
215	746.120
216	746.530
217	746.790
218	746.470
219	745.530
222	746.590
223	746.630
224	746.570
225	745.810
226	746.090
228	746.670
229	746.180
230	745.670
231	745.630
232	746.850
233	746.630
234	745.610
235	746.720
236	746.550
237	746.880
238	746.740
241	746.100
242	745.740
244	746.300
248	745.970
249	746.250
250	746.710
251	745.810
252	745.910
253	745.730
254	746.920
255	746.700
257	746.830
258	745.810
263	745.980
264	746.290
266	746.650
267	746.020
268	746.460
269	746.880
271	746.110
272	745.680
274	746.460
275	745.910
276	746.360
277	746.930
278	746.740
280	746.900
281	746.090
282	746.870
284	746.050
286	745.630
288	745.990
289	746.410
291	746.060
292	746.060
294	746.900
295	746.150
296	746.220
297	745.740
300	746.700
301	746.280
304	746.720
305	746.530
306	746.030
307	746.220
309	746.440
310	746.670
311	745.720
314	746.150
315	746.140
316	745.990
317	745.840
319	746.560
320	746.100
321	746.490
322	746.440
323	745.530
325	746.940
326	746.970
327	745.560
328	745.870
329	746.630
330	746.230
331	746.790
332	746.070
334	746.560
335	746.100
336	746.470
337	746.260
338	746.690
340	746.890
342	746.790
343	746.540
344	745.690
345	746.820
346	746.370
347	746.570
348	746.060
349	746.820
350	746.080
351	746.450
352	746.820
353	746.440
354	746.300
356	745.740
357	745.870
358	746.310
359	746.580
360	746.330
361	745.970
363	746.550
364	745.630
365	746.600
366	746.410
368	746.490
369	746.520
370	746.110
371	746.130
372	746.470
374	745.670
375	746.250
376	745.800
378	746.390
379	745.720
380	746.140
382	746.420
383	745.690
384	746.600
385	745.580
387	746.610
388	745.520
389	746.200
392	745.530
394	746.110
395	746.460
396	745.950
397	746.580
399	746.430
401	746.110
403	745.750
405	745.870
407	746.100
409	746.270
410	746.710
412	746.330
414	746.080
415	745.800
417	746.630
418	746.050
420	746.470
421	745.840
423	746.800
424	746.390
425	746.980
426	746.900
427	746.370
429	746.200
430	745.840
431	746.780
432	745.820
435	746.330
436	746.460
438	746.340
439	745.590
441	746.960
443	746.180
444	746.130
445	746.160
448	746.060
450	746.870
452	746.790
453	746.980
454	745.720
455	745.860
456	746.350
458	745.700
459	746.790
461	746.280
462	745.940
463	746.660
464	746.560
465	745.600
466	746.240
467	746.240
468	746.760
469	746.270
471	746.970
472	745.740
474	745.540
475	745.730
476	745.810
477	746.900
478	746.390
479	746.070
480	746.900
481	745.900
482	745.560
483	746.450
484	745.760
489	746.170
490	746.450
492	745.960
494	745.750
496	746.420
498	746.350
499	746.090
1	748.000
3	747.170
7	747.190
8	747.460
9	748.000
10	748.160
11	747.870
12	747.170
13	747.480
14	748.240
15	747.710
18	747.020
19	747.130
20	748.020
21	747.840
23	747.460
25	748.030
26	747.520
29	747.400
30	747.480
31	747.730
33	748.460
35	748.210
36	748.010
37	748.020
38	747.380
39	747.120
40	747.260
41	748.480
43	748.020
44	747.640
45	747.170
46	747.610
47	747.170
49	748.410
50	747.970
53	747.170
55	747.970
58	748.250
59	748.360
60	747.170
61	747.440
62	748.100
64	747.800
65	747.830
67	748.500
68	747.240
70	747.050
72	747.510
73	747.570
75	747.550
76	748.290
77	747.420
78	747.830
79	747.500
80	747.690
82	747.400
83	747.270
84	747.970
85	748.470
86	748.300
87	747.450
88	748.440
89	747.390
91	748.170
92	747.860
94	748.390
95	747.640
96	747.620
97	747.670
98	747.450
100	747.530
102	747.940
104	747.540
106	747.450
109	747.650
110	747.610
111	747.080
112	748.140
114	747.450
115	747.920
116	747.210
118	747.350
119	748.070
120	747.180
122	747.990
124	747.440
125	747.080
126	748.220
127	748.230
128	748.130
130	747.400
131	748.180
133	748.180
134	748.020
135	748.060
136	748.490
138	747.130
139	747.020
140	747.960
141	748.120
142	747.530
144	748.400
146	747.800
147	747.980
148	747.010
149	747.390
150	747.980
151	748.470
152	748.260
154	747.610
155	748.390
156	747.710
157	748.070
158	748.000
159	747.140
160	748.000
161	747.830
163	748.130
164	747.760
166	747.710
167	747.110
168	747.280
169	747.910
170	748.300
171	748.100
172	748.260
173	748.320
174	747.970
175	747.910
176	748.030
178	748.410
180	747.600
181	747.430
183	747.270
185	747.140
186	747.880
187	747.630
193	747.380
194	747.970
196	748.460
199	748.400
200	748.210
201	748.150
202	747.980
204	748.270
205	747.780
206	747.900
207	748.310
208	747.910
209	747.380
211	747.450
212	747.770
213	747.740
214	747.040
215	748.130
218	748.480
219	747.540
220	747.490
221	747.110
225	747.820
226	748.100
227	747.050
229	748.190
230	747.680
231	747.640
234	747.620
239	747.470
240	747.300
241	748.110
242	747.750
243	747.330
244	748.310
245	747.240
246	747.130
247	747.220
248	747.980
249	748.260
251	747.820
252	747.920
253	747.740
256	747.460
258	747.820
259	747.480
260	747.470
261	747.060
262	747.240
263	747.990
264	748.300
265	747.070
267	748.030
268	748.470
270	747.030
271	748.120
272	747.690
273	747.020
274	748.470
275	747.920
276	748.370
279	747.030
281	748.100
283	747.340
284	748.060
285	747.500
286	747.640
287	747.200
288	748.000
289	748.420
290	747.310
291	748.070
292	748.070
293	747.300
295	748.160
296	748.230
297	747.750
298	747.440
299	747.510
301	748.290
302	747.180
303	747.250
306	748.040
307	748.230
308	747.190
309	748.450
311	747.730
312	747.010
313	747.370
314	748.160
315	748.150
316	748.000
317	747.850
318	747.440
320	748.110
321	748.500
322	748.450
323	747.540
324	747.120
327	747.570
328	747.880
330	748.240
332	748.080
333	747.010
335	748.110
336	748.480
337	748.270
339	747.490
341	747.450
344	747.700
346	748.380
348	748.070
350	748.090
351	748.460
353	748.450
354	748.310
355	747.330
356	747.750
357	747.880
358	748.320
360	748.340
361	747.980
362	747.400
364	747.640
366	748.420
367	747.180
368	748.500
370	748.120
371	748.140
372	748.480
373	747.170
374	747.680
375	748.260
376	747.810
377	747.190
378	748.400
379	747.730
380	748.150
381	747.410
382	748.430
383	747.700
385	747.590
386	747.120
388	747.530
389	748.210
390	747.260
391	747.260
392	747.540
393	747.380
394	748.120
395	748.470
396	747.960
398	747.030
399	748.440
400	747.320
401	748.120
402	747.240
403	747.760
404	747.300
405	747.880
406	747.180
407	748.110
408	747.510
409	748.280
411	747.240
412	748.340
413	747.010
414	748.090
415	747.810
416	747.040
418	748.060
419	747.400
420	748.480
421	747.850
422	747.230
424	748.400
427	748.380
428	747.460
429	748.210
430	747.850
432	747.830
433	747.280
434	747.060
435	748.340
436	748.470
437	747.480
438	748.350
439	747.600
440	747.090
442	747.380
443	748.190
444	748.140
445	748.170
446	747.480
447	747.120
448	748.070
449	747.310
451	747.260
454	747.730
455	747.870
456	748.360
457	747.090
458	747.710
460	747.120
461	748.290
462	747.950
465	747.610
466	748.250
467	748.250
469	748.280
470	747.160
472	747.750
473	747.020
474	747.550
475	747.740
476	747.820
478	748.400
479	748.080
481	747.910
482	747.570
483	748.460
484	747.770
485	747.400
486	747.270
487	747.170
488	747.400
489	748.180
490	748.460
491	747.190
492	747.970
493	747.280
494	747.760
495	747.270
496	748.430
497	747.360
498	748.360
499	748.100
500	747.070
2	748.890
3	749.180
4	748.800
5	748.530
6	748.680
7	749.200
8	749.470
11	749.880
12	749.180
13	749.490
15	749.720
16	748.580
17	748.860
18	749.030
19	749.140
21	749.850
22	748.970
23	749.470
24	748.860
26	749.530
27	748.770
28	748.560
29	749.410
30	749.490
31	749.740
32	748.580
34	748.830
38	749.390
39	749.130
40	749.270
42	748.890
44	749.650
45	749.180
46	749.620
47	749.180
48	748.640
50	749.980
51	748.600
52	748.980
53	749.180
54	748.540
55	749.980
56	748.520
57	748.590
60	749.180
61	749.450
63	748.530
64	749.810
65	749.840
66	748.560
68	749.250
69	748.690
70	749.060
71	748.610
72	749.520
73	749.580
74	748.640
75	749.560
77	749.430
78	749.840
79	749.510
80	749.700
81	748.670
82	749.410
83	749.280
84	749.980
87	749.460
89	749.400
90	749.010
92	749.870
93	748.570
95	749.650
96	749.630
97	749.680
98	749.460
99	748.760
100	749.540
101	748.710
102	749.950
103	748.660
104	749.550
105	748.560
106	749.460
107	748.540
108	748.990
109	749.660
110	749.620
111	749.090
113	748.670
114	749.460
115	749.930
116	749.220
117	748.630
118	749.360
120	749.190
121	748.510
122	750.000
123	748.960
124	749.450
125	749.090
129	748.990
130	749.410
132	748.770
137	748.650
138	749.140
139	749.030
140	749.970
142	749.540
143	748.660
145	748.580
146	749.810
147	749.990
148	749.020
149	749.400
150	749.990
153	748.680
154	749.620
156	749.720
159	749.150
161	749.840
162	748.630
164	749.770
165	748.710
166	749.720
167	749.120
168	749.290
169	749.920
174	749.980
175	749.920
177	748.920
179	748.690
180	749.610
181	749.440
182	748.730
183	749.280
184	748.830
185	749.150
186	749.890
187	749.640
188	748.870
189	748.980
190	748.920
191	748.540
192	748.860
193	749.390
194	749.980
195	748.700
197	748.650
198	748.550
202	749.990
203	748.550
205	749.790
206	749.910
208	749.920
209	749.390
210	748.510
211	749.460
212	749.780
213	749.750
214	749.050
216	748.540
217	748.800
219	749.550
220	749.500
221	749.120
222	748.600
223	748.640
224	748.580
225	749.830
227	749.060
228	748.680
230	749.690
231	749.650
232	748.860
233	748.640
234	749.630
235	748.730
236	748.560
237	748.890
238	748.750
239	749.480
240	749.310
242	749.760
243	749.340
245	749.250
246	749.140
247	749.230
248	749.990
250	748.720
251	749.830
252	749.930
253	749.750
254	748.930
255	748.710
256	749.470
257	748.840
258	749.830
259	749.490
260	749.480
261	749.070
262	749.250
263	750.000
265	749.080
266	748.660
269	748.890
270	749.040
272	749.700
273	749.030
275	749.930
277	748.940
278	748.750
279	749.040
280	748.910
282	748.880
283	749.350
285	749.510
286	749.650
287	749.210
290	749.320
293	749.310
294	748.910
297	749.760
298	749.450
299	749.520
300	748.710
302	749.190
303	749.260
304	748.730
305	748.540
308	749.200
310	748.680
311	749.740
312	749.020
313	749.380
317	749.860
318	749.450
319	748.570
323	749.550
324	749.130
325	748.950
326	748.980
327	749.580
328	749.890
329	748.640
331	748.800
333	749.020
334	748.570
338	748.700
339	749.500
340	748.900
341	749.460
342	748.800
343	748.550
344	749.710
345	748.830
347	748.580
349	748.830
352	748.830
355	749.340
356	749.760
357	749.890
359	748.590
361	749.990
362	749.410
363	748.560
364	749.650
365	748.610
367	749.190
369	748.530
373	749.180
374	749.690
376	749.820
377	749.200
379	749.740
381	749.420
383	749.710
384	748.610
385	749.600
386	749.130
387	748.620
388	749.540
390	749.270
391	749.270
392	749.550
393	749.390
396	749.970
397	748.590
398	749.040
400	749.330
402	749.250
403	749.770
404	749.310
405	749.890
406	749.190
408	749.520
410	748.720
411	749.250
413	749.020
415	749.820
416	749.050
417	748.640
419	749.410
421	749.860
422	749.240
423	748.810
425	748.990
426	748.910
428	749.470
430	749.860
431	748.790
432	749.840
433	749.290
434	749.070
437	749.490
439	749.610
440	749.100
441	748.970
442	749.390
446	749.490
447	749.130
449	749.320
450	748.880
451	749.270
452	748.800
453	748.990
454	749.740
455	749.880
457	749.100
458	749.720
459	748.800
460	749.130
462	749.960
463	748.670
464	748.570
465	749.620
468	748.770
470	749.170
471	748.980
472	749.760
473	749.030
474	749.560
475	749.750
476	749.830
477	748.910
480	748.910
481	749.920
482	749.580
484	749.780
485	749.410
486	749.280
487	749.180
488	749.410
491	749.200
492	749.980
493	749.290
494	749.770
495	749.280
497	749.370
500	749.080
1	750.010
2	750.900
3	751.190
4	750.810
5	750.540
6	750.690
7	751.210
8	751.480
9	750.010
10	750.170
12	751.190
13	751.500
14	750.250
16	750.590
17	750.870
18	751.040
19	751.150
20	750.030
22	750.980
23	751.480
24	750.870
25	750.040
27	750.780
28	750.570
29	751.420
30	751.500
32	750.590
33	750.470
34	750.840
35	750.220
36	750.020
37	750.030
38	751.400
39	751.140
40	751.280
41	750.490
42	750.900
43	750.030
45	751.190
47	751.190
48	750.650
49	750.420
51	750.610
52	750.990
53	751.190
54	750.550
56	750.530
57	750.600
58	750.260
59	750.370
60	751.190
61	751.460
62	750.110
63	750.540
66	750.570
67	750.510
68	751.260
69	750.700
70	751.070
71	750.620
74	750.650
76	750.300
77	751.440
81	750.680
82	751.420
83	751.290
85	750.480
86	750.310
87	751.470
88	750.450
89	751.410
90	751.020
91	750.180
93	750.580
94	750.400
98	751.470
99	750.770
101	750.720
103	750.670
105	750.570
106	751.470
107	750.550
108	751.000
111	751.100
112	750.150
113	750.680
114	751.470
116	751.230
117	750.640
118	751.370
119	750.080
120	751.200
121	750.520
123	750.970
124	751.460
125	751.100
126	750.230
127	750.240
128	750.140
129	751.000
130	751.420
131	750.190
132	750.780
133	750.190
134	750.030
135	750.070
136	750.500
137	750.660
138	751.150
139	751.040
141	750.130
143	750.670
144	750.410
145	750.590
148	751.030
149	751.410
151	750.480
152	750.270
153	750.690
155	750.400
157	750.080
158	750.010
159	751.160
160	750.010
162	750.640
163	750.140
165	750.720
167	751.130
168	751.300
170	750.310
171	750.110
172	750.270
173	750.330
176	750.040
177	750.930
178	750.420
179	750.700
181	751.450
182	750.740
183	751.290
184	750.840
185	751.160
188	750.880
189	750.990
190	750.930
191	750.550
192	750.870
193	751.400
195	750.710
196	750.470
197	750.660
198	750.560
199	750.410
200	750.220
201	750.160
203	750.560
204	750.280
207	750.320
209	751.400
210	750.520
211	751.470
214	751.060
215	750.140
216	750.550
217	750.810
218	750.490
221	751.130
222	750.610
223	750.650
224	750.590
226	750.110
227	751.070
228	750.690
229	750.200
232	750.870
233	750.650
235	750.740
236	750.570
237	750.900
238	750.760
239	751.490
240	751.320
241	750.120
243	751.350
244	750.320
245	751.260
246	751.150
247	751.240
249	750.270
250	750.730
254	750.940
255	750.720
256	751.480
257	750.850
259	751.500
260	751.490
261	751.080
262	751.260
264	750.310
265	751.090
266	750.670
267	750.040
268	750.480
269	750.900
270	751.050
271	750.130
273	751.040
274	750.480
276	750.380
277	750.950
278	750.760
279	751.050
280	750.920
281	750.110
282	750.890
283	751.360
284	750.070
287	751.220
288	750.010
289	750.430
290	751.330
291	750.080
292	750.080
293	751.320
294	750.920
295	750.170
296	750.240
298	751.460
300	750.720
301	750.300
302	751.200
303	751.270
304	750.740
305	750.550
306	750.050
307	750.240
308	751.210
309	750.460
310	750.690
312	751.030
313	751.390
314	750.170
315	750.160
316	750.010
318	751.460
319	750.580
320	750.120
321	750.510
322	750.460
324	751.140
325	750.960
326	750.990
329	750.650
330	750.250
331	750.810
332	750.090
333	751.030
334	750.580
335	750.120
336	750.490
337	750.280
338	750.710
340	750.910
341	751.470
342	750.810
343	750.560
345	750.840
346	750.390
347	750.590
348	750.080
349	750.840
350	750.100
351	750.470
352	750.840
353	750.460
354	750.320
355	751.350
358	750.330
359	750.600
360	750.350
362	751.420
363	750.570
365	750.620
366	750.430
367	751.200
368	750.510
369	750.540
370	750.130
371	750.150
372	750.490
373	751.190
375	750.270
377	751.210
378	750.410
380	750.160
381	751.430
382	750.440
384	750.620
386	751.140
387	750.630
389	750.220
390	751.280
391	751.280
393	751.400
394	750.130
395	750.480
397	750.600
398	751.050
399	750.450
400	751.340
401	750.130
402	751.260
404	751.320
406	751.200
407	750.120
409	750.290
410	750.730
411	751.260
412	750.350
413	751.030
414	750.100
416	751.060
417	750.650
418	750.070
419	751.420
420	750.490
422	751.250
423	750.820
424	750.410
425	751.000
426	750.920
427	750.390
428	751.480
429	750.220
431	750.800
433	751.300
434	751.080
435	750.350
436	750.480
437	751.500
438	750.360
440	751.110
441	750.980
442	751.400
443	750.200
444	750.150
445	750.180
446	751.500
447	751.140
448	750.080
449	751.330
450	750.890
451	751.280
452	750.810
453	751.000
456	750.370
457	751.110
459	750.810
460	751.140
461	750.300
463	750.680
464	750.580
466	750.260
467	750.260
468	750.780
469	750.290
470	751.180
471	750.990
473	751.040
477	750.920
478	750.410
479	750.090
480	750.920
483	750.470
485	751.420
486	751.290
487	751.190
488	751.420
489	750.190
490	750.470
491	751.210
493	751.300
495	751.290
496	750.440
497	751.380
498	750.370
499	750.110
500	751.090
1	752.020
2	752.910
4	752.820
5	752.550
6	752.700
9	752.020
10	752.180
11	751.890
14	752.260
15	751.730
16	752.600
17	752.880
20	752.040
21	751.860
22	752.990
24	752.880
25	752.050
26	751.540
27	752.790
28	752.580
31	751.750
32	752.600
33	752.480
34	752.850
35	752.230
36	752.030
37	752.040
41	752.500
42	752.910
43	752.040
44	751.660
46	751.630
48	752.660
49	752.430
50	751.990
51	752.620
52	753.000
54	752.560
55	751.990
56	752.540
57	752.610
58	752.270
59	752.380
62	752.120
63	752.550
64	751.820
65	751.850
66	752.580
67	752.520
69	752.710
71	752.630
72	751.530
73	751.590
74	752.660
75	751.570
76	752.310
78	751.850
79	751.520
80	751.710
81	752.690
84	751.990
85	752.490
86	752.320
88	752.460
91	752.190
92	751.880
93	752.590
94	752.410
95	751.660
96	751.640
97	751.690
99	752.780
100	751.550
101	752.730
102	751.960
103	752.680
104	751.560
105	752.580
107	752.560
109	751.670
110	751.630
112	752.160
113	752.690
115	751.940
117	752.650
119	752.090
121	752.530
122	752.010
123	752.980
126	752.240
127	752.250
128	752.150
131	752.200
132	752.790
133	752.200
134	752.040
135	752.080
136	752.510
137	752.670
140	751.980
141	752.140
142	751.550
143	752.680
144	752.420
145	752.600
146	751.820
147	752.000
150	752.000
151	752.490
152	752.280
153	752.700
154	751.630
155	752.410
156	751.730
157	752.090
158	752.020
160	752.020
161	751.850
162	752.650
163	752.150
164	751.780
165	752.730
166	751.730
169	751.930
170	752.320
171	752.120
172	752.280
173	752.340
174	751.990
175	751.930
176	752.050
177	752.940
178	752.430
179	752.710
180	751.620
182	752.750
184	752.850
186	751.900
187	751.650
188	752.890
189	753.000
190	752.940
191	752.560
192	752.880
194	751.990
195	752.720
196	752.480
197	752.670
198	752.570
199	752.420
200	752.230
201	752.170
202	752.000
203	752.570
204	752.290
205	751.800
206	751.920
207	752.330
208	751.930
210	752.530
212	751.790
213	751.760
215	752.150
216	752.560
217	752.820
218	752.500
219	751.560
220	751.510
222	752.620
223	752.660
224	752.600
225	751.840
226	752.120
228	752.700
229	752.210
230	751.700
231	751.660
232	752.880
233	752.660
234	751.640
235	752.750
236	752.580
237	752.910
238	752.770
241	752.130
242	751.770
244	752.330
248	752.000
249	752.280
250	752.740
251	751.840
252	751.940
253	751.760
254	752.950
255	752.730
257	752.860
258	751.840
263	752.010
264	752.320
266	752.680
267	752.050
268	752.490
269	752.910
271	752.140
272	751.710
274	752.490
275	751.940
276	752.390
277	752.960
278	752.770
280	752.930
281	752.120
282	752.900
284	752.080
285	751.520
286	751.660
288	752.020
289	752.440
291	752.090
292	752.090
294	752.930
295	752.180
296	752.250
297	751.770
299	751.530
300	752.730
301	752.310
304	752.750
305	752.560
306	752.060
307	752.250
309	752.470
310	752.700
311	751.750
314	752.180
315	752.170
316	752.020
317	751.870
319	752.590
320	752.130
321	752.520
322	752.470
323	751.560
325	752.970
326	753.000
327	751.590
328	751.900
329	752.660
330	752.260
331	752.820
332	752.100
334	752.590
335	752.130
336	752.500
337	752.290
338	752.720
339	751.510
340	752.920
342	752.820
343	752.570
344	751.720
345	752.850
346	752.400
347	752.600
348	752.090
349	752.850
350	752.110
351	752.480
352	752.850
353	752.470
354	752.330
356	751.770
357	751.900
358	752.340
359	752.610
360	752.360
361	752.000
363	752.580
364	751.660
365	752.630
366	752.440
368	752.520
369	752.550
370	752.140
371	752.160
372	752.500
374	751.700
375	752.280
376	751.830
378	752.420
379	751.750
380	752.170
382	752.450
383	751.720
384	752.630
385	751.610
387	752.640
388	751.550
389	752.230
392	751.560
394	752.140
395	752.490
396	751.980
397	752.610
399	752.460
401	752.140
403	751.780
405	751.900
407	752.130
408	751.530
409	752.300
410	752.740
412	752.360
414	752.110
415	751.830
417	752.660
418	752.080
420	752.500
421	751.870
423	752.830
424	752.420
426	752.930
427	752.400
429	752.230
430	751.870
431	752.810
432	751.850
435	752.360
436	752.490
438	752.370
439	751.620
441	752.990
443	752.210
444	752.160
445	752.190
448	752.090
450	752.900
452	752.820
454	751.750
455	751.890
456	752.380
458	751.730
459	752.820
461	752.310
462	751.970
463	752.690
464	752.590
465	751.630
466	752.270
467	752.270
468	752.790
469	752.300
471	753.000
472	751.770
474	751.570
475	751.760
476	751.840
477	752.930
478	752.420
479	752.100
480	752.930
481	751.930
482	751.590
483	752.480
484	751.790
489	752.200
490	752.480
492	751.990
494	751.780
496	752.450
498	752.380
499	752.120
1	754.030
3	753.200
7	753.220
8	753.490
9	754.030
10	754.190
11	753.900
12	753.200
13	753.510
14	754.270
15	753.740
18	753.050
19	753.160
20	754.050
21	753.870
23	753.490
25	754.060
26	753.550
29	753.430
30	753.510
31	753.760
33	754.490
35	754.240
36	754.040
37	754.050
38	753.410
39	753.150
40	753.290
43	754.050
44	753.670
45	753.200
46	753.640
47	753.200
49	754.440
50	754.000
53	753.200
55	754.000
58	754.280
59	754.390
60	753.200
61	753.470
62	754.130
64	753.830
65	753.860
68	753.270
70	753.080
72	753.540
73	753.600
75	753.580
76	754.320
77	753.450
78	753.860
79	753.530
80	753.720
82	753.430
83	753.300
84	754.000
85	754.500
86	754.330
87	753.480
88	754.470
89	753.420
90	753.030
91	754.200
92	753.890
94	754.420
95	753.670
96	753.650
97	753.700
98	753.480
100	753.560
102	753.970
104	753.570
106	753.480
108	753.010
109	753.680
110	753.640
111	753.110
112	754.170
114	753.480
115	753.950
116	753.240
118	753.380
119	754.100
120	753.210
122	754.020
124	753.470
125	753.110
126	754.250
127	754.260
128	754.160
129	753.010
130	753.430
131	754.210
133	754.210
134	754.050
135	754.090
138	753.160
139	753.050
140	753.990
141	754.150
142	753.560
144	754.430
146	753.830
147	754.010
148	753.040
149	753.420
150	754.010
151	754.500
152	754.290
154	753.640
155	754.420
156	753.740
157	754.100
158	754.030
159	753.170
160	754.030
161	753.860
163	754.160
164	753.790
166	753.740
167	753.140
168	753.310
169	753.940
170	754.330
171	754.130
172	754.290
173	754.350
174	754.000
175	753.940
176	754.060
178	754.440
180	753.630
181	753.460
183	753.300
185	753.170
186	753.910
187	753.660
193	753.410
194	754.000
196	754.490
199	754.430
200	754.240
201	754.180
202	754.010
204	754.300
205	753.810
206	753.930
207	754.340
208	753.940
209	753.410
211	753.480
212	753.800
213	753.770
214	753.070
215	754.160
219	753.570
220	753.520
221	753.140
225	753.850
226	754.130
227	753.080
229	754.220
230	753.710
231	753.670
234	753.650
239	753.500
240	753.330
241	754.140
242	753.780
243	753.360
244	754.340
245	753.270
246	753.160
247	753.250
248	754.010
249	754.290
251	753.850
252	753.950
253	753.770
256	753.490
258	753.850
259	753.510
260	753.500
261	753.090
262	753.270
263	754.020
264	754.330
265	753.100
267	754.060
268	754.500
270	753.060
271	754.150
272	753.720
273	753.050
274	754.500
275	753.950
276	754.400
279	753.060
281	754.130
283	753.370
284	754.090
285	753.530
286	753.670
287	753.230
288	754.030
289	754.450
290	753.340
291	754.100
292	754.100
293	753.330
295	754.190
296	754.260
297	753.780
298	753.470
299	753.540
301	754.320
302	753.210
303	753.280
306	754.070
307	754.260
308	753.220
309	754.480
311	753.760
312	753.040
313	753.400
314	754.190
315	754.180
316	754.030
317	753.880
318	753.470
320	754.140
322	754.480
323	753.570
324	753.150
327	753.600
328	753.910
330	754.270
332	754.110
333	753.040
335	754.140
337	754.300
339	753.520
341	753.480
344	753.730
346	754.410
348	754.100
350	754.120
351	754.490
353	754.480
354	754.340
355	753.360
356	753.780
357	753.910
358	754.350
360	754.370
361	754.010
362	753.430
364	753.670
366	754.450
367	753.210
370	754.150
371	754.170
373	753.200
374	753.710
375	754.290
376	753.840
377	753.220
378	754.430
379	753.760
380	754.180
381	753.440
382	754.460
383	753.730
385	753.620
386	753.150
388	753.560
389	754.240
390	753.290
391	753.290
392	753.570
393	753.410
394	754.150
395	754.500
396	753.990
398	753.060
399	754.470
400	753.350
401	754.150
402	753.270
403	753.790
404	753.330
405	753.910
406	753.210
407	754.140
408	753.540
409	754.310
411	753.270
412	754.370
413	753.040
414	754.120
415	753.840
416	753.070
418	754.090
419	753.430
421	753.880
422	753.260
424	754.430
425	753.010
427	754.410
428	753.490
429	754.240
430	753.880
432	753.860
433	753.310
434	753.090
435	754.370
436	754.500
437	753.510
438	754.380
439	753.630
440	753.120
442	753.410
443	754.220
444	754.170
445	754.200
446	753.510
447	753.150
448	754.100
449	753.340
451	753.290
453	753.010
454	753.760
455	753.900
456	754.390
457	753.120
458	753.740
460	753.150
461	754.320
462	753.980
465	753.640
466	754.280
467	754.280
469	754.310
470	753.190
472	753.780
473	753.050
474	753.580
475	753.770
476	753.850
478	754.430
479	754.110
481	753.940
482	753.600
483	754.490
484	753.800
485	753.430
486	753.300
487	753.200
488	753.430
489	754.210
490	754.490
491	753.220
492	754.000
493	753.310
494	753.790
495	753.300
496	754.460
497	753.390
498	754.390
499	754.130
500	753.100
2	754.920
3	755.210
4	754.830
5	754.560
6	754.710
7	755.230
8	755.500
11	755.910
12	755.210
13	755.520
15	755.750
16	754.610
17	754.890
18	755.060
19	755.170
21	755.880
22	755.000
23	755.500
24	754.890
26	755.560
27	754.800
28	754.590
29	755.440
30	755.520
31	755.770
32	754.610
34	754.860
38	755.420
39	755.160
40	755.300
41	754.510
42	754.920
44	755.680
45	755.210
46	755.650
47	755.210
48	754.670
51	754.630
52	755.010
53	755.210
54	754.570
56	754.550
57	754.620
60	755.210
61	755.480
63	754.560
64	755.840
65	755.870
66	754.590
67	754.530
68	755.280
69	754.720
70	755.090
71	754.640
72	755.550
73	755.610
74	754.670
75	755.590
77	755.460
78	755.870
79	755.540
80	755.730
81	754.700
82	755.440
83	755.310
87	755.490
89	755.430
90	755.040
92	755.900
93	754.600
95	755.680
96	755.660
97	755.710
98	755.490
99	754.790
100	755.570
101	754.740
102	755.980
103	754.690
104	755.580
105	754.590
106	755.490
107	754.570
108	755.020
109	755.690
110	755.650
111	755.120
113	754.700
114	755.490
115	755.960
116	755.250
117	754.660
118	755.390
120	755.220
121	754.540
123	754.990
124	755.480
125	755.120
129	755.020
130	755.440
132	754.800
136	754.520
137	754.680
138	755.170
139	755.060
140	756.000
142	755.570
143	754.690
145	754.610
146	755.840
148	755.050
149	755.430
153	754.710
154	755.650
156	755.750
159	755.180
161	755.870
162	754.660
164	755.800
165	754.740
166	755.750
167	755.150
168	755.320
169	755.950
175	755.950
177	754.950
179	754.720
180	755.640
181	755.470
182	754.760
183	755.310
184	754.860
185	755.180
186	755.920
187	755.670
188	754.900
189	755.010
190	754.950
191	754.570
192	754.890
193	755.420
195	754.730
197	754.680
198	754.580
203	754.580
205	755.820
206	755.940
208	755.950
209	755.420
210	754.540
211	755.490
212	755.810
213	755.780
214	755.080
216	754.570
217	754.830
218	754.510
219	755.580
220	755.530
221	755.150
222	754.630
223	754.670
224	754.610
225	755.860
227	755.090
228	754.710
230	755.720
231	755.680
232	754.890
233	754.670
234	755.660
235	754.760
236	754.590
237	754.920
238	754.780
239	755.510
240	755.340
242	755.790
243	755.370
245	755.280
246	755.170
247	755.260
250	754.750
251	755.860
252	755.960
253	755.780
254	754.960
255	754.740
256	755.500
257	754.870
258	755.860
259	755.520
260	755.510
261	755.100
262	755.280
265	755.110
266	754.690
269	754.920
270	755.070
272	755.730
273	755.060
275	755.960
277	754.970
278	754.780
279	755.070
280	754.940
282	754.910
283	755.380
285	755.540
286	755.680
287	755.240
290	755.350
293	755.340
294	754.940
297	755.790
298	755.480
299	755.550
300	754.740
302	755.220
303	755.290
304	754.760
305	754.570
308	755.230
310	754.710
311	755.770
312	755.050
313	755.410
317	755.890
318	755.480
319	754.600
321	754.530
323	755.580
324	755.160
325	754.980
326	755.010
327	755.610
328	755.920
329	754.670
331	754.830
333	755.050
334	754.600
336	754.510
338	754.730
339	755.530
340	754.930
341	755.490
342	754.830
343	754.580
344	755.740
345	754.860
347	754.610
349	754.860
352	754.860
355	755.370
356	755.790
357	755.920
359	754.620
362	755.440
363	754.590
364	755.680
365	754.640
367	755.220
368	754.530
369	754.560
372	754.510
373	755.210
374	755.720
376	755.850
377	755.230
379	755.770
381	755.450
383	755.740
384	754.640
385	755.630
386	755.160
387	754.650
388	755.570
390	755.300
391	755.300
392	755.580
393	755.420
396	756.000
397	754.620
398	755.070
400	755.360
402	755.280
403	755.800
404	755.340
405	755.920
406	755.220
408	755.550
410	754.750
411	755.280
413	755.050
415	755.850
416	755.080
417	754.670
419	755.440
420	754.510
421	755.890
422	755.270
423	754.840
425	755.020
426	754.940
428	755.500
430	755.890
431	754.820
432	755.870
433	755.320
434	755.100
437	755.520
439	755.640
440	755.130
441	755.000
442	755.420
446	755.520
447	755.160
449	755.350
450	754.910
451	755.300
452	754.830
453	755.020
454	755.770
455	755.910
457	755.130
458	755.750
459	754.830
460	755.160
462	755.990
463	754.700
464	754.600
465	755.650
468	754.800
470	755.200
471	755.010
472	755.790
473	755.060
474	755.590
475	755.780
476	755.860
477	754.940
480	754.940
481	755.950
482	755.610
484	755.810
485	755.440
486	755.310
487	755.210
488	755.440
491	755.230
493	755.320
494	755.800
495	755.310
497	755.400
500	755.110
1	756.040
2	756.930
3	757.220
4	756.840
5	756.570
6	756.720
7	757.240
9	756.040
10	756.200
12	757.220
14	756.280
16	756.620
17	756.900
18	757.070
19	757.180
20	756.060
22	757.010
24	756.900
25	756.070
27	756.810
28	756.600
29	757.450
32	756.620
33	756.500
34	756.870
35	756.250
36	756.050
37	756.060
38	757.430
39	757.170
40	757.310
41	756.520
42	756.930
43	756.060
45	757.220
47	757.220
48	756.680
49	756.450
50	756.010
51	756.640
52	757.020
53	757.220
54	756.580
55	756.010
56	756.560
57	756.630
58	756.290
59	756.400
60	757.220
61	757.490
62	756.140
63	756.570
66	756.600
67	756.540
68	757.290
69	756.730
70	757.100
71	756.650
74	756.680
76	756.330
77	757.470
81	756.710
82	757.450
83	757.320
84	756.010
85	756.510
86	756.340
87	757.500
88	756.480
89	757.440
90	757.050
91	756.210
93	756.610
94	756.430
98	757.500
99	756.800
101	756.750
103	756.700
105	756.600
106	757.500
107	756.580
108	757.030
111	757.130
112	756.180
113	756.710
114	757.500
116	757.260
117	756.670
118	757.400
119	756.110
120	757.230
121	756.550
122	756.030
123	757.000
124	757.490
125	757.130
126	756.260
127	756.270
128	756.170
129	757.030
130	757.450
131	756.220
132	756.810
133	756.220
134	756.060
135	756.100
136	756.530
137	756.690
138	757.180
139	757.070
141	756.160
143	756.700
144	756.440
145	756.620
147	756.020
148	757.060
149	757.440
150	756.020
151	756.510
152	756.300
153	756.720
155	756.430
157	756.110
158	756.040
159	757.190
160	756.040
162	756.670
163	756.170
165	756.750
167	757.160
168	757.330
170	756.340
171	756.140
172	756.300
173	756.360
174	756.010
176	756.070
177	756.960
178	756.450
179	756.730
181	757.480
182	756.770
183	757.320
184	756.870
185	757.190
188	756.910
189	757.020
190	756.960
191	756.580
192	756.900
193	757.430
194	756.010
195	756.740
196	756.500
197	756.690
198	756.590
199	756.440
200	756.250
201	756.190
202	756.020
203	756.590
204	756.310
207	756.350
209	757.430
210	756.550
211	757.500
214	757.090
215	756.170
216	756.580
217	756.840
218	756.520
221	757.160
222	756.640
223	756.680
224	756.620
226	756.140
227	757.100
228	756.720
229	756.230
232	756.900
233	756.680
235	756.770
236	756.600
237	756.930
238	756.790
240	757.350
241	756.150
243	757.380
244	756.350
245	757.290
246	757.180
247	757.270
248	756.020
249	756.300
250	756.760
254	756.970
255	756.750
257	756.880
261	757.110
262	757.290
263	756.030
264	756.340
265	757.120
266	756.700
267	756.070
268	756.510
269	756.930
270	757.080
271	756.160
273	757.070
274	756.510
276	756.410
277	756.980
278	756.790
279	757.080
280	756.950
281	756.140
282	756.920
283	757.390
284	756.100
287	757.250
288	756.040
289	756.460
290	757.360
291	756.110
292	756.110
293	757.350
294	756.950
295	756.200
296	756.270
298	757.490
300	756.750
301	756.330
302	757.230
303	757.300
304	756.770
305	756.580
306	756.080
307	756.270
308	757.240
309	756.490
310	756.720
312	757.060
313	757.420
314	756.200
315	756.190
316	756.040
318	757.490
319	756.610
320	756.150
321	756.540
322	756.490
324	757.170
325	756.990
326	757.020
329	756.680
330	756.280
331	756.840
332	756.120
333	757.060
334	756.610
335	756.150
336	756.520
337	756.310
338	756.740
340	756.940
341	757.500
342	756.840
343	756.590
345	756.870
346	756.420
347	756.620
348	756.110
349	756.870
350	756.130
351	756.500
352	756.870
353	756.490
354	756.350
355	757.380
358	756.360
359	756.630
360	756.380
361	756.020
362	757.450
363	756.600
365	756.650
366	756.460
367	757.230
368	756.540
369	756.570
370	756.160
371	756.180
372	756.520
373	757.220
375	756.300
377	757.240
378	756.440
380	756.190
381	757.460
382	756.470
384	756.650
386	757.170
387	756.660
389	756.250
390	757.310
391	757.310
393	757.430
394	756.160
395	756.510
397	756.630
398	757.080
399	756.480
400	757.370
401	756.160
402	757.290
404	757.350
406	757.230
407	756.150
409	756.320
410	756.760
411	757.290
412	756.380
413	757.060
414	756.130
416	757.090
417	756.680
418	756.100
419	757.450
420	756.520
422	757.280
423	756.850
424	756.440
425	757.030
426	756.950
427	756.420
429	756.250
431	756.830
433	757.330
434	757.110
435	756.380
436	756.510
438	756.390
440	757.140
441	757.010
442	757.430
443	756.230
444	756.180
445	756.210
447	757.170
448	756.110
449	757.360
450	756.920
451	757.310
452	756.840
453	757.030
456	756.400
457	757.140
459	756.840
460	757.170
461	756.330
463	756.710
464	756.610
466	756.290
467	756.290
468	756.810
469	756.320
470	757.210
471	757.020
473	757.070
477	756.950
478	756.440
479	756.120
480	756.950
483	756.500
485	757.450
486	757.320
487	757.220
488	757.450
489	756.220
490	756.500
491	757.240
492	756.010
493	757.330
495	757.320
496	756.470
497	757.410
498	756.400
499	756.140
500	757.120
1	758.050
2	758.940
4	758.850
5	758.580
6	758.730
8	757.510
9	758.050
10	758.210
11	757.920
13	757.530
14	758.290
15	757.760
16	758.630
17	758.910
20	758.070
21	757.890
23	757.510
24	758.910
25	758.080
26	757.570
27	758.820
28	758.610
30	757.530
31	757.780
32	758.630
33	758.510
34	758.880
35	758.260
36	758.060
37	758.070
41	758.530
42	758.940
43	758.070
44	757.690
46	757.660
48	758.690
49	758.460
50	758.020
51	758.650
54	758.590
55	758.020
56	758.570
57	758.640
58	758.300
59	758.410
62	758.150
63	758.580
64	757.850
65	757.880
66	758.610
67	758.550
69	758.740
71	758.660
72	757.560
73	757.620
74	758.690
75	757.600
76	758.340
78	757.880
79	757.550
80	757.740
81	758.720
84	758.020
85	758.520
86	758.350
88	758.490
91	758.220
92	757.910
93	758.620
94	758.440
95	757.690
96	757.670
97	757.720
99	758.810
100	757.580
101	758.760
102	757.990
103	758.710
104	757.590
105	758.610
107	758.590
109	757.700
110	757.660
112	758.190
113	758.720
115	757.970
117	758.680
119	758.120
121	758.560
122	758.040
126	758.270
127	758.280
128	758.180
131	758.230
132	758.820
133	758.230
134	758.070
135	758.110
136	758.540
137	758.700
140	758.010
141	758.170
142	757.580
143	758.710
144	758.450
145	758.630
146	757.850
147	758.030
150	758.030
151	758.520
152	758.310
153	758.730
154	757.660
155	758.440
156	757.760
157	758.120
158	758.050
160	758.050
161	757.880
162	758.680
163	758.180
164	757.810
165	758.760
166	757.760
169	757.960
170	758.350
171	758.150
172	758.310
173	758.370
174	758.020
175	757.960
176	758.080
177	758.970
178	758.460
179	758.740
180	757.650
182	758.780
184	758.880
186	757.930
187	757.680
188	758.920
190	758.970
191	758.590
192	758.910
194	758.020
195	758.750
196	758.510
197	758.700
198	758.600
199	758.450
200	758.260
201	758.200
202	758.030
203	758.600
204	758.320
205	757.830
206	757.950
207	758.360
208	757.960
210	758.560
212	757.820
213	757.790
215	758.180
216	758.590
217	758.850
218	758.530
219	757.590
220	757.540
222	758.650
223	758.690
224	758.630
225	757.870
226	758.150
228	758.730
229	758.240
230	757.730
231	757.690
232	758.910
233	758.690
234	757.670
235	758.780
236	758.610
237	758.940
238	758.800
239	757.520
241	758.160
242	757.800
244	758.360
248	758.030
249	758.310
250	758.770
251	757.870
252	757.970
253	757.790
254	758.980
255	758.760
256	757.510
257	758.890
258	757.870
259	757.530
260	757.520
263	758.040
264	758.350
266	758.710
267	758.080
268	758.520
269	758.940
271	758.170
272	757.740
274	758.520
275	757.970
276	758.420
277	758.990
278	758.800
280	758.960
281	758.150
282	758.930
284	758.110
285	757.550
286	757.690
288	758.050
289	758.470
291	758.120
292	758.120
294	758.960
295	758.210
296	758.280
297	757.800
299	757.560
300	758.760
301	758.340
304	758.780
305	758.590
306	758.090
307	758.280
309	758.500
310	758.730
311	757.780
314	758.210
315	758.200
316	758.050
317	757.900
319	758.620
320	758.160
321	758.550
322	758.500
323	757.590
325	759.000
327	757.620
328	757.930
329	758.690
330	758.290
331	758.850
332	758.130
334	758.620
335	758.160
336	758.530
337	758.320
338	758.750
339	757.540
340	758.950
342	758.850
343	758.600
344	757.750
345	758.880
346	758.430
347	758.630
348	758.120
349	758.880
350	758.140
351	758.510
352	758.880
353	758.500
354	758.360
356	757.800
357	757.930
358	758.370
359	758.640
360	758.390
361	758.030
363	758.610
364	757.690
365	758.660
366	758.470
368	758.550
369	758.580
370	758.170
371	758.190
372	758.530
374	757.730
375	758.310
376	757.860
378	758.450
379	757.780
380	758.200
382	758.480
383	757.750
384	758.660
385	757.640
387	758.670
388	757.580
389	758.260
392	757.590
394	758.170
395	758.520
396	758.010
397	758.640
399	758.490
401	758.170
403	757.810
405	757.930
407	758.160
408	757.560
409	758.330
410	758.770
412	758.390
414	758.140
415	757.860
417	758.690
418	758.110
420	758.530
421	757.900
423	758.860
424	758.450
426	758.960
427	758.430
428	757.510
429	758.260
430	757.900
431	758.840
432	757.880
435	758.390
436	758.520
437	757.530
438	758.400
439	757.650
443	758.240
444	758.190
445	758.220
446	757.530
448	758.120
450	758.930
452	758.850
454	757.780
455	757.920
456	758.410
458	757.760
459	758.850
461	758.340
462	758.000
463	758.720
464	758.620
465	757.660
466	758.300
467	758.300
468	758.820
469	758.330
472	757.800
474	757.600
475	757.790
476	757.870
477	758.960
478	758.450
479	758.130
480	758.960
481	757.960
482	757.620
483	758.510
484	757.820
489	758.230
490	758.510
492	758.020
494	757.810
496	758.480
498	758.410
499	758.150
1	760.060
3	759.230
7	759.250
8	759.520
9	760.060
10	760.220
11	759.930
12	759.230
13	759.540
14	760.300
15	759.770
18	759.080
19	759.190
20	760.080
21	759.900
22	759.020
23	759.520
25	760.090
26	759.580
29	759.460
30	759.540
31	759.790
35	760.270
36	760.070
37	760.080
38	759.440
39	759.180
40	759.320
43	760.080
44	759.700
45	759.230
46	759.670
47	759.230
49	760.470
50	760.030
52	759.030
53	759.230
55	760.030
58	760.310
59	760.420
60	759.230
61	759.500
62	760.160
64	759.860
65	759.890
68	759.300
70	759.110
72	759.570
73	759.630
75	759.610
76	760.350
77	759.480
78	759.890
79	759.560
80	759.750
82	759.460
83	759.330
84	760.030
86	760.360
87	759.510
88	760.500
89	759.450
90	759.060
91	760.230
92	759.920
94	760.450
95	759.700
96	759.680
97	759.730
98	759.510
100	759.590
102	760.000
104	759.600
106	759.510
108	759.040
109	759.710
110	759.670
111	759.140
112	760.200
114	759.510
115	759.980
116	759.270
118	759.410
119	760.130
120	759.240
122	760.050
123	759.010
124	759.500
125	759.140
126	760.280
127	760.290
128	760.190
129	759.040
130	759.460
131	760.240
133	760.240
134	760.080
135	760.120
138	759.190
139	759.080
140	760.020
141	760.180
142	759.590
144	760.460
146	759.860
147	760.040
148	759.070
149	759.450
150	760.040
152	760.320
154	759.670
155	760.450
156	759.770
157	760.130
158	760.060
159	759.200
160	760.060
161	759.890
163	760.190
164	759.820
166	759.770
167	759.170
168	759.340
169	759.970
170	760.360
171	760.160
172	760.320
173	760.380
174	760.030
175	759.970
176	760.090
178	760.470
180	759.660
181	759.490
183	759.330
185	759.200
186	759.940
187	759.690
189	759.030
193	759.440
194	760.030
199	760.460
200	760.270
201	760.210
202	760.040
204	760.330
205	759.840
206	759.960
207	760.370
208	759.970
209	759.440
211	759.510
212	759.830
213	759.800
214	759.100
215	760.190
219	759.600
220	759.550
221	759.170
225	759.880
226	760.160
227	759.110
229	760.250
230	759.740
231	759.700
234	759.680
239	759.530
240	759.360
241	760.170
242	759.810
243	759.390
244	760.370
245	759.300
246	759.190
247	759.280
248	760.040
249	760.320
251	759.880
252	759.980
253	759.800
256	759.520
258	759.880
259	759.540
260	759.530
261	759.120
262	759.300
263	760.050
264	760.360
265	759.130
267	760.090
270	759.090
271	760.180
272	759.750
273	759.080
275	759.980
276	760.430
279	759.090
281	760.160
283	759.400
284	760.120
285	759.560
286	759.700
287	759.260
288	760.060
289	760.480
290	759.370
291	760.130
292	760.130
293	759.360
295	760.220
296	760.290
297	759.810
298	759.500
299	759.570
301	760.350
302	759.240
303	759.310
306	760.100
307	760.290
308	759.250
311	759.790
312	759.070
313	759.430
314	760.220
315	760.210
316	760.060
317	759.910
318	759.500
320	760.170
323	759.600
324	759.180
326	759.030
327	759.630
328	759.940
330	760.300
332	760.140
333	759.070
335	760.170
337	760.330
339	759.550
341	759.510
344	759.760
346	760.440
348	760.130
350	760.150
354	760.370
355	759.390
356	759.810
357	759.940
358	760.380
360	760.400
361	760.040
362	759.460
364	759.700
366	760.480
367	759.240
370	760.180
371	760.200
373	759.230
374	759.740
375	760.320
376	759.870
377	759.250
378	760.460
379	759.790
380	760.210
381	759.470
382	760.490
383	759.760
385	759.650
386	759.180
388	759.590
389	760.270
390	759.320
391	759.320
392	759.600
393	759.440
394	760.180
396	760.020
398	759.090
399	760.500
400	759.380
401	760.180
402	759.300
403	759.820
404	759.360
405	759.940
406	759.240
407	760.170
408	759.570
409	760.340
411	759.300
412	760.400
413	759.070
414	760.150
415	759.870
416	759.100
418	760.120
419	759.460
421	759.910
422	759.290
424	760.460
425	759.040
427	760.440
428	759.520
429	760.270
430	759.910
432	759.890
433	759.340
434	759.120
435	760.400
437	759.540
438	760.410
439	759.660
440	759.150
441	759.020
442	759.440
443	760.250
444	760.200
445	760.230
446	759.540
447	759.180
448	760.130
449	759.370
451	759.320
453	759.040
454	759.790
455	759.930
456	760.420
457	759.150
458	759.770
460	759.180
461	760.350
462	760.010
465	759.670
466	760.310
467	760.310
469	760.340
470	759.220
471	759.030
472	759.810
473	759.080
474	759.610
475	759.800
476	759.880
478	760.460
479	760.140
481	759.970
482	759.630
484	759.830
485	759.460
486	759.330
487	759.230
488	759.460
489	760.240
491	759.250
492	760.030
493	759.340
494	759.820
495	759.330
496	760.490
497	759.420
498	760.420
499	760.160
500	759.130
2	760.950
3	761.240
4	760.860
5	760.590
6	760.740
7	761.260
8	761.530
11	761.940
12	761.240
13	761.550
15	761.780
16	760.640
17	760.920
18	761.090
19	761.200
21	761.910
22	761.030
23	761.530
24	760.920
26	761.590
27	760.830
28	760.620
29	761.470
30	761.550
31	761.800
32	760.640
33	760.520
34	760.890
38	761.450
39	761.190
40	761.330
41	760.540
42	760.950
44	761.710
45	761.240
46	761.680
47	761.240
48	760.700
51	760.660
52	761.040
53	761.240
54	760.600
56	760.580
57	760.650
60	761.240
61	761.510
63	760.590
64	761.870
65	761.900
66	760.620
67	760.560
68	761.310
69	760.750
70	761.120
71	760.670
72	761.580
73	761.640
74	760.700
75	761.620
77	761.490
78	761.900
79	761.570
80	761.760
81	760.730
82	761.470
83	761.340
85	760.530
87	761.520
89	761.460
90	761.070
92	761.930
93	760.630
95	761.710
96	761.690
97	761.740
98	761.520
99	760.820
100	761.600
101	760.770
103	760.720
104	761.610
105	760.620
106	761.520
107	760.600
108	761.050
109	761.720
110	761.680
111	761.150
113	760.730
114	761.520
115	761.990
116	761.280
117	760.690
118	761.420
120	761.250
121	760.570
123	761.020
124	761.510
125	761.150
129	761.050
130	761.470
132	760.830
136	760.550
137	760.710
138	761.200
139	761.090
142	761.600
143	760.720
145	760.640
146	761.870
148	761.080
149	761.460
151	760.530
153	760.740
154	761.680
156	761.780
159	761.210
161	761.900
162	760.690
164	761.830
165	760.770
166	761.780
167	761.180
168	761.350
169	761.980
175	761.980
177	760.980
179	760.750
180	761.670
181	761.500
182	760.790
183	761.340
184	760.890
185	761.210
186	761.950
187	761.700
188	760.930
189	761.040
190	760.980
191	760.600
192	760.920
193	761.450
195	760.760
196	760.520
197	760.710
198	760.610
203	760.610
205	761.850
206	761.970
208	761.980
209	761.450
210	760.570
211	761.520
212	761.840
213	761.810
214	761.110
216	760.600
217	760.860
218	760.540
219	761.610
220	761.560
221	761.180
222	760.660
223	760.700
224	760.640
225	761.890
227	761.120
228	760.740
230	761.750
231	761.710
232	760.920
233	760.700
234	761.690
235	760.790
236	760.620
237	760.950
238	760.810
239	761.540
240	761.370
242	761.820
243	761.400
245	761.310
246	761.200
247	761.290
250	760.780
251	761.890
252	761.990
253	761.810
254	760.990
255	760.770
256	761.530
257	760.900
258	761.890
259	761.550
260	761.540
261	761.130
262	761.310
265	761.140
266	760.720
268	760.530
269	760.950
270	761.100
272	761.760
273	761.090
274	760.530
275	761.990
277	761.000
278	760.810
279	761.100
280	760.970
282	760.940
283	761.410
285	761.570
286	761.710
287	761.270
290	761.380
293	761.370
294	760.970
297	761.820
298	761.510
299	761.580
300	760.770
302	761.250
303	761.320
304	760.790
305	760.600
308	761.260
309	760.510
310	760.740
311	761.800
312	761.080
313	761.440
317	761.920
318	761.510
319	760.630
321	760.560
322	760.510
323	761.610
324	761.190
325	761.010
326	761.040
327	761.640
328	761.950
329	760.700
331	760.860
333	761.080
334	760.630
336	760.540
338	760.760
339	761.560
340	760.960
341	761.520
342	760.860
343	760.610
344	761.770
345	760.890
347	760.640
349	760.890
351	760.520
352	760.890
353	760.510
355	761.400
356	761.820
357	761.950
359	760.650
362	761.470
363	760.620
364	761.710
365	760.670
367	761.250
368	760.560
369	760.590
372	760.540
373	761.240
374	761.750
376	761.880
377	761.260
379	761.800
381	761.480
383	761.770
384	760.670
385	761.660
386	761.190
387	760.680
388	761.600
390	761.330
391	761.330
392	761.610
393	761.450
395	760.530
397	760.650
398	761.100
400	761.390
402	761.310
403	761.830
404	761.370
405	761.950
406	761.250
408	761.580
410	760.780
411	761.310
413	761.080
415	761.880
416	761.110
417	760.700
419	761.470
420	760.540
421	761.920
422	761.300
423	760.870
425	761.050
426	760.970
428	761.530
430	761.920
431	760.850
432	761.900
433	761.350
434	761.130
436	760.530
437	761.550
439	761.670
440	761.160
441	761.030
442	761.450
446	761.550
447	761.190
449	761.380
450	760.940
451	761.330
452	760.860
453	761.050
454	761.800
455	761.940
457	761.160
458	761.780
459	760.860
460	761.190
463	760.730
464	760.630
465	761.680
468	760.830
470	761.230
471	761.040
472	761.820
473	761.090
474	761.620
475	761.810
476	761.890
477	760.970
480	760.970
481	761.980
482	761.640
483	760.520
484	761.840
485	761.470
486	761.340
487	761.240
488	761.470
490	760.520
491	761.260
493	761.350
494	761.830
495	761.340
497	761.430
500	761.140
1	762.070
2	762.960
3	763.250
4	762.870
5	762.600
6	762.750
7	763.270
9	762.070
10	762.230
12	763.250
14	762.310
16	762.650
17	762.930
18	763.100
19	763.210
20	762.090
22	763.040
24	762.930
25	762.100
27	762.840
28	762.630
29	763.480
32	762.650
33	762.530
34	762.900
35	762.280
36	762.080
37	762.090
38	763.460
39	763.200
40	763.340
41	762.550
42	762.960
43	762.090
45	763.250
47	763.250
48	762.710
49	762.480
50	762.040
51	762.670
52	763.050
53	763.250
54	762.610
55	762.040
56	762.590
57	762.660
58	762.320
59	762.430
60	763.250
62	762.170
63	762.600
66	762.630
67	762.570
68	763.320
69	762.760
70	763.130
71	762.680
74	762.710
76	762.360
77	763.500
81	762.740
82	763.480
83	763.350
84	762.040
85	762.540
86	762.370
88	762.510
89	763.470
90	763.080
91	762.240
93	762.640
94	762.460
99	762.830
101	762.780
102	762.010
103	762.730
105	762.630
107	762.610
108	763.060
111	763.160
112	762.210
113	762.740
116	763.290
117	762.700
118	763.430
119	762.140
120	763.260
121	762.580
122	762.060
123	763.030
125	763.160
126	762.290
127	762.300
128	762.200
129	763.060
130	763.480
131	762.250
132	762.840
133	762.250
134	762.090
135	762.130
136	762.560
137	762.720
138	763.210
139	763.100
140	762.030
141	762.190
143	762.730
144	762.470
145	762.650
147	762.050
148	763.090
149	763.470
150	762.050
151	762.540
152	762.330
153	762.750
155	762.460
157	762.140
158	762.070
159	763.220
160	762.070
162	762.700
163	762.200
165	762.780
167	763.190
168	763.360
170	762.370
171	762.170
172	762.330
173	762.390
174	762.040
176	762.100
177	762.990
178	762.480
179	762.760
182	762.800
183	763.350
184	762.900
185	763.220
188	762.940
189	763.050
190	762.990
191	762.610
192	762.930
193	763.460
194	762.040
195	762.770
196	762.530
197	762.720
198	762.620
199	762.470
200	762.280
201	762.220
202	762.050
203	762.620
204	762.340
207	762.380
209	763.460
210	762.580
214	763.120
215	762.200
216	762.610
217	762.870
218	762.550
221	763.190
222	762.670
223	762.710
224	762.650
226	762.170
227	763.130
228	762.750
229	762.260
232	762.930
233	762.710
235	762.800
236	762.630
237	762.960
238	762.820
240	763.380
241	762.180
243	763.410
244	762.380
245	763.320
246	763.210
247	763.300
248	762.050
249	762.330
250	762.790
254	763.000
255	762.780
257	762.910
261	763.140
262	763.320
263	762.060
264	762.370
265	763.150
266	762.730
267	762.100
268	762.540
269	762.960
270	763.110
271	762.190
273	763.100
274	762.540
276	762.440
277	763.010
278	762.820
279	763.110
280	762.980
281	762.170
282	762.950
283	763.420
284	762.130
287	763.280
288	762.070
289	762.490
290	763.390
291	762.140
292	762.140
293	763.380
294	762.980
295	762.230
296	762.300
300	762.780
301	762.360
302	763.260
303	763.330
304	762.800
305	762.610
306	762.110
307	762.300
308	763.270
309	762.520
310	762.750
312	763.090
313	763.450
314	762.230
315	762.220
316	762.070
319	762.640
320	762.180
321	762.570
322	762.520
324	763.200
325	763.020
326	763.050
329	762.710
330	762.310
331	762.870
332	762.150
333	763.090
334	762.640
335	762.180
336	762.550
337	762.340
338	762.770
340	762.970
342	762.870
343	762.620
345	762.900
346	762.450
347	762.650
348	762.140
349	762.900
350	762.160
351	762.530
352	762.900
353	762.520
354	762.380
355	763.410
358	762.390
359	762.660
360	762.410
361	762.050
362	763.480
363	762.630
365	762.680
366	762.490
367	763.260
368	762.570
369	762.600
370	762.190
371	762.210
372	762.550
373	763.250
375	762.330
377	763.270
378	762.470
380	762.220
381	763.490
382	762.500
384	762.680
386	763.200
387	762.690
389	762.280
390	763.340
391	763.340
393	763.460
394	762.190
395	762.540
396	762.030
397	762.660
398	763.110
399	762.510
400	763.400
401	762.190
402	763.320
404	763.380
406	763.260
407	762.180
409	762.350
410	762.790
411	763.320
412	762.410
413	763.090
414	762.160
416	763.120
417	762.710
418	762.130
419	763.480
420	762.550
422	763.310
423	762.880
424	762.470
425	763.060
426	762.980
427	762.450
429	762.280
431	762.860
433	763.360
434	763.140
435	762.410
436	762.540
438	762.420
440	763.170
441	763.040
442	763.460
443	762.260
444	762.210
445	762.240
447	763.200
448	762.140
449	763.390
450	762.950
451	763.340
452	762.870
453	763.060
456	762.430
457	763.170
459	762.870
460	763.200
461	762.360
462	762.020
463	762.740
466	762.320
467	762.320
468	762.840
469	762.350
470	763.240
471	763.050
473	763.100
477	762.980
478	762.470
479	762.150
480	762.980
483	762.530
485	763.480
486	763.350
487	763.250
488	763.480
489	762.250
490	762.530
491	763.270
492	762.040
493	763.360
495	763.350
496	762.500
497	763.440
498	762.430
499	762.170
500	763.150
1	764.080
2	764.970
4	764.880
5	764.610
6	764.760
8	763.540
9	764.080
10	764.240
11	763.950
13	763.560
14	764.320
15	763.790
16	764.660
17	764.940
20	764.100
21	763.920
23	763.540
24	764.940
25	764.110
26	763.600
27	764.850
28	764.640
30	763.560
31	763.810
32	764.660
33	764.540
34	764.910
35	764.290
36	764.090
37	764.100
42	764.970
43	764.100
44	763.720
46	763.690
48	764.720
49	764.490
50	764.050
51	764.680
54	764.620
55	764.050
56	764.600
57	764.670
58	764.330
59	764.440
61	763.520
62	764.180
63	764.610
64	763.880
65	763.910
66	764.640
67	764.580
69	764.770
71	764.690
72	763.590
73	763.650
74	764.720
75	763.630
76	764.370
78	763.910
79	763.580
80	763.770
81	764.750
84	764.050
85	764.550
86	764.380
87	763.530
88	764.520
91	764.250
92	763.940
93	764.650
94	764.470
95	763.720
96	763.700
97	763.750
98	763.530
99	764.840
100	763.610
101	764.790
102	764.020
103	764.740
104	763.620
105	764.640
106	763.530
107	764.620
109	763.730
110	763.690
112	764.220
113	764.750
114	763.530
115	764.000
117	764.710
119	764.150
121	764.590
122	764.070
124	763.520
126	764.300
127	764.310
128	764.210
131	764.260
132	764.850
133	764.260
134	764.100
135	764.140
136	764.570
137	764.730
140	764.040
141	764.200
142	763.610
143	764.740
144	764.480
145	764.660
146	763.880
147	764.060
151	764.550
152	764.340
153	764.760
154	763.690
155	764.470
156	763.790
157	764.150
158	764.080
160	764.080
161	763.910
162	764.710
164	763.840
165	764.790
166	763.790
169	763.990
170	764.380
171	764.180
172	764.340
173	764.400
174	764.050
175	763.990
176	764.110
178	764.490
179	764.770
180	763.680
181	763.510
182	764.810
184	764.910
186	763.960
187	763.710
188	764.950
190	765.000
191	764.620
192	764.940
194	764.050
195	764.780
196	764.540
197	764.730
198	764.630
200	764.290
201	764.230
202	764.060
203	764.630
204	764.350
205	763.860
207	764.390
208	763.990
211	763.530
212	763.850
213	763.820
215	764.210
216	764.620
217	764.880
218	764.560
219	763.620
220	763.570
222	764.680
223	764.720
224	764.660
225	763.900
226	764.180
228	764.760
229	764.270
230	763.760
231	763.720
232	764.940
233	764.720
234	763.700
235	764.810
236	764.640
237	764.970
238	764.830
239	763.550
241	764.190
242	763.830
244	764.390
248	764.060
249	764.340
250	764.800
252	764.000
253	763.820
255	764.790
256	763.540
257	764.920
258	763.900
259	763.560
260	763.550
263	764.070
264	764.380
266	764.740
267	764.110
268	764.550
269	764.970
271	764.200
272	763.770
274	764.550
275	764.000
276	764.450
278	764.830
280	764.990
281	764.180
282	764.960
284	764.140
285	763.580
286	763.720
288	764.080
289	764.500
291	764.150
292	764.150
294	764.990
295	764.240
296	764.310
297	763.830
298	763.520
299	763.590
301	764.370
304	764.810
305	764.620
306	764.120
307	764.310
309	764.530
311	763.810
314	764.240
315	764.230
316	764.080
317	763.930
318	763.520
319	764.650
320	764.190
321	764.580
322	764.530
323	763.620
327	763.650
328	763.960
329	764.720
330	764.320
331	764.880
332	764.160
334	764.650
335	764.190
336	764.560
337	764.350
338	764.780
339	763.570
340	764.980
341	763.530
342	764.880
343	764.630
344	763.780
345	764.910
346	764.460
347	764.660
348	764.150
349	764.910
350	764.170
351	764.540
352	764.910
353	764.530
354	764.390
356	763.830
357	763.960
358	764.400
359	764.670
360	764.420
361	764.060
363	764.640
364	763.720
365	764.690
366	764.500
368	764.580
369	764.610
370	764.200
371	764.220
372	764.560
374	763.760
375	764.340
376	763.890
378	764.480
379	763.810
380	764.230
382	764.510
383	763.780
384	764.690
385	763.670
387	764.700
388	763.610
389	764.290
392	763.620
394	764.200
395	764.550
396	764.040
397	764.670
399	764.520
401	764.200
403	763.840
405	763.960
407	764.190
408	763.590
409	764.360
410	764.800
412	764.420
414	764.170
415	763.890
417	764.720
418	764.140
420	764.560
421	763.930
423	764.890
424	764.480
426	764.990
428	763.540
429	764.290
430	763.930
431	764.870
432	763.910
435	764.420
436	764.550
437	763.560
438	764.430
439	763.680
443	764.270
444	764.220
445	764.250
446	763.560
448	764.150
450	764.960
452	764.880
454	763.810
455	763.950
456	764.440
458	763.790
459	764.880
461	764.370
463	764.750
465	763.690
466	764.330
467	764.330
468	764.850
469	764.360
472	763.830
474	763.630
475	763.820
476	763.900
477	764.990
478	764.480
479	764.160
480	764.990
481	763.990
482	763.650
483	764.540
484	763.850
489	764.260
490	764.540
492	764.050
494	763.840
496	764.510
498	764.440
499	764.180
1	766.090
3	765.260
7	765.280
8	765.550
9	766.090
10	766.250
11	765.960
12	765.260
13	765.570
14	766.330
15	765.800
18	765.110
19	765.220
20	766.110
22	765.050
23	765.550
25	766.120
29	765.490
30	765.570
31	765.820
35	766.300
36	766.100
37	766.110
38	765.470
39	765.210
43	766.110
44	765.730
45	765.260
46	765.700
47	765.260
49	766.500
50	766.060
52	765.060
53	765.260
55	766.060
58	766.340
59	766.450
60	765.260
61	765.530
62	766.190
64	765.890
65	765.920
68	765.330
72	765.600
73	765.660
75	765.640
76	766.380
77	765.510
78	765.920
80	765.780
82	765.490
86	766.390
87	765.540
89	765.480
90	765.090
91	766.260
92	765.950
95	765.730
96	765.710
97	765.760
98	765.540
100	765.620
102	766.030
104	765.630
106	765.540
108	765.070
109	765.740
110	765.700
111	765.170
112	766.230
114	765.540
116	765.300
118	765.440
119	766.160
120	765.270
122	766.080
123	765.040
124	765.530
125	765.170
127	766.320
128	766.220
129	765.070
130	765.490
131	766.270
133	766.270
135	766.150
139	765.110
141	766.210
142	765.620
144	766.490
146	765.890
148	765.100
149	765.480
152	766.350
154	765.700
155	766.480
156	765.800
157	766.160
158	766.090
159	765.230
160	766.090
161	765.920
166	765.800
167	765.200
168	765.370
169	766.000
170	766.390
171	766.190
172	766.350
173	766.410
174	766.060
175	766.000
176	766.120
178	766.500
180	765.690
183	765.360
185	765.230
186	765.970
187	765.720
189	765.060
193	765.470
194	766.060
201	766.240
202	766.070
205	765.870
207	766.400
208	766.000
209	765.470
211	765.540
212	765.860
213	765.830
214	765.130
219	765.630
220	765.580
221	765.200
225	765.910
226	766.190
227	765.140
229	766.280
230	765.770
231	765.730
234	765.710
239	765.560
240	765.390
241	766.200
242	765.840
243	765.420
244	766.400
245	765.330
246	765.220
247	765.310
248	766.070
252	766.010
253	765.830
254	765.010
256	765.550
258	765.910
259	765.570
261	765.150
262	765.330
263	766.080
264	766.390
265	765.160
267	766.120
270	765.120
271	766.210
272	765.780
273	765.110
276	766.460
279	765.120
283	765.430
284	766.150
285	765.590
287	765.290
290	765.400
291	766.160
292	766.160
293	765.390
295	766.250
296	766.320
297	765.840
298	765.530
299	765.600
301	766.380
302	765.270
306	766.130
307	766.320
308	765.280
311	765.820
312	765.100
313	765.460
314	766.250
315	766.240
316	766.090
317	765.940
318	765.530
320	766.200
323	765.630
324	765.210
325	765.030
326	765.060
327	765.660
328	765.970
330	766.330
332	766.170
333	765.100
335	766.200
337	766.360
339	765.580
341	765.540
346	766.470
348	766.160
350	766.180
354	766.400
355	765.420
356	765.840
357	765.970
358	766.410
360	766.430
361	766.070
367	765.270
370	766.210
371	766.230
373	765.260
374	765.770
375	766.350
376	765.900
377	765.280
378	766.490
379	765.820
380	766.240
381	765.500
383	765.790
386	765.210
388	765.620
389	766.300
390	765.350
391	765.350
392	765.630
394	766.210
396	766.050
398	765.120
400	765.410
401	766.210
402	765.330
403	765.850
404	765.390
405	765.970
406	765.270
407	766.200
408	765.600
409	766.370
412	766.430
413	765.100
414	766.180
416	765.130
418	766.150
419	765.490
421	765.940
422	765.320
425	765.070
428	765.550
429	766.300
430	765.940
433	765.370
434	765.150
435	766.430
437	765.570
438	766.440
439	765.690
440	765.180
441	765.050
442	765.470
443	766.280
445	766.260
446	765.570
447	765.210
448	766.160
449	765.400
451	765.350
453	765.070
454	765.820
455	765.960
456	766.450
457	765.180
458	765.800
461	766.380
465	765.700
469	766.370
470	765.250
471	765.060
472	765.840
473	765.110
474	765.640
475	765.830
476	765.910
479	766.170
482	765.660
484	765.860
485	765.490
486	765.360
487	765.260
488	765.490
489	766.270
491	765.280
492	766.060
493	765.370
494	765.850
495	765.360
497	765.450
498	766.450
499	766.190
500	765.160
3	767.270
4	766.890
7	767.290
8	767.560
11	767.970
12	767.270
13	767.580
15	767.810
16	766.670
17	766.950
18	767.120
19	767.230
22	767.060
23	767.560
24	766.950
27	766.860
28	766.650
29	767.500
30	767.580
32	766.670
33	766.550
34	766.920
38	767.480
39	767.220
42	766.980
45	767.270
46	767.710
47	767.270
48	766.730
51	766.690
52	767.070
53	767.270
54	766.630
56	766.610
57	766.680
60	767.270
63	766.620
66	766.650
67	766.590
68	767.340
69	766.780
71	766.700
72	767.610
73	767.670
74	766.730
77	767.520
78	767.930
80	767.790
81	766.760
85	766.560
87	767.550
88	766.530
90	767.100
92	767.960
93	766.660
95	767.740
96	767.720
97	767.770
99	766.850
100	767.630
101	766.800
103	766.750
104	767.640
105	766.650
107	766.630
108	767.080
109	767.750
111	767.180
113	766.760
116	767.310
117	766.720
118	767.450
120	767.280
123	767.050
124	767.540
125	767.180
129	767.080
130	767.500
136	766.580
139	767.120
143	766.750
145	766.670
149	767.490
151	766.560
153	766.770
156	767.810
159	767.240
161	767.930
162	766.720
165	766.800
167	767.210
179	766.780
180	767.700
182	766.820
183	767.370
184	766.920
185	767.240
187	767.730
188	766.960
190	767.010
191	766.630
192	766.950
193	767.480
196	766.550
198	766.640
203	766.640
205	767.880
209	767.480
216	766.630
217	766.890
219	767.640
221	767.210
222	766.690
224	766.670
225	767.920
227	767.150
230	767.780
231	767.740
232	766.950
235	766.820
236	766.650
238	766.840
239	767.570
240	767.400
242	767.850
243	767.430
245	767.340
246	767.230
247	767.320
253	767.840
254	767.020
256	767.560
265	767.170
270	767.130
273	767.120
274	766.560
278	766.840
279	767.130
280	767.000
282	766.970
283	767.440
285	767.600
287	767.300
290	767.410
293	767.400
294	767.000
297	767.850
299	767.610
302	767.280
304	766.820
305	766.630
308	767.290
309	766.540
312	767.110
313	767.470
318	767.540
321	766.590
322	766.540
323	767.640
325	767.040
326	767.070
327	767.670
328	767.980
329	766.730
331	766.890
334	766.660
338	766.790
339	767.590
340	766.990
341	767.550
342	766.890
343	766.640
345	766.920
347	766.670
349	766.920
351	766.550
352	766.920
355	767.430
359	766.680
363	766.650
365	766.700
366	766.510
367	767.280
368	766.590
372	766.570
373	767.270
374	767.780
376	767.910
377	767.290
379	767.830
382	766.520
384	766.700
387	766.710
390	767.360
391	767.360
392	767.640
395	766.560
397	766.680
398	767.130
399	766.530
402	767.340
403	767.860
404	767.400
405	767.980
406	767.280
408	767.610
410	766.810
416	767.140
417	766.730
419	767.500
420	766.570
421	767.950
422	767.330
423	766.900
428	767.560
430	767.950
434	767.160
436	766.560
440	767.190
441	767.060
442	767.480
446	767.580
447	767.220
449	767.410
450	766.970
451	767.360
452	766.890
453	767.080
455	767.970
458	767.810
459	766.890
463	766.760
465	767.710
468	766.860
470	767.260
473	767.120
474	767.650
480	767.000
482	767.670
483	766.550
484	767.870
485	767.500
486	767.370
487	767.270
488	767.500
490	766.550
491	767.290
493	767.380
495	767.370
496	766.520
497	767.460
500	767.170
1	768.100
3	769.280
7	769.300
9	768.100
10	768.260
14	768.340
16	768.680
25	768.130
27	768.870
28	768.660
33	768.560
37	768.120
48	768.740
51	768.700
54	768.640
58	769.000
60	769.280
62	768.200
66	768.660
67	768.600
68	769.350
69	768.790
76	768.390
81	768.770
85	768.570
86	768.400
91	768.270
93	768.670
101	768.810
112	768.240
117	768.730
120	769.290
122	768.090
128	768.230
129	769.090
135	768.160
141	768.220
144	768.500
152	768.360
157	768.170
158	768.100
159	769.250
160	768.100
162	768.730
165	768.810
167	769.220
169	768.010
171	768.200
174	768.070
175	768.010
176	768.130
183	769.380
188	768.970
192	768.960
194	768.070
196	768.560
202	768.080
207	768.410
208	768.010
216	768.640
217	768.900
222	768.700
224	768.680
226	768.200
229	768.290
235	768.830
238	768.850
240	769.410
244	768.410
245	769.350
246	769.240
248	768.080
252	768.020
263	768.090
270	769.140
271	768.220
273	769.130
274	768.570
279	769.140
280	769.010
283	769.450
291	768.170
292	768.170
296	768.330
301	768.390
302	769.290
304	768.830
305	768.640
307	768.330
308	769.300
314	768.260
315	768.250
316	768.100
320	768.210
325	769.050
326	769.080
329	768.740
331	768.900
332	768.180
335	768.210
340	769.000
343	768.650
346	768.480
351	768.560
352	768.930
354	768.410
355	769.440
358	768.420
361	768.080
363	768.660
366	768.520
368	768.600
370	768.220
373	769.280
378	768.500
382	768.530
384	768.710
387	768.720
389	768.310
390	769.370
391	769.370
394	768.220
395	768.570
402	769.350
406	769.290
407	768.210
414	768.190
416	769.150
417	768.740
423	768.910
429	768.310
435	768.440
436	768.570
441	769.070
442	769.490
443	768.290
448	768.170
450	768.980
452	768.900
453	769.090
459	768.900
461	768.390
463	768.770
469	768.380
479	768.180
486	769.380
490	768.560
491	769.300
496	768.530
499	768.200
500	769.180
8	769.570
13	769.590
27	770.880
30	769.590
33	770.570
48	770.750
51	770.710
62	770.210
73	769.680
76	770.400
78	769.940
80	769.800
85	770.580
86	770.410
87	769.560
95	769.750
96	769.730
97	769.780
101	770.820
109	769.760
128	770.240
130	769.510
144	770.510
160	770.110
169	770.020
171	770.210
192	770.970
208	770.020
217	770.910
219	769.650
226	770.210
230	769.790
242	769.860
253	769.850
256	769.570
285	769.610
291	770.180
296	770.340
314	770.270
318	769.550
327	769.680
328	769.990
332	770.190
335	770.220
339	769.600
346	770.490
351	770.570
354	770.890
361	770.090
363	770.670
374	769.790
378	770.510
382	770.540
384	770.720
387	770.730
403	769.870
407	770.220
408	769.620
419	769.510
428	769.570
429	770.320
452	770.910
455	769.980
458	769.820
461	770.400
465	769.720
469	770.390
474	769.660
484	769.880
488	769.510
7	771.310
13	771.600
60	771.290
68	771.360
87	771.570
95	772.180
109	771.770
159	771.260
160	772.120
167	771.230
171	772.220
208	772.030
240	771.420
245	771.360
246	771.250
253	771.860
256	771.580
270	771.150
308	771.310
314	772.280
327	771.690
373	771.290
402	771.360
403	771.880
406	771.300
419	771.520
429	772.330
455	771.990
474	771.670
27	772.890
33	772.580
48	772.760
159	773.270
192	772.980
246	773.260
363	772.680
373	773.300
378	772.520
384	772.730
419	773.530
452	772.920
455	774.000
33	774.590
378	774.530
254	834.930
413	838.300
480	837.110
169	839.080
55	840.430
184	841.480
236	840.970
49	842.590
76	842.990
116	841.540
123	842.470
126	841.950
331	842.850
379	841.680
56	844.260
64	844.220
84	843.320
90	843.840
96	843.130
126	843.960
129	843.930
181	843.080
222	843.930
236	843.750
240	844.040
403	843.480
477	844.370
7	845.190
16	845.810
37	845.480
48	844.560
60	844.590
84	845.750
87	845.740
94	845.910
95	844.580
102	845.600
111	844.890
123	845.620
126	845.970
127	844.960
135	845.460
139	844.590
147	844.550
159	845.790
161	845.120
179	844.560
183	845.980
210	845.110
211	844.510
229	844.630
260	845.890
264	844.760
296	845.630
319	845.790
366	845.200
375	845.560
386	845.940
417	845.780
440	845.320
448	845.470
449	844.760
455	845.950
462	844.930
466	845.330
473	845.960
476	845.460
496	844.590
7	847.200
15	847.360
23	846.770
58	846.620
60	846.900
64	847.070
95	847.200
109	846.590
111	847.490
127	847.370
138	847.060
139	846.600
141	847.400
147	847.190
149	847.210
152	846.280
161	847.130
169	846.550
180	846.120
181	846.300
187	846.430
192	846.190
199	847.430
240	846.490
248	847.470
289	846.360
301	846.880
317	846.420
325	847.150
331	846.540
333	846.100
345	847.130
351	846.910
354	847.420
361	846.300
366	847.210
371	846.530
383	847.500
403	846.570
412	846.600
430	846.390
435	847.030
440	847.450
443	847.130
449	847.400
468	846.920
482	847.270
490	846.830
496	847.360
499	846.490
6	848.810
8	848.450
17	848.660
29	848.870
37	847.740
39	847.850
41	848.040
46	848.910
49	848.800
54	847.900
78	847.670
87	848.340
93	848.750
96	847.810
105	847.530
119	848.300
126	847.980
129	848.070
135	848.120
139	848.610
142	848.340
148	848.770
152	848.700
154	848.570
155	848.950
159	848.930
164	848.300
167	848.410
170	848.600
175	848.480
179	847.700
180	848.130
183	847.990
189	848.330
191	848.260
194	848.050
202	847.980
203	847.810
210	848.990
219	848.710
229	848.470
231	848.910
233	848.340
235	847.810
240	848.910
252	848.250
257	848.860
260	848.290
272	848.750
276	848.130
289	848.370
295	848.990
296	848.900
310	848.060
315	847.660
317	848.980
318	848.540
319	848.720
321	847.970
323	848.930
333	848.890
341	848.170
342	848.920
346	848.990
358	848.410
361	848.940
362	847.710
371	848.540
388	847.700
391	848.620
394	847.760
400	848.140
403	848.690
412	848.610
417	847.790
419	848.420
424	847.990
429	848.650
431	848.880
436	848.050
466	847.600
473	848.140
487	848.380
492	848.900
495	848.150
499	848.500
7	849.210
9	849.720
11	849.630
14	850.030
16	850.340
24	849.130
28	849.820
30	849.950
33	849.030
34	849.940
37	850.100
39	849.860
41	850.050
48	849.730
54	849.910
55	849.650
57	849.570
60	849.070
64	849.080
71	850.110
75	849.230
78	850.040
79	850.150
85	849.020
87	850.350
89	849.730
92	849.030
99	849.880
106	850.350
109	849.170
111	849.500
112	850.280
118	849.570
120	849.710
122	850.260
127	849.380
129	850.080
136	849.820
141	849.630
143	849.790
147	849.200
149	849.220
156	850.100
157	849.390
158	849.670
161	849.140
164	850.310
167	850.420
169	849.990
171	849.110
173	849.390
182	849.430
183	850.000
186	849.520
189	850.340
191	850.270
192	849.820
193	849.520
196	849.960
199	849.760
202	849.990
203	849.820
205	850.020
206	850.210
209	849.960
213	850.010
214	849.490
217	849.920
218	849.820
235	850.400
241	849.150
244	849.330
250	849.840
256	850.380
260	850.300
265	849.280
278	849.410
284	850.200
288	849.590
289	850.380
292	850.340
293	849.950
297	849.050
300	849.620
301	849.430
302	849.990
310	850.070
314	850.210
321	850.430
341	850.180
349	849.040
350	849.470
351	849.230
352	850.300
358	850.420
366	849.250
367	849.470
368	849.890
370	849.030
375	849.410
377	850.230
383	850.420
387	850.000
388	850.340
389	850.330
394	849.770
401	849.600
414	849.560
417	849.940
419	850.430
435	849.170
436	850.170
440	849.460
443	849.140
446	850.310
448	849.030
449	849.780
450	849.910
452	849.430
457	849.380
459	850.490
462	849.040
464	849.730
473	850.150
478	849.820
483	850.500
486	850.230
487	850.390
489	850.240
490	849.440
491	849.600
500	850.300
3	851.120
6	851.540
7	851.220
9	851.730
11	851.640
15	851.040
17	851.480
24	851.140
27	851.030
33	851.040
34	851.950
36	851.960
39	851.870
44	851.950
45	851.410
46	850.920
47	850.640
49	850.810
50	851.110
54	851.920
55	851.660
57	851.580
59	850.650
60	851.370
61	851.930
64	851.090
66	850.870
68	851.900
72	850.550
75	851.970
85	851.530
89	851.740
92	851.040
93	850.760
94	851.650
99	851.890
104	850.950
107	851.790
111	851.510
115	851.440
118	851.580
120	851.720
127	851.390
128	850.630
132	850.920
136	851.830
139	850.620
140	851.760
141	851.640
142	850.730
143	851.800
144	850.980
147	851.210
148	851.560
149	851.230
152	851.140
154	850.580
155	851.660
157	851.400
161	851.150
169	852.000
170	850.610
171	851.370
173	851.400
174	851.940
178	850.940
180	850.720
182	851.440
186	851.530
187	851.220
190	850.920
194	851.010
196	851.970
199	851.770
201	850.590
202	852.000
203	851.830
209	851.970
210	851.520
214	851.820
216	850.800
217	851.930
218	851.830
219	851.590
226	850.920
231	850.920
232	851.600
233	850.870
241	851.160
242	850.690
244	851.340
247	850.680
248	851.010
250	851.850
252	851.330
257	850.870
264	851.540
265	851.290
270	850.540
276	851.530
278	851.490
288	851.670
291	851.140
293	851.960
296	850.910
297	851.060
300	851.990
301	851.440
302	852.000
307	851.900
312	851.950
313	851.320
316	851.030
317	851.570
323	850.940
325	850.780
327	850.660
329	850.580
330	851.580
332	850.850
336	851.720
342	850.930
343	851.360
346	851.000
349	851.050
350	851.770
351	851.240
356	850.800
361	851.120
362	850.930
366	851.980
369	851.820
370	851.520
371	850.550
372	850.920
373	851.950
378	851.480
384	851.220
386	850.730
391	850.970
394	851.780
395	851.010
399	850.950
401	851.610
403	850.700
404	850.630
411	851.290
412	850.620
414	851.570
424	850.600
428	851.960
429	850.740
430	850.690
431	850.900
433	851.430
434	851.250
435	851.180
437	851.580
443	851.150
444	851.860
452	851.440
453	851.860
457	851.390
461	850.700
462	851.050
464	851.880
472	850.550
478	851.830
479	850.910
488	851.810
491	851.610
495	851.690
496	850.620
498	851.610
499	850.510
1	853.410
3	853.130
7	853.230
8	852.750
12	852.460
14	852.090
15	853.050
16	852.350
17	853.490
20	853.360
24	853.150
27	853.040
28	852.580
30	852.600
31	852.500
33	853.050
40	852.390
41	852.060
43	853.350
45	853.420
46	852.930
47	852.650
49	852.820
50	853.120
52	852.130
53	853.120
59	852.660
62	852.450
64	853.100
66	852.880
67	852.360
71	852.770
72	853.210
78	852.050
79	852.160
80	852.770
82	852.570
87	852.360
90	852.370
92	853.050
93	852.770
97	852.990
104	852.960
106	852.360
109	852.460
110	853.420
112	852.290
113	852.200
115	853.450
122	852.270
127	853.400
129	852.090
132	853.380
134	852.990
139	852.630
142	852.880
144	852.990
147	853.220
149	853.240
154	852.590
156	852.300
157	853.410
158	852.320
161	853.160
164	852.320
165	852.300
167	852.430
170	852.620
173	853.410
175	852.810
176	852.710
178	852.950
182	853.450
183	852.010
187	853.230
189	852.350
191	852.280
192	852.480
194	853.450
198	853.150
201	852.830
205	852.270
206	852.220
216	852.810
221	853.040
225	852.810
226	853.000
228	853.180
231	852.930
233	852.880
234	852.310
235	852.410
241	853.170
242	852.990
244	853.350
246	852.260
247	852.690
251	852.700
252	853.340
253	852.950
254	852.800
255	852.480
256	852.690
257	852.880
258	852.800
260	852.310
261	853.190
265	853.300
268	853.420
269	853.370
270	852.620
271	852.050
272	852.930
273	852.350
275	852.310
278	853.500
280	852.340
283	853.180
284	852.210
289	852.870
291	853.150
292	852.350
295	852.650
296	852.920
297	853.070
298	853.390
299	852.470
301	853.450
304	853.180
306	852.590
309	852.690
310	852.080
311	852.200
314	853.110
315	853.180
321	852.480
322	852.010
323	852.950
327	852.670
329	852.590
331	852.010
332	852.860
333	852.280
334	853.180
338	852.240
340	853.160
341	852.190
342	852.940
346	853.010
349	853.060
352	852.310
353	853.410
356	852.810
358	852.430
360	852.070
361	853.130
362	852.940
363	852.710
368	852.780
371	852.560
375	853.030
376	852.580
377	852.730
378	853.490
383	852.560
384	853.230
386	853.110
388	852.350
389	852.340
391	852.980
393	852.740
399	853.170
402	852.800
403	852.710
404	852.640
405	853.190
406	852.850
409	852.650
410	852.130
411	853.300
412	852.630
415	853.020
417	852.780
419	852.440
423	852.430
424	852.760
429	852.930
431	852.910
433	853.440
434	853.260
435	853.190
436	852.180
443	853.160
446	852.320
452	853.450
457	853.400
459	852.500
460	852.870
461	852.710
462	853.060
463	853.030
467	852.920
468	853.330
469	852.930
472	852.560
473	852.160
479	852.920
483	852.510
486	852.240
487	852.400
489	852.250
492	852.370
496	852.630
497	852.730
499	852.520
500	852.310
4	854.450
6	853.550
8	854.760
9	853.740
10	854.730
11	853.650
12	854.470
13	854.250
14	854.100
16	854.360
19	853.720
25	854.690
30	854.610
31	854.650
32	854.090
34	853.960
35	854.530
37	853.730
39	853.880
40	854.400
41	854.070
42	854.620
44	853.960
46	854.940
47	854.660
48	854.920
49	854.830
51	853.600
52	854.140
54	853.930
55	853.670
56	853.710
57	853.590
58	853.600
59	854.670
60	854.060
61	853.940
62	854.460
66	854.890
67	854.370
68	853.910
71	854.780
75	854.080
76	854.090
78	854.060
79	854.170
82	854.580
83	853.800
85	853.540
86	854.440
87	854.370
89	853.750
90	854.840
91	854.260
93	854.780
97	855.000
98	853.600
99	853.900
100	854.580
104	854.970
106	854.370
107	853.800
111	853.520
112	854.300
118	853.590
120	853.730
122	854.280
125	853.830
129	854.100
130	854.680
134	855.000
135	854.590
136	853.840
139	854.640
140	853.840
141	853.650
142	854.890
143	853.810
144	855.000
145	854.520
146	853.620
148	853.570
150	853.960
152	854.020
154	854.600
155	853.670
156	854.310
158	854.330
163	854.300
164	854.330
165	854.310
167	854.440
168	854.240
170	854.630
171	853.780
174	853.950
175	854.820
176	854.720
177	854.530
178	854.960
180	854.950
184	854.100
186	853.540
189	854.360
190	853.850
191	854.290
192	854.920
193	855.000
195	854.000
196	853.980
199	853.780
200	853.960
201	854.840
202	854.010
203	853.840
206	854.230
209	853.980
210	853.530
213	853.850
214	853.830
216	854.820
217	853.940
218	853.840
219	853.600
222	854.540
225	854.820
230	853.700
231	854.940
232	853.610
233	854.890
234	854.320
235	854.420
236	854.260
240	853.690
242	855.000
245	853.810
246	854.270
247	854.700
248	853.580
250	853.860
251	854.710
253	854.960
255	854.490
256	854.700
257	854.890
258	854.810
260	854.320
263	853.770
264	854.140
266	853.960
267	854.810
270	854.630
271	854.060
272	854.940
273	854.360
274	854.890
275	854.320
276	854.190
279	854.310
280	854.560
284	854.220
288	853.680
292	854.360
293	853.970
295	854.660
296	854.930
299	854.480
300	854.000
302	854.010
305	854.690
306	854.600
307	854.530
309	854.700
310	854.090
311	854.210
313	853.720
316	853.560
318	854.450
320	853.530
321	854.490
322	854.020
323	854.960
327	854.680
328	854.840
329	854.600
330	853.590
331	854.020
332	854.870
333	854.290
336	853.730
338	854.250
339	854.640
341	854.200
342	854.950
343	853.990
344	854.290
350	853.780
352	854.320
356	854.820
358	854.440
360	854.080
362	854.950
363	854.720
365	853.880
368	854.790
369	853.830
370	853.530
371	854.570
373	854.130
374	853.650
376	854.590
379	854.220
381	854.670
383	854.570
388	854.360
389	854.350
390	854.150
391	854.990
393	854.750
394	853.790
395	854.400
397	853.970
401	853.620
402	854.810
403	854.720
404	854.650
406	854.860
407	854.360
409	854.660
410	854.270
412	854.640
413	854.310
414	853.580
417	854.790
419	854.450
421	854.090
422	854.900
423	854.440
424	854.770
426	854.130
428	854.700
430	853.720
431	854.920
432	853.660
436	854.190
437	853.590
438	853.820
439	853.710
440	854.970
444	853.900
446	854.330
448	854.840
450	854.740
453	853.870
455	854.880
459	854.510
460	854.880
461	854.720
464	854.170
465	854.260
466	854.990
467	854.930
469	854.940
470	854.190
472	854.570
473	854.170
477	854.620
478	853.840
479	854.930
480	853.940
482	853.710
483	854.520
484	854.360
485	854.600
486	854.250
487	854.410
488	853.820
489	854.260
491	853.620
493	854.530
495	853.700
496	854.640
497	854.740
498	853.620
499	854.530
500	854.320
1	855.420
3	855.140
4	856.460
6	855.560
7	855.240
9	855.750
11	855.660
12	856.480
13	856.260
14	856.110
15	855.060
16	856.370
17	855.500
19	855.730
20	855.370
21	856.010
24	855.160
26	856.060
27	855.050
28	855.890
29	856.280
32	856.100
33	855.060
34	855.970
37	855.860
39	855.890
40	856.410
41	856.080
43	855.360
44	855.970
45	855.430
50	855.130
51	855.610
52	856.150
53	855.130
54	855.940
55	855.680
56	855.720
57	855.600
58	855.610
61	855.950
62	856.470
63	855.860
64	855.110
67	856.380
68	855.920
69	855.050
72	855.220
74	855.840
75	856.090
76	856.100
77	856.170
78	856.070
79	856.180
83	855.810
85	855.550
86	856.450
87	856.380
88	855.590
89	855.760
91	856.270
92	855.060
95	855.540
98	855.610
99	855.910
101	855.980
102	855.740
105	855.560
106	856.380
107	855.810
108	856.490
110	855.430
111	855.530
112	856.310
113	855.320
115	855.460
116	855.920
117	855.340
118	855.600
119	856.040
120	855.740
121	855.980
122	856.290
124	856.040
125	855.840
127	855.410
128	856.370
129	856.110
132	855.390
133	855.580
136	855.850
137	855.150
141	855.660
143	855.820
146	855.630
147	855.230
148	855.580
149	855.250
150	855.970
152	856.030
153	855.040
155	855.680
156	856.320
157	855.420
158	856.340
159	855.630
163	856.310
164	856.340
165	856.320
166	856.170
167	856.450
168	856.250
173	855.420
174	855.960
182	855.460
184	856.110
185	855.140
186	855.550
187	855.240
188	855.940
189	856.370
190	855.860
191	856.300
194	855.460
195	856.010
196	855.990
197	855.950
198	855.160
199	855.790
200	856.270
202	856.020
203	855.850
204	855.530
205	855.090
206	856.240
207	855.380
208	855.790
209	855.990
210	855.540
211	855.040
213	856.010
214	855.840
215	856.170
217	855.950
218	855.850
219	855.610
220	855.910
221	855.050
223	855.840
226	855.010
228	855.190
230	855.710
232	855.620
234	856.330
235	856.430
236	856.270
237	856.090
238	855.040
239	855.390
240	856.220
241	855.180
243	855.080
244	855.360
245	855.980
246	856.280
248	855.590
249	855.680
250	855.870
252	855.350
254	855.820
255	856.500
260	856.330
261	855.200
262	856.150
263	855.780
264	856.150
265	855.310
266	855.970
268	855.430
269	855.380
271	856.070
273	856.370
275	856.330
276	856.290
277	856.310
278	855.510
279	856.320
281	855.550
282	855.380
283	855.190
284	856.230
285	855.050
287	856.120
288	855.690
291	855.160
292	856.370
293	855.980
294	855.050
297	855.080
298	855.400
299	856.490
300	856.010
301	855.460
302	856.020
304	855.800
308	855.710
310	856.100
311	856.220
312	855.300
313	855.730
314	855.120
315	855.550
316	855.570
319	855.060
320	855.540
321	856.500
322	856.030
324	855.820
325	855.410
326	856.140
330	855.600
331	856.030
333	856.300
334	855.190
336	855.740
338	856.260
340	855.200
341	856.210
343	856.120
344	856.300
345	855.690
346	855.020
347	855.240
349	855.070
350	855.790
351	855.110
352	856.330
353	855.420
358	856.450
359	855.010
360	856.090
361	855.140
365	855.890
367	855.410
369	855.840
370	855.540
373	856.140
374	855.660
375	855.040
377	855.030
378	855.500
379	856.230
380	855.620
382	856.150
384	855.240
386	855.120
388	856.370
389	856.360
390	856.160
392	855.390
394	855.800
395	856.410
397	855.980
398	855.740
399	855.180
401	855.630
405	855.200
407	856.370
408	856.340
410	856.280
411	855.310
413	856.320
414	855.590
415	855.030
419	856.460
420	855.660
421	856.100
423	856.450
426	856.140
427	856.310
430	855.730
432	855.670
433	855.450
434	855.270
435	855.200
436	856.200
437	855.600
438	855.830
439	855.720
443	855.170
444	855.910
446	856.340
451	856.050
452	855.460
453	855.880
454	855.970
456	855.290
457	855.410
458	855.270
462	855.070
463	855.040
464	856.180
465	856.270
468	855.340
470	856.200
471	855.740
473	856.180
474	855.640
475	855.350
478	855.850
480	855.950
481	855.800
482	855.840
486	856.260
487	856.420
488	855.830
490	855.410
491	855.630
492	855.210
494	855.040
495	855.710
498	855.630
500	856.330
1	857.430
2	857.460
3	857.150
6	857.570
7	857.250
8	856.770
9	857.760
10	856.740
11	857.670
15	857.070
17	857.510
18	857.480
19	857.740
20	857.380
22	856.900
23	857.070
24	857.170
25	856.700
27	857.060
28	857.900
30	856.620
31	856.660
33	857.070
34	857.980
35	856.540
36	857.170
37	857.870
38	857.890
39	857.900
42	856.630
43	857.370
44	857.980
45	857.440
46	856.950
48	856.930
49	856.840
50	857.140
51	857.620
53	857.140
54	857.950
55	857.690
56	857.730
57	857.610
58	857.620
59	856.680
60	856.940
61	857.960
63	857.870
65	857.960
66	856.900
68	857.930
69	857.060
70	856.900
71	856.790
72	857.230
73	856.880
74	857.850
82	856.590
83	857.820
84	856.550
85	857.560
88	857.600
89	857.770
90	856.850
92	857.070
93	856.790
95	857.550
97	857.010
98	857.620
99	857.920
100	856.590
101	857.990
102	857.750
104	856.980
105	857.570
107	857.820
109	857.230
110	857.440
111	857.540
113	857.330
115	857.470
116	857.930
117	857.350
118	857.610
120	857.750
121	857.990
125	857.850
127	857.420
130	856.690
131	856.920
132	857.400
133	857.590
134	857.010
135	856.600
136	857.860
137	857.290
139	856.650
140	857.040
141	857.670
142	856.900
143	857.830
144	857.010
145	856.530
146	857.640
147	857.240
148	857.590
149	857.260
150	857.980
151	857.040
153	857.050
154	856.610
155	857.690
157	857.430
159	857.640
162	857.940
170	856.640
171	856.520
173	857.430
174	857.970
175	856.830
176	856.730
177	856.540
178	856.970
180	856.960
182	857.470
183	857.640
185	857.150
186	857.560
187	857.250
188	857.950
190	857.870
192	856.930
193	857.010
194	857.470
196	858.000
197	857.960
198	857.170
199	857.800
201	856.850
203	857.860
204	857.540
205	857.100
207	857.390
208	857.800
209	858.000
210	857.550
211	857.050
214	857.870
216	856.830
217	857.960
218	857.860
219	857.620
220	857.920
221	857.060
222	856.550
223	857.850
224	856.560
225	856.830
226	857.020
228	857.200
230	857.720
231	856.950
232	857.630
233	856.900
238	857.050
239	857.400
241	857.190
242	857.010
243	857.090
244	857.370
245	857.990
247	856.710
248	857.600
249	857.690
250	857.880
251	856.720
252	857.360
253	856.970
256	856.710
257	856.900
258	856.820
259	856.930
261	857.210
263	857.790
265	857.320
266	857.980
267	856.820
268	857.440
269	857.390
270	856.640
272	856.950
274	856.900
278	857.520
280	856.570
281	857.560
282	857.390
283	857.200
285	857.060
286	856.540
288	857.700
289	857.200
290	857.580
291	857.170
293	857.990
294	857.060
295	856.670
296	856.940
297	857.090
298	857.410
301	857.470
303	857.060
304	857.810
305	856.700
306	856.610
307	857.520
308	857.720
309	856.710
312	857.310
313	857.740
314	857.130
315	857.560
316	857.580
318	856.740
319	857.070
320	857.550
323	856.970
324	857.830
325	857.420
327	856.690
328	856.850
329	856.610
330	857.610
332	856.880
334	857.200
335	856.570
336	857.750
339	856.650
340	857.210
342	856.960
346	857.030
347	857.250
348	857.690
349	857.080
350	857.800
351	857.120
353	857.430
354	856.530
355	856.870
356	856.830
359	857.020
361	857.150
362	856.960
363	856.730
364	856.950
365	857.900
366	857.420
367	857.640
368	856.800
369	857.850
370	857.550
371	856.580
374	857.670
375	857.050
376	856.600
377	857.040
378	857.510
380	857.630
381	856.680
383	856.580
384	857.250
386	857.130
387	857.250
391	857.000
392	857.400
393	856.760
394	857.810
396	857.000
397	857.990
398	857.750
399	857.190
400	856.870
401	857.640
402	856.820
403	856.730
404	856.660
405	857.210
406	856.870
409	856.670
411	857.320
412	856.650
414	857.600
415	857.040
416	857.320
417	856.800
418	856.530
420	857.670
422	856.910
424	856.780
425	857.770
430	857.740
431	856.930
432	857.680
433	857.460
434	857.280
435	857.210
437	857.610
438	857.840
439	857.730
440	856.980
441	857.050
442	856.760
443	857.180
444	857.920
448	856.850
450	856.750
452	857.470
453	857.890
454	857.980
455	856.890
456	857.300
457	857.420
458	857.280
459	856.520
460	856.890
461	856.730
462	857.080
463	857.050
466	857.000
467	856.940
468	857.350
469	856.950
471	857.750
472	856.580
474	857.650
475	857.360
477	856.630
478	857.860
479	856.940
480	857.960
481	857.810
482	857.850
483	856.530
484	856.690
485	856.610
488	857.840
489	857.560
490	857.420
491	857.640
492	857.220
493	856.540
494	857.050
495	857.720
496	856.650
497	856.750
498	857.640
499	856.540
1	859.440
2	859.470
3	859.160
4	858.470
5	858.840
7	859.260
8	858.780
10	858.750
12	858.490
13	858.270
14	858.120
15	859.080
16	858.380
18	859.490
20	859.390
21	858.020
22	858.910
23	859.080
24	859.180
25	858.710
26	858.070
27	859.070
29	858.290
30	858.630
31	858.670
32	858.110
33	859.080
35	858.550
36	859.180
40	858.420
41	858.090
42	858.640
43	859.380
45	859.450
46	858.960
47	859.370
48	858.940
49	858.850
50	859.150
52	858.160
53	859.150
59	858.690
60	858.950
62	858.480
64	858.200
66	858.910
67	858.390
69	859.070
70	858.910
71	858.800
72	859.240
73	858.890
75	858.100
76	858.110
77	858.180
78	858.080
79	858.190
80	858.470
81	858.590
82	858.600
84	858.560
86	858.460
87	858.390
90	858.860
91	858.280
92	859.080
93	858.800
96	858.160
97	859.020
100	858.600
103	858.660
104	858.990
106	858.390
108	858.500
109	859.240
110	859.450
112	858.320
113	859.340
114	858.130
115	859.480
117	859.360
119	858.050
122	858.300
123	859.390
124	858.050
126	859.140
127	859.430
128	858.380
129	858.120
130	858.700
131	858.930
132	859.410
134	859.020
135	858.610
137	859.300
139	858.660
140	859.050
142	858.910
144	859.020
145	858.540
147	859.250
149	859.270
151	859.050
152	858.040
153	859.060
154	858.620
156	858.330
157	859.440
158	858.350
160	858.090
161	858.610
163	858.320
164	858.350
165	858.330
166	858.180
167	858.460
168	858.260
170	858.650
171	858.530
172	858.400
173	859.440
175	858.840
176	858.740
177	858.550
178	858.980
179	859.380
180	858.970
181	858.090
182	859.480
184	858.120
185	859.160
187	859.260
189	858.380
191	858.310
192	858.940
193	859.020
194	859.480
195	858.020
198	859.180
200	858.280
201	858.860
202	858.030
205	859.110
206	858.250
207	859.400
211	859.060
212	858.580
213	858.020
215	858.180
216	858.840
221	859.070
222	858.560
224	858.570
225	858.840
226	859.030
228	859.210
229	858.300
231	858.960
233	858.910
234	858.340
235	858.440
236	858.280
237	858.100
238	859.060
239	859.410
240	858.230
241	859.200
242	859.020
243	859.100
244	859.380
246	858.290
247	858.720
251	858.730
252	859.370
253	858.980
254	858.010
255	858.510
256	858.720
257	858.910
258	858.830
259	858.940
260	858.340
261	859.220
262	858.160
264	858.160
265	859.330
267	858.830
268	859.450
269	859.400
270	858.650
271	858.080
272	858.960
273	858.380
274	858.910
275	858.340
276	858.300
277	858.320
279	858.330
280	858.580
282	859.400
283	859.210
284	858.240
285	859.070
286	858.550
287	858.130
289	859.210
291	859.180
292	858.380
294	859.070
295	858.680
296	858.950
297	859.100
298	859.420
299	858.500
300	858.020
301	859.480
302	858.030
303	859.070
305	858.710
306	858.620
309	858.720
310	858.110
311	858.230
312	859.320
314	859.140
318	858.750
319	859.080
321	858.510
322	858.040
323	858.980
325	859.430
326	858.150
327	858.700
328	858.860
329	858.620
331	858.040
332	858.890
333	858.310
334	859.210
335	858.580
337	858.550
338	858.270
339	858.660
340	859.220
341	858.220
342	858.970
343	858.130
344	858.310
346	859.040
347	859.260
349	859.090
351	859.130
352	858.510
353	859.440
354	858.540
355	858.880
356	858.840
357	859.400
358	858.460
359	859.030
360	858.100
361	859.160
362	858.970
363	858.740
364	858.960
366	859.430
368	858.810
371	858.590
373	858.150
375	859.060
376	858.610
377	859.050
379	858.240
381	858.690
382	858.160
383	858.590
384	859.260
386	859.140
387	859.260
388	858.380
389	858.370
390	858.170
391	859.010
392	859.410
393	858.770
395	858.420
396	859.010
399	859.200
400	858.880
402	858.830
403	858.740
404	858.670
405	859.220
406	858.880
407	858.380
408	858.350
409	858.680
410	858.290
411	859.330
412	858.660
413	858.330
415	859.050
416	859.330
417	858.810
418	858.540
419	858.470
421	858.110
422	858.920
423	858.460
424	858.790
426	858.150
427	858.320
428	858.730
429	859.020
431	858.940
433	859.470
434	859.290
435	859.220
436	858.210
440	858.990
441	859.060
442	858.770
443	859.190
445	858.520
446	858.350
447	858.950
448	858.860
449	858.910
450	858.760
451	858.060
452	859.480
455	858.900
456	859.310
457	859.430
458	859.290
459	858.530
460	858.900
461	858.740
462	859.090
463	859.060
464	858.190
465	858.280
466	859.010
467	858.950
468	859.360
469	858.960
470	858.210
472	858.590
473	858.190
475	859.370
476	858.780
477	858.640
479	858.950
483	858.540
484	858.700
485	858.620
486	858.270
487	858.430
490	859.430
492	859.230
493	858.550
494	859.060
496	858.660
497	858.760
499	858.550
500	858.340
4	860.480
5	860.850
6	859.580
8	860.790
9	859.770
10	860.760
11	859.680
12	860.500
13	860.280
14	860.130
16	860.390
17	859.520
19	859.750
21	860.030
22	860.920
25	860.720
26	860.080
28	859.910
29	860.300
30	860.640
31	860.680
32	860.120
34	859.990
35	860.560
37	859.880
38	859.900
39	859.910
40	860.430
41	860.100
42	860.650
44	859.990
46	860.970
48	860.950
49	860.860
51	859.630
52	860.170
54	859.960
55	859.700
56	859.740
57	859.620
58	859.630
59	860.700
60	860.960
61	859.970
62	860.490
63	859.880
64	860.210
65	859.970
66	860.920
67	860.400
68	859.940
70	860.920
71	860.810
73	860.900
74	859.860
75	860.110
76	860.120
77	860.190
78	860.090
79	860.200
80	860.480
81	860.600
82	860.610
83	859.830
84	860.570
85	859.570
86	860.470
87	860.400
88	859.610
89	859.780
90	860.870
91	860.290
93	860.810
95	859.560
96	860.170
98	859.630
99	859.930
100	860.610
101	860.000
102	859.760
103	860.670
104	861.000
105	859.580
106	860.400
107	859.830
108	860.510
111	859.550
112	860.330
114	860.140
116	859.940
118	859.620
119	860.060
120	859.760
121	860.000
122	860.310
124	860.060
125	859.860
128	860.390
129	860.130
130	860.710
131	860.940
133	859.600
135	860.620
136	859.870
138	859.840
139	860.670
141	859.680
142	860.920
143	859.840
145	860.550
146	859.650
148	859.600
150	859.990
152	860.050
154	860.630
155	859.700
156	860.340
158	860.360
159	859.650
160	860.100
161	860.620
162	859.950
163	860.330
164	860.360
165	860.340
166	860.190
167	860.470
168	860.270
170	860.660
171	860.540
172	860.410
174	859.980
175	860.850
176	860.750
177	860.560
178	860.990
180	860.980
181	860.100
183	859.650
184	860.130
186	859.570
188	859.960
189	860.390
190	859.880
191	860.320
192	860.950
195	860.030
196	860.010
197	859.970
199	859.810
200	860.290
201	860.870
202	860.040
203	859.870
204	859.550
206	860.260
208	859.810
209	860.010
210	859.560
212	860.590
213	860.030
214	859.880
215	860.190
216	860.850
217	859.970
218	859.870
219	859.630
220	859.930
222	860.570
223	859.860
224	860.580
225	860.850
227	859.690
229	860.310
230	859.730
231	860.970
232	859.640
233	860.920
234	860.350
235	860.450
236	860.290
237	860.110
240	860.240
245	860.000
246	860.300
247	860.730
248	859.610
249	859.700
250	859.890
251	860.740
253	860.990
254	860.020
255	860.520
256	860.730
257	860.920
258	860.840
259	860.950
260	860.350
262	860.170
263	859.800
264	860.170
266	859.990
267	860.840
270	860.660
271	860.090
272	860.970
273	860.390
274	860.920
275	860.350
276	860.310
277	860.330
278	859.530
279	860.340
280	860.590
281	859.570
284	860.250
286	860.560
287	860.140
288	859.710
290	859.590
292	860.390
293	860.000
295	860.690
296	860.960
299	860.510
300	860.030
302	860.040
304	859.820
305	860.720
306	860.630
307	859.530
308	859.730
309	860.730
310	860.120
311	860.240
313	859.750
315	859.570
316	859.590
317	860.670
318	860.760
320	859.560
321	860.520
322	860.050
323	860.990
324	859.840
326	860.160
327	860.710
328	860.870
329	860.630
330	859.620
331	860.050
332	860.900
333	860.320
335	860.590
336	859.760
337	860.560
338	860.280
339	860.670
341	860.230
342	860.980
343	860.140
344	860.320
345	859.880
348	859.700
350	859.810
352	860.520
354	860.550
355	860.890
356	860.850
358	860.470
360	860.110
362	860.980
363	860.750
364	860.970
365	859.910
367	859.650
368	860.820
369	859.860
370	859.560
371	860.600
372	859.760
373	860.160
374	859.680
376	860.620
378	859.520
379	860.250
380	859.640
381	860.700
382	860.170
383	860.600
385	859.610
388	860.390
389	860.380
390	860.180
393	860.780
394	859.820
395	860.430
397	860.000
398	859.760
400	860.890
401	859.650
402	860.840
403	860.750
404	860.680
406	860.890
407	860.390
408	860.360
409	860.690
410	860.300
412	860.670
413	860.340
414	859.610
417	860.820
418	860.550
419	860.480
420	859.680
421	860.120
422	860.930
423	860.470
424	860.800
425	859.780
426	860.160
427	860.330
428	860.740
430	859.750
431	860.950
432	859.690
436	860.220
437	859.620
438	859.850
439	859.740
440	861.000
442	860.780
444	859.930
445	860.530
446	860.360
447	860.960
448	860.870
449	860.920
450	860.770
451	860.070
453	859.900
454	859.990
455	860.910
459	860.540
460	860.910
461	860.750
464	860.200
465	860.290
467	860.960
469	860.970
470	860.220
471	859.760
472	860.600
473	860.200
474	859.660
476	860.790
477	860.650
478	859.870
479	860.960
480	859.970
481	859.820
482	859.860
483	860.550
484	860.710
485	860.630
486	860.280
487	860.440
488	859.850
489	859.570
491	859.650
493	860.560
495	859.730
496	860.670
497	860.770
498	859.650
499	860.560
500	860.350
1	861.450
2	861.480
3	861.170
4	862.490
6	861.590
7	861.270
9	861.780
11	861.690
13	862.290
14	862.140
15	861.090
16	862.400
17	861.530
18	861.500
19	861.760
20	861.400
21	862.040
23	861.090
24	861.190
26	862.090
27	861.080
28	861.920
29	862.310
32	862.130
33	861.090
34	862.000
36	861.190
37	861.890
38	861.910
39	861.920
40	862.440
41	862.110
43	861.390
44	862.000
45	861.460
47	861.380
50	861.160
51	861.640
52	862.180
53	861.160
54	861.970
55	861.710
56	861.750
57	861.630
58	861.640
61	861.980
62	862.500
63	861.890
64	862.220
65	861.980
67	862.410
68	861.950
69	861.080
72	861.250
74	861.870
75	862.120
76	862.130
77	862.200
78	862.100
79	862.210
80	862.490
83	861.840
85	861.580
86	862.480
87	862.410
88	861.620
89	861.790
91	862.300
92	861.090
94	861.280
95	861.570
96	862.180
97	861.030
98	861.640
99	861.940
101	862.010
102	861.770
105	861.590
106	862.410
107	861.840
109	861.250
110	861.460
111	861.560
112	862.340
113	861.350
114	862.150
115	861.490
116	861.950
117	861.370
118	861.630
119	862.070
120	861.770
121	862.010
122	862.320
123	861.400
124	862.070
125	861.870
126	861.150
127	861.440
128	862.400
129	862.140
132	861.420
133	861.610
134	861.030
136	861.880
137	861.310
138	861.850
140	861.060
141	861.690
143	861.850
144	861.030
146	861.660
147	861.260
148	861.610
149	861.280
150	862.000
151	861.060
152	862.060
153	861.070
155	861.710
156	862.350
157	861.450
158	862.370
159	861.660
160	862.110
162	861.960
163	862.340
164	862.370
165	862.350
166	862.200
167	862.480
168	862.280
169	861.180
172	862.420
173	861.450
174	861.990
179	861.390
181	862.110
182	861.490
183	861.660
184	862.140
185	861.170
186	861.580
187	861.270
188	861.970
189	862.400
190	861.890
191	862.330
193	861.030
194	861.490
195	862.040
196	862.020
197	861.980
198	861.190
199	861.820
200	862.300
202	862.050
203	861.880
204	861.560
205	861.120
206	862.270
207	861.410
208	861.820
209	862.020
210	861.570
211	861.070
213	862.040
214	861.890
215	862.200
217	861.980
218	861.880
219	861.640
220	861.940
221	861.080
223	861.870
226	861.040
227	861.700
228	861.220
229	862.320
230	861.740
232	861.650
234	862.360
235	862.460
236	862.300
237	862.120
238	861.070
239	861.420
240	862.250
241	861.210
242	861.030
243	861.110
244	861.390
245	862.010
246	862.310
248	861.620
249	861.710
250	861.900
252	861.380
254	862.030
260	862.360
261	861.230
262	862.180
263	861.810
264	862.180
265	861.340
266	862.000
268	861.460
269	861.410
271	862.100
273	862.400
275	862.360
276	862.320
277	862.340
278	861.540
279	862.350
281	861.580
282	861.410
283	861.220
284	862.260
285	861.080
287	862.150
288	861.720
289	861.220
290	861.600
291	861.190
292	862.400
293	862.010
294	861.080
297	861.110
298	861.430
300	862.040
301	861.490
302	862.050
303	861.080
304	861.830
307	861.540
308	861.740
310	862.130
311	862.250
312	861.330
313	861.760
314	861.150
315	861.580
316	861.600
319	861.090
320	861.570
322	862.060
324	861.850
325	861.440
326	862.170
330	861.630
331	862.060
333	862.330
334	861.220
336	861.770
338	862.290
340	861.230
341	862.240
343	862.150
344	862.330
345	861.890
346	861.050
347	861.270
348	861.710
349	861.100
350	861.820
351	861.140
353	861.450
357	861.410
358	862.480
359	861.040
360	862.120
361	861.170
365	861.920
366	861.440
367	861.660
369	861.870
370	861.570
372	861.770
373	862.170
374	861.690
375	861.070
377	861.060
378	861.530
379	862.260
380	861.650
382	862.180
384	861.270
385	861.620
386	861.150
387	861.270
388	862.400
389	862.390
390	862.190
391	861.020
392	861.420
394	861.830
395	862.440
396	861.020
397	862.010
398	861.770
399	861.210
401	861.660
405	861.230
407	862.400
408	862.370
410	862.310
411	861.340
413	862.350
414	861.620
415	861.060
416	861.340
419	862.490
420	861.690
421	862.130
423	862.480
425	861.790
426	862.170
427	862.340
429	861.030
430	861.760
432	861.700
433	861.480
434	861.300
435	861.230
436	862.230
437	861.630
438	861.860
439	861.750
441	861.070
443	861.200
444	861.940
446	862.370
451	862.080
452	861.490
453	861.910
454	862.000
456	861.320
457	861.440
458	861.300
462	861.100
463	861.070
464	862.210
465	862.300
466	861.020
468	861.370
470	862.230
471	861.770
473	862.210
474	861.670
475	861.380
478	861.880
480	861.980
481	861.830
482	861.870
486	862.290
487	862.450
488	861.860
489	861.580
490	861.440
491	861.660
492	861.240
494	861.070
495	861.740
498	861.660
500	862.360
1	863.460
2	863.490
3	863.180
5	862.860
6	863.600
7	863.280
8	862.800
9	863.790
10	862.770
11	863.700
12	862.510
15	863.100
17	863.540
18	863.510
19	863.770
20	863.410
22	862.930
23	863.100
24	863.200
25	862.730
27	863.090
28	863.930
30	862.650
31	862.690
33	863.100
35	862.570
36	863.200
37	863.900
38	863.920
39	863.930
42	862.660
43	863.400
45	863.470
46	862.980
47	863.390
48	862.960
49	862.870
50	863.170
51	863.650
53	863.170
54	863.980
55	863.720
56	863.760
57	863.640
58	863.650
59	862.710
60	862.970
61	863.990
63	863.900
65	863.990
66	862.930
68	863.960
69	863.090
70	862.930
71	862.820
72	863.260
73	862.910
74	863.880
81	862.610
82	862.620
83	863.850
84	862.580
85	863.590
88	863.630
89	863.800
90	862.880
92	863.100
93	862.820
94	863.290
95	863.580
97	863.040
98	863.650
99	863.950
100	862.620
102	863.780
103	862.680
104	863.010
105	863.600
107	863.850
108	862.520
109	863.260
110	863.470
111	863.570
113	863.360
115	863.500
116	863.960
117	863.380
118	863.640
120	863.780
123	863.410
125	863.880
126	863.160
127	863.450
130	862.720
131	862.950
132	863.430
133	863.620
134	863.040
135	862.630
136	863.890
137	863.320
138	863.860
139	862.680
140	863.070
141	863.700
142	862.930
143	863.860
144	863.040
145	862.560
146	863.670
147	863.270
148	863.620
149	863.290
151	863.070
153	863.080
154	862.640
155	863.720
157	863.460
159	863.670
161	862.630
162	863.970
169	863.190
170	862.670
171	862.550
173	863.460
174	864.000
175	862.860
176	862.760
177	862.570
178	863.000
179	863.400
180	862.990
182	863.500
183	863.670
185	863.180
186	863.590
187	863.280
188	863.980
190	863.900
192	862.960
193	863.040
194	863.500
197	863.990
198	863.200
199	863.830
201	862.880
203	863.890
204	863.570
205	863.130
207	863.420
208	863.830
210	863.580
211	863.080
212	862.600
214	863.900
216	862.860
217	863.990
218	863.890
219	863.650
220	863.950
221	863.090
222	862.580
223	863.880
224	862.590
225	862.860
226	863.050
227	863.710
228	863.230
230	863.750
231	862.980
232	863.660
233	862.930
238	863.080
239	863.430
241	863.220
242	863.040
243	863.120
244	863.400
247	862.740
248	863.630
249	863.720
250	863.910
251	862.750
252	863.390
253	863.000
255	862.530
256	862.740
257	862.930
258	862.850
259	862.960
261	863.240
263	863.820
265	863.350
267	862.850
268	863.470
269	863.420
270	862.670
272	862.980
274	862.930
278	863.550
280	862.600
281	863.590
282	863.420
283	863.230
285	863.090
286	862.570
288	863.730
289	863.230
290	863.610
291	863.200
294	863.090
295	862.700
296	862.970
297	863.120
298	863.440
299	862.520
301	863.500
303	863.090
304	863.840
305	862.730
306	862.640
307	863.550
308	863.750
309	862.740
312	863.340
313	863.770
314	863.160
315	863.590
316	863.610
317	862.680
318	862.770
319	863.100
320	863.580
321	862.530
323	863.000
324	863.860
325	863.450
327	862.720
328	862.880
329	862.640
330	863.640
332	862.910
334	863.230
335	862.600
336	863.780
337	862.570
339	862.680
340	863.240
342	862.990
345	863.900
346	863.060
347	863.280
348	863.720
349	863.110
350	863.830
351	863.150
352	862.530
353	863.460
354	862.560
355	862.900
356	862.860
357	863.420
359	863.050
361	863.180
362	862.990
363	862.760
364	862.980
365	863.930
366	863.450
367	863.670
368	862.830
369	863.880
370	863.580
371	862.610
372	863.780
374	863.700
375	863.080
376	862.630
377	863.070
378	863.540
380	863.660
381	862.710
383	862.610
384	863.280
385	863.630
386	863.160
387	863.280
391	863.030
392	863.430
393	862.790
394	863.840
396	863.030
398	863.780
399	863.220
400	862.900
401	863.670
402	862.850
403	862.760
404	862.690
405	863.240
406	862.900
409	862.700
411	863.350
412	862.680
414	863.630
415	863.070
416	863.350
417	862.830
418	862.560
420	863.700
422	862.940
424	862.810
425	863.800
428	862.750
429	863.040
430	863.770
431	862.960
432	863.710
433	863.490
434	863.310
435	863.240
437	863.640
438	863.870
439	863.760
440	863.010
441	863.080
442	862.790
443	863.210
444	863.950
445	862.540
447	862.970
448	862.880
449	862.930
450	862.780
452	863.500
453	863.920
455	862.920
456	863.330
457	863.450
458	863.310
459	862.550
460	862.920
461	862.760
462	863.110
463	863.080
466	863.030
467	862.970
468	863.380
469	862.980
471	863.780
472	862.610
474	863.680
475	863.390
476	862.800
477	862.660
478	863.890
479	862.970
480	863.990
481	863.840
482	863.880
483	862.560
484	862.720
485	862.640
488	863.870
489	863.590
490	863.450
491	863.670
492	863.250
493	862.570
494	863.080
495	863.750
496	862.680
497	862.780
498	863.670
499	862.570
1	865.470
2	865.500
3	865.190
4	864.500
5	864.870
7	865.290
8	864.810
10	864.780
12	864.520
13	864.300
14	864.150
15	865.110
16	864.410
20	865.420
21	864.050
22	864.940
23	865.110
24	865.210
25	864.740
26	864.100
27	865.100
29	864.320
30	864.660
31	864.700
32	864.140
33	865.110
34	864.010
35	864.580
36	865.210
40	864.450
41	864.120
42	864.670
43	865.410
44	864.010
45	865.480
46	864.990
47	865.400
48	864.970
49	864.880
50	865.180
52	864.190
53	865.180
59	864.720
60	864.980
62	864.510
64	864.230
66	864.940
67	864.420
69	865.100
70	864.940
71	864.830
72	865.270
73	864.920
75	864.130
76	864.140
77	864.210
78	864.110
79	864.220
80	864.500
81	864.620
82	864.630
84	864.590
86	864.490
87	864.420
90	864.890
91	864.310
92	865.110
93	864.830
94	865.300
96	864.190
97	865.050
100	864.630
101	864.020
103	864.690
104	865.020
106	864.420
108	864.530
109	865.270
110	865.480
112	864.350
113	865.370
114	864.160
117	865.390
119	864.080
121	864.020
122	864.330
123	865.420
124	864.080
126	865.170
127	865.460
128	864.410
129	864.150
130	864.730
131	864.960
132	865.440
134	865.050
135	864.640
137	865.330
139	864.690
140	865.080
142	864.940
144	865.050
145	864.570
147	865.280
149	865.300
150	864.010
151	865.080
152	864.070
153	865.090
154	864.650
156	864.360
157	865.470
158	864.380
160	864.120
161	864.640
163	864.350
164	864.380
165	864.360
166	864.210
167	864.490
168	864.290
169	865.200
170	864.680
171	864.560
172	864.430
173	865.470
175	864.870
176	864.770
177	864.580
178	865.010
179	865.410
180	865.000
181	864.120
184	864.150
185	865.190
187	865.290
189	864.410
191	864.340
192	864.970
193	865.050
195	864.050
196	864.030
198	865.210
200	864.310
201	864.890
202	864.060
205	865.140
206	864.280
207	865.430
209	864.030
211	865.090
212	864.610
213	864.050
215	864.210
216	864.870
221	865.100
222	864.590
224	864.600
225	864.870
226	865.060
228	865.240
229	864.330
231	864.990
233	864.940
234	864.370
235	864.470
236	864.310
237	864.130
238	865.090
239	865.440
240	864.260
241	865.230
242	865.050
243	865.130
244	865.410
245	864.020
246	864.320
247	864.750
251	864.760
252	865.400
253	865.010
254	864.040
255	864.540
256	864.750
257	864.940
258	864.860
259	864.970
260	864.370
261	865.250
262	864.190
264	864.190
265	865.360
266	864.010
267	864.860
268	865.480
269	865.430
270	864.680
271	864.110
272	864.990
273	864.410
274	864.940
275	864.370
276	864.330
277	864.350
279	864.360
280	864.610
282	865.430
283	865.240
284	864.270
285	865.100
286	864.580
287	864.160
289	865.240
291	865.210
292	864.410
293	864.020
294	865.100
295	864.710
296	864.980
297	865.130
298	865.450
299	864.530
300	864.050
302	864.060
303	865.100
305	864.740
306	864.650
309	864.750
310	864.140
311	864.260
312	865.350
314	865.170
317	864.690
318	864.780
319	865.110
321	864.540
322	864.070
323	865.010
325	865.460
326	864.180
327	864.730
328	864.890
329	864.650
331	864.070
332	864.920
333	864.340
334	865.240
335	864.610
337	864.580
338	864.300
339	864.690
340	865.250
341	864.250
342	865.000
343	864.160
344	864.340
346	865.070
347	865.290
349	865.120
351	865.160
352	864.540
353	865.470
354	864.570
355	864.910
356	864.870
357	865.430
358	864.490
359	865.060
360	864.130
361	865.190
362	865.000
363	864.770
364	864.990
366	865.460
368	864.840
371	864.620
373	864.180
375	865.090
376	864.640
377	865.080
379	864.270
381	864.720
382	864.190
383	864.620
384	865.290
386	865.170
387	865.290
388	864.410
389	864.400
390	864.200
391	865.040
392	865.440
393	864.800
395	864.450
396	865.040
397	864.020
399	865.230
400	864.910
402	864.860
403	864.770
404	864.700
405	865.250
406	864.910
407	864.410
408	864.380
409	864.710
410	864.320
411	865.360
412	864.690
413	864.360
415	865.080
416	865.360
417	864.840
418	864.570
419	864.500
421	864.140
422	864.950
423	864.490
424	864.820
426	864.180
427	864.350
428	864.760
429	865.050
431	864.970
433	865.500
434	865.320
435	865.250
436	864.240
440	865.020
441	865.090
442	864.800
443	865.220
445	864.550
446	864.380
447	864.980
448	864.890
449	864.940
450	864.790
451	864.090
454	864.010
455	864.930
456	865.340
457	865.460
458	865.320
459	864.560
460	864.930
461	864.770
462	865.120
463	865.090
464	864.220
465	864.310
466	865.040
467	864.980
468	865.390
469	864.990
470	864.240
472	864.620
473	864.220
475	865.400
476	864.810
477	864.670
479	864.980
483	864.570
484	864.730
485	864.650
486	864.300
487	864.460
490	865.460
492	865.260
493	864.580
494	865.090
496	864.690
497	864.790
499	864.580
500	864.370
4	866.510
5	866.880
6	865.610
8	866.820
9	865.800
10	866.790
11	865.710
12	866.530
13	866.310
14	866.160
16	866.420
17	865.550
18	865.520
19	865.780
21	866.060
22	866.950
25	866.750
26	866.110
28	865.940
29	866.330
30	866.670
31	866.710
32	866.150
34	866.020
35	866.590
37	865.910
38	865.930
39	865.940
40	866.460
41	866.130
42	866.680
44	866.020
46	867.000
48	866.980
49	866.890
51	865.660
52	866.200
54	865.990
55	865.730
56	865.770
57	865.650
58	865.660
59	866.730
60	866.990
61	866.000
62	866.520
63	865.910
64	866.240
65	866.000
66	866.950
67	866.430
68	865.970
70	866.950
71	866.840
73	866.930
74	865.890
75	866.140
76	866.150
77	866.220
78	866.120
79	866.230
80	866.510
81	866.630
82	866.640
83	865.860
84	866.600
85	865.600
86	866.500
87	866.430
88	865.640
89	865.810
90	866.900
91	866.320
93	866.840
95	865.590
96	866.200
98	865.660
99	865.960
100	866.640
101	866.030
102	865.790
103	866.700
105	865.610
106	866.430
107	865.860
108	866.540
111	865.580
112	866.360
114	866.170
115	865.510
116	865.970
118	865.650
119	866.090
120	865.790
121	866.030
122	866.340
124	866.090
125	865.890
128	866.420
129	866.160
130	866.740
131	866.970
133	865.630
135	866.650
136	865.900
138	865.870
139	866.700
141	865.710
142	866.950
143	865.870
145	866.580
146	865.680
148	865.630
150	866.020
152	866.080
154	866.660
155	865.730
156	866.370
158	866.390
159	865.680
160	866.130
161	866.650
162	865.980
163	866.360
164	866.390
165	866.370
166	866.220
167	866.500
168	866.300
170	866.690
171	866.570
172	866.440
174	866.010
175	866.880
176	866.780
177	866.590
181	866.130
182	865.510
183	865.680
184	866.160
186	865.600
188	865.990
189	866.420
190	865.910
191	866.350
192	866.980
194	865.510
195	866.060
196	866.040
197	866.000
199	865.840
200	866.320
201	866.900
202	866.070
203	865.900
204	865.580
206	866.290
208	865.840
209	866.040
210	865.590
212	866.620
213	866.060
214	865.910
215	866.220
216	866.880
217	866.000
218	865.900
219	865.660
220	865.960
222	866.600
223	865.890
224	866.610
225	866.880
227	865.720
229	866.340
230	865.760
231	867.000
232	865.670
233	866.950
234	866.380
235	866.480
236	866.320
237	866.140
240	866.270
245	866.030
246	866.330
247	866.760
248	865.640
249	865.730
250	865.920
251	866.770
254	866.050
255	866.550
256	866.760
257	866.950
258	866.870
259	866.980
260	866.380
262	866.200
263	865.830
264	866.200
266	866.020
267	866.870
270	866.690
271	866.120
272	867.000
273	866.420
274	866.950
275	866.380
276	866.340
277	866.360
278	865.560
279	866.370
280	866.620
281	865.600
284	866.280
286	866.590
287	866.170
288	865.740
290	865.620
292	866.420
293	866.030
295	866.720
296	866.990
299	866.540
300	866.060
301	865.510
302	866.070
304	865.850
305	866.750
306	866.660
307	865.560
308	865.760
309	866.760
310	866.150
311	866.270
313	865.780
315	865.600
316	865.620
317	866.700
318	866.790
320	865.590
321	866.550
322	866.080
324	865.870
326	866.190
327	866.740
328	866.900
329	866.660
330	865.650
331	866.080
332	866.930
333	866.350
335	866.620
336	865.790
337	866.590
338	866.310
339	866.700
341	866.260
343	866.170
344	866.350
345	865.910
348	865.730
350	865.840
352	866.550
354	866.580
355	866.920
356	866.880
358	866.500
360	866.140
363	866.780
364	867.000
365	865.940
367	865.680
368	866.850
369	865.890
370	865.590
371	866.630
372	865.790
373	866.190
374	865.710
376	866.650
378	865.550
379	866.280
380	865.670
381	866.730
382	866.200
383	866.630
385	865.640
388	866.420
389	866.410
390	866.210
393	866.810
394	865.850
395	866.460
397	866.030
398	865.790
400	866.920
401	865.680
402	866.870
403	866.780
404	866.710
406	866.920
407	866.420
408	866.390
409	866.720
410	866.330
412	866.700
413	866.370
414	865.640
417	866.850
418	866.580
419	866.510
420	865.710
421	866.150
422	866.960
423	866.500
424	866.830
425	865.810
426	866.190
427	866.360
428	866.770
430	865.780
431	866.980
432	865.720
436	866.250
437	865.650
438	865.880
439	865.770
442	866.810
444	865.960
445	866.560
446	866.390
447	866.990
448	866.900
449	866.950
450	866.800
451	866.100
452	865.510
453	865.930
454	866.020
455	866.940
459	866.570
460	866.940
461	866.780
464	866.230
465	866.320
467	866.990
469	867.000
470	866.250
471	865.790
472	866.630
473	866.230
474	865.690
476	866.820
477	866.680
478	865.900
479	866.990
480	866.000
481	865.850
482	865.890
483	866.580
484	866.740
485	866.660
486	866.310
487	866.470
488	865.880
489	865.600
491	865.680
493	866.590
495	865.760
496	866.700
497	866.800
498	865.680
499	866.590
500	866.380
1	867.480
2	867.510
3	867.200
6	867.620
7	867.300
9	867.810
11	867.720
13	868.320
14	868.170
15	867.120
16	868.430
17	867.560
18	867.530
19	867.790
20	867.430
21	868.070
23	867.120
24	867.220
26	868.120
27	867.110
28	867.950
29	868.340
32	868.160
33	867.120
34	868.030
36	867.220
37	867.920
38	867.940
39	867.950
40	868.470
41	868.140
43	867.420
44	868.030
45	867.490
47	867.410
50	867.190
51	867.670
52	868.210
53	867.190
54	868.000
55	867.740
56	867.780
57	867.660
58	867.670
61	868.010
63	867.920
64	868.250
65	868.010
67	868.440
68	867.980
69	867.110
72	867.280
74	867.900
75	868.150
76	868.160
77	868.230
78	868.130
79	868.240
83	867.870
85	867.610
87	868.440
88	867.650
89	867.820
91	868.330
92	867.120
94	867.310
95	867.600
96	868.210
97	867.060
98	867.670
99	867.970
101	868.040
102	867.800
104	867.030
105	867.620
106	868.440
107	867.870
109	867.280
110	867.490
111	867.590
112	868.370
113	867.380
114	868.180
115	867.520
116	867.980
117	867.400
118	867.660
119	868.100
120	867.800
121	868.040
122	868.350
123	867.430
124	868.100
125	867.900
126	867.180
127	867.470
128	868.430
129	868.170
132	867.450
133	867.640
134	867.060
136	867.910
137	867.340
138	867.880
140	867.090
141	867.720
143	867.880
144	867.060
146	867.690
147	867.290
148	867.640
149	867.310
150	868.030
151	867.090
152	868.090
153	867.100
155	867.740
156	868.380
157	867.480
158	868.400
159	867.690
160	868.140
162	867.990
163	868.370
164	868.400
165	868.380
166	868.230
168	868.310
169	867.210
172	868.450
173	867.480
174	868.020
178	867.020
179	867.420
180	867.010
181	868.140
182	867.520
183	867.690
184	868.170
185	867.200
186	867.610
187	867.300
188	868.000
189	868.430
190	867.920
191	868.360
193	867.060
194	867.520
195	868.070
196	868.050
197	868.010
198	867.220
199	867.850
200	868.330
202	868.080
203	867.910
204	867.590
205	867.150
206	868.300
207	867.440
208	867.850
209	868.050
210	867.600
211	867.100
213	868.070
214	867.920
215	868.230
217	868.010
218	867.910
219	867.670
220	867.970
221	867.110
223	867.900
226	867.070
227	867.730
228	867.250
229	868.350
230	867.770
232	867.680
234	868.390
235	868.490
236	868.330
237	868.150
238	867.100
239	867.450
240	868.280
241	867.240
242	867.060
243	867.140
244	867.420
245	868.040
246	868.340
248	867.650
249	867.740
250	867.930
252	867.410
253	867.020
254	868.060
260	868.390
261	867.260
262	868.210
263	867.840
264	868.210
265	867.370
266	868.030
268	867.490
269	867.440
271	868.130
273	868.430
275	868.390
276	868.350
277	868.370
278	867.570
279	868.380
281	867.610
282	867.440
283	867.250
284	868.290
285	867.110
287	868.180
288	867.750
289	867.250
290	867.630
291	867.220
292	868.430
293	868.040
294	867.110
297	867.140
298	867.460
300	868.070
301	867.520
302	868.080
303	867.110
304	867.860
307	867.570
308	867.770
310	868.160
311	868.280
312	867.360
313	867.790
314	867.180
315	867.610
316	867.630
319	867.120
320	867.600
322	868.090
323	867.020
324	867.880
325	867.470
326	868.200
330	867.660
331	868.090
333	868.360
334	867.250
336	867.800
338	868.320
340	867.260
341	868.270
342	867.010
343	868.180
344	868.360
345	867.920
346	867.080
347	867.300
348	867.740
349	867.130
350	867.850
351	867.170
353	867.480
357	867.440
359	867.070
360	868.150
361	867.200
362	867.010
365	867.950
366	867.470
367	867.690
369	867.900
370	867.600
372	867.800
373	868.200
374	867.720
375	867.100
377	867.090
378	867.560
379	868.290
380	867.680
382	868.210
384	867.300
385	867.650
386	867.180
387	867.300
388	868.430
389	868.420
390	868.220
391	867.050
392	867.450
394	867.860
395	868.470
396	867.050
397	868.040
398	867.800
399	867.240
401	867.690
405	867.260
407	868.430
408	868.400
410	868.340
411	867.370
413	868.380
414	867.650
415	867.090
416	867.370
420	867.720
421	868.160
425	867.820
426	868.200
427	868.370
429	867.060
430	867.790
432	867.730
433	867.510
434	867.330
435	867.260
436	868.260
437	867.660
438	867.890
439	867.780
440	867.030
441	867.100
443	867.230
444	867.970
446	868.400
451	868.110
452	867.520
453	867.940
454	868.030
456	867.350
457	867.470
458	867.330
462	867.130
463	867.100
464	868.240
465	868.330
466	867.050
468	867.400
470	868.260
471	867.800
473	868.240
474	867.700
475	867.410
478	867.910
480	868.010
481	867.860
482	867.900
486	868.320
487	868.480
488	867.890
489	867.610
490	867.470
491	867.690
492	867.270
494	867.100
495	867.770
498	867.690
500	868.390
1	869.490
2	869.520
3	869.210
4	868.520
5	868.890
6	869.630
7	869.310
8	868.830
9	869.820
10	868.800
11	869.730
12	868.540
15	869.130
17	869.570
18	869.540
19	869.800
20	869.440
22	868.960
23	869.130
24	869.230
25	868.760
27	869.120
28	869.960
30	868.680
31	868.720
33	869.130
35	868.600
36	869.230
37	869.930
38	869.950
39	869.960
42	868.690
43	869.430
45	869.500
46	869.010
47	869.420
48	868.990
49	868.900
50	869.200
51	869.680
53	869.200
55	869.750
56	869.790
57	869.670
58	869.680
59	868.740
60	869.000
62	868.530
63	869.930
66	868.960
68	869.990
69	869.120
70	868.960
71	868.850
72	869.290
73	868.940
74	869.910
80	868.520
81	868.640
82	868.650
83	869.880
84	868.610
85	869.620
86	868.510
88	869.660
89	869.830
90	868.910
92	869.130
93	868.850
94	869.320
95	869.610
97	869.070
98	869.680
99	869.980
100	868.650
102	869.810
103	868.710
104	869.040
105	869.630
107	869.880
108	868.550
109	869.290
110	869.500
111	869.600
113	869.390
115	869.530
116	869.990
117	869.410
118	869.670
120	869.810
123	869.440
125	869.910
126	869.190
127	869.480
130	868.750
131	868.980
132	869.460
133	869.650
134	869.070
135	868.660
136	869.920
137	869.350
138	869.890
139	868.710
140	869.100
141	869.730
142	868.960
143	869.890
144	869.070
145	868.590
146	869.700
147	869.300
148	869.650
149	869.320
151	869.100
153	869.110
154	868.670
155	869.750
157	869.490
159	869.700
161	868.660
162	870.000
167	868.510
169	869.220
170	868.700
171	868.580
173	869.490
175	868.890
176	868.790
177	868.600
178	869.030
179	869.430
180	869.020
182	869.530
183	869.700
185	869.210
186	869.620
187	869.310
190	869.930
192	868.990
193	869.070
194	869.530
198	869.230
199	869.860
201	868.910
203	869.920
204	869.600
205	869.160
207	869.450
208	869.860
210	869.610
211	869.110
212	868.630
214	869.930
216	868.890
218	869.920
219	869.680
220	869.980
221	869.120
222	868.610
223	869.910
224	868.620
225	868.890
226	869.080
227	869.740
228	869.260
230	869.780
231	869.010
232	869.690
233	868.960
238	869.110
239	869.460
241	869.250
242	869.070
243	869.150
244	869.430
247	868.770
248	869.660
249	869.750
250	869.940
251	868.780
252	869.420
253	869.030
255	868.560
256	868.770
257	868.960
258	868.880
259	868.990
261	869.270
263	869.850
265	869.380
267	868.880
268	869.500
269	869.450
270	868.700
272	869.010
274	868.960
278	869.580
280	868.630
281	869.620
282	869.450
283	869.260
285	869.120
286	868.600
288	869.760
289	869.260
290	869.640
291	869.230
294	869.120
295	868.730
296	869.000
297	869.150
298	869.470
299	868.550
301	869.530
303	869.120
304	869.870
305	868.760
306	868.670
307	869.580
308	869.780
309	868.770
312	869.370
313	869.800
314	869.190
315	869.620
316	869.640
317	868.710
318	868.800
319	869.130
320	869.610
321	868.560
323	869.030
324	869.890
325	869.480
327	868.750
328	868.910
329	868.670
330	869.670
332	868.940
334	869.260
335	868.630
336	869.810
337	868.600
339	868.710
340	869.270
342	869.020
345	869.930
346	869.090
347	869.310
348	869.750
349	869.140
350	869.860
351	869.180
352	868.560
353	869.490
354	868.590
355	868.930
356	868.890
357	869.450
358	868.510
359	869.080
361	869.210
362	869.020
363	868.790
364	869.010
365	869.960
366	869.480
367	869.700
368	868.860
369	869.910
370	869.610
371	868.640
372	869.810
374	869.730
375	869.110
376	868.660
377	869.100
378	869.570
380	869.690
381	868.740
383	868.640
384	869.310
385	869.660
386	869.190
387	869.310
391	869.060
392	869.460
393	868.820
394	869.870
396	869.060
398	869.810
399	869.250
400	868.930
401	869.700
402	868.880
403	868.790
404	868.720
405	869.270
406	868.930
409	868.730
411	869.380
412	868.710
414	869.660
415	869.100
416	869.380
417	868.860
418	868.590
419	868.520
420	869.730
422	868.970
423	868.510
424	868.840
425	869.830
428	868.780
429	869.070
430	869.800
431	868.990
432	869.740
433	869.520
434	869.340
435	869.270
437	869.670
438	869.900
439	869.790
440	869.040
441	869.110
442	868.820
443	869.240
444	869.980
445	868.570
447	869.000
448	868.910
449	868.960
450	868.810
452	869.530
453	869.950
455	868.950
456	869.360
457	869.480
458	869.340
459	868.580
460	868.950
461	868.790
462	869.140
463	869.110
466	869.060
467	869.000
468	869.410
469	869.010
471	869.810
472	868.640
474	869.710
475	869.420
476	868.830
477	868.690
478	869.920
479	869.000
481	869.870
482	869.910
483	868.590
484	868.750
485	868.670
488	869.900
489	869.620
490	869.480
491	869.700
492	869.280
493	868.600
494	869.110
495	869.780
496	868.710
497	868.810
498	869.700
499	868.600
1	871.500
3	871.220
4	870.530
5	870.900
7	871.320
8	870.840
10	870.810
12	870.550
13	870.330
14	870.180
15	871.140
16	870.440
20	871.450
21	870.080
22	870.970
23	871.140
24	871.240
25	870.770
26	870.130
27	871.130
29	870.350
30	870.690
31	870.730
32	870.170
33	871.140
34	870.040
35	870.610
36	871.240
40	870.480
41	870.150
42	870.700
43	871.440
44	870.040
46	871.020
47	871.430
48	871.000
49	870.910
50	871.210
52	870.220
53	871.210
54	870.010
59	870.750
60	871.010
61	870.020
62	870.540
64	870.260
65	870.020
66	870.970
67	870.450
69	871.130
70	870.970
71	870.860
72	871.300
73	870.950
75	870.160
76	870.170
77	870.240
78	870.140
79	870.250
80	870.530
81	870.650
82	870.660
84	870.620
86	870.520
87	870.450
90	870.920
91	870.340
92	871.140
93	870.860
94	871.330
96	870.220
97	871.080
100	870.660
101	870.050
103	870.720
104	871.050
106	870.450
108	870.560
109	871.300
112	870.380
113	871.400
114	870.190
117	871.420
119	870.110
121	870.050
122	870.360
123	871.450
124	870.110
126	871.200
127	871.490
128	870.440
129	870.180
130	870.760
131	870.990
132	871.470
134	871.080
135	870.670
137	871.360
139	870.720
140	871.110
142	870.970
144	871.080
145	870.600
147	871.310
149	871.330
150	870.040
151	871.110
152	870.100
153	871.120
154	870.680
156	870.390
157	871.500
158	870.410
160	870.150
161	870.670
163	870.380
164	870.410
165	870.390
166	870.240
167	870.520
168	870.320
169	871.230
170	870.710
171	870.590
172	870.460
173	871.500
174	870.030
175	870.900
176	870.800
177	870.610
178	871.040
179	871.440
180	871.030
181	870.150
184	870.180
185	871.220
187	871.320
188	870.010
189	870.440
191	870.370
192	871.000
193	871.080
195	870.080
196	870.060
197	870.020
198	871.240
200	870.340
201	870.920
202	870.090
205	871.170
206	870.310
207	871.460
209	870.060
211	871.120
212	870.640
213	870.080
215	870.240
216	870.900
217	870.020
221	871.130
222	870.620
224	870.630
225	870.900
226	871.090
228	871.270
229	870.360
231	871.020
233	870.970
234	870.400
235	870.500
236	870.340
237	870.160
238	871.120
239	871.470
240	870.290
241	871.260
242	871.080
243	871.160
244	871.440
245	870.050
246	870.350
247	870.780
251	870.790
252	871.430
253	871.040
254	870.070
255	870.570
256	870.780
257	870.970
258	870.890
259	871.000
260	870.400
261	871.280
262	870.220
264	870.220
265	871.390
266	870.040
267	870.890
269	871.460
270	870.710
271	870.140
272	871.020
273	870.440
274	870.970
275	870.400
276	870.360
277	870.380
279	870.390
280	870.640
282	871.460
283	871.270
284	870.300
285	871.130
286	870.610
287	870.190
289	871.270
291	871.240
292	870.440
293	870.050
294	871.130
295	870.740
296	871.010
297	871.160
298	871.480
299	870.560
300	870.080
302	870.090
303	871.130
305	870.770
306	870.680
309	870.780
310	870.170
311	870.290
312	871.380
314	871.200
317	870.720
318	870.810
319	871.140
321	870.570
322	870.100
323	871.040
325	871.490
326	870.210
327	870.760
328	870.920
329	870.680
331	870.100
332	870.950
333	870.370
334	871.270
335	870.640
337	870.610
338	870.330
339	870.720
340	871.280
341	870.280
342	871.030
343	870.190
344	870.370
346	871.100
347	871.320
349	871.150
351	871.190
352	870.570
353	871.500
354	870.600
355	870.940
356	870.900
357	871.460
358	870.520
359	871.090
360	870.160
361	871.220
362	871.030
363	870.800
364	871.020
366	871.490
368	870.870
371	870.650
373	870.210
375	871.120
376	870.670
377	871.110
379	870.300
381	870.750
382	870.220
383	870.650
384	871.320
386	871.200
387	871.320
388	870.440
389	870.430
390	870.230
391	871.070
392	871.470
393	870.830
395	870.480
396	871.070
397	870.050
399	871.260
400	870.940
402	870.890
403	870.800
404	870.730
405	871.280
406	870.940
407	870.440
408	870.410
409	870.740
410	870.350
411	871.390
412	870.720
413	870.390
415	871.110
416	871.390
417	870.870
418	870.600
419	870.530
421	870.170
422	870.980
423	870.520
424	870.850
426	870.210
427	870.380
428	870.790
429	871.080
431	871.000
434	871.350
435	871.280
436	870.270
440	871.050
441	871.120
442	870.830
443	871.250
445	870.580
446	870.410
447	871.010
448	870.920
449	870.970
450	870.820
451	870.120
454	870.040
455	870.960
456	871.370
457	871.490
458	871.350
459	870.590
460	870.960
461	870.800
462	871.150
463	871.120
464	870.250
465	870.340
466	871.070
467	871.010
468	871.420
469	871.020
470	870.270
472	870.650
473	870.250
475	871.430
476	870.840
477	870.700
479	871.010
480	870.020
483	870.600
484	870.760
485	870.680
486	870.330
487	870.490
490	871.490
492	871.290
493	870.610
494	871.120
496	870.720
497	870.820
499	870.610
500	870.400
2	871.530
4	872.540
5	872.910
6	871.640
8	872.850
9	871.830
10	872.820
11	871.740
12	872.560
13	872.340
14	872.190
16	872.450
17	871.580
18	871.550
19	871.810
21	872.090
22	872.980
25	872.780
26	872.140
28	871.970
29	872.360
30	872.700
31	872.740
32	872.180
34	872.050
35	872.620
37	871.940
38	871.960
39	871.970
40	872.490
41	872.160
42	872.710
44	872.050
45	871.510
49	872.920
51	871.690
52	872.230
54	872.020
55	871.760
56	871.800
57	871.680
58	871.690
59	872.760
61	872.030
62	872.550
63	871.940
64	872.270
65	872.030
66	872.980
67	872.460
68	872.000
70	872.980
71	872.870
73	872.960
74	871.920
75	872.170
76	872.180
77	872.250
78	872.150
79	872.260
80	872.540
81	872.660
82	872.670
83	871.890
84	872.630
85	871.630
86	872.530
87	872.460
88	871.670
89	871.840
90	872.930
91	872.350
93	872.870
95	871.620
96	872.230
98	871.690
99	871.990
100	872.670
101	872.060
102	871.820
103	872.730
105	871.640
106	872.460
107	871.890
108	872.570
110	871.510
111	871.610
112	872.390
114	872.200
115	871.540
116	872.000
118	871.680
119	872.120
120	871.820
121	872.060
122	872.370
124	872.120
125	871.920
128	872.450
129	872.190
130	872.770
131	873.000
133	871.660
135	872.680
136	871.930
138	871.900
139	872.730
141	871.740
142	872.980
143	871.900
145	872.610
146	871.710
148	871.660
150	872.050
152	872.110
154	872.690
155	871.760
156	872.400
158	872.420
159	871.710
160	872.160
161	872.680
162	872.010
163	872.390
164	872.420
165	872.400
166	872.250
167	872.530
168	872.330
170	872.720
171	872.600
172	872.470
174	872.040
175	872.910
176	872.810
177	872.620
181	872.160
182	871.540
183	871.710
184	872.190
186	871.630
188	872.020
189	872.450
190	871.940
191	872.380
194	871.540
195	872.090
196	872.070
197	872.030
199	871.870
200	872.350
201	872.930
202	872.100
203	871.930
204	871.610
206	872.320
208	871.870
209	872.070
210	871.620
212	872.650
213	872.090
214	871.940
215	872.250
216	872.910
217	872.030
218	871.930
219	871.690
220	871.990
222	872.630
223	871.920
224	872.640
225	872.910
227	871.750
229	872.370
230	871.790
232	871.700
233	872.980
234	872.410
235	872.510
236	872.350
237	872.170
240	872.300
245	872.060
246	872.360
247	872.790
248	871.670
249	871.760
250	871.950
251	872.800
254	872.080
255	872.580
256	872.790
257	872.980
258	872.900
260	872.410
262	872.230
263	871.860
264	872.230
266	872.050
267	872.900
268	871.510
270	872.720
271	872.150
273	872.450
274	872.980
275	872.410
276	872.370
277	872.390
278	871.590
279	872.400
280	872.650
281	871.630
284	872.310
286	872.620
287	872.200
288	871.770
290	871.650
292	872.450
293	872.060
295	872.750
299	872.570
300	872.090
301	871.540
302	872.100
304	871.880
305	872.780
306	872.690
307	871.590
308	871.790
309	872.790
310	872.180
311	872.300
313	871.810
315	871.630
316	871.650
317	872.730
318	872.820
320	871.620
321	872.580
322	872.110
324	871.900
326	872.220
327	872.770
328	872.930
329	872.690
330	871.680
331	872.110
332	872.960
333	872.380
335	872.650
336	871.820
337	872.620
338	872.340
339	872.730
341	872.290
343	872.200
344	872.380
345	871.940
348	871.760
350	871.870
352	872.580
354	872.610
355	872.950
356	872.910
358	872.530
360	872.170
363	872.810
365	871.970
367	871.710
368	872.880
369	871.920
370	871.620
371	872.660
372	871.820
373	872.220
374	871.740
376	872.680
378	871.580
379	872.310
380	871.700
381	872.760
382	872.230
383	872.660
385	871.670
388	872.450
389	872.440
390	872.240
393	872.840
394	871.880
395	872.490
397	872.060
398	871.820
400	872.950
401	871.710
402	872.900
403	872.810
404	872.740
406	872.950
407	872.450
408	872.420
409	872.750
410	872.360
412	872.730
413	872.400
414	871.670
417	872.880
418	872.610
419	872.540
420	871.740
421	872.180
422	872.990
423	872.530
424	872.860
425	871.840
426	872.220
427	872.390
428	872.800
430	871.810
432	871.750
433	871.530
436	872.280
437	871.680
438	871.910
439	871.800
442	872.840
444	871.990
445	872.590
446	872.420
448	872.930
449	872.980
450	872.830
451	872.130
452	871.540
453	871.960
454	872.050
455	872.970
459	872.600
460	872.970
461	872.810
464	872.260
465	872.350
470	872.280
471	871.820
472	872.660
473	872.260
474	871.720
476	872.850
477	872.710
478	871.930
480	872.030
481	871.880
482	871.920
483	872.610
484	872.770
485	872.690
486	872.340
487	872.500
488	871.910
489	871.630
491	871.710
493	872.620
495	871.790
496	872.730
497	872.830
498	871.710
499	872.620
500	872.410
1	873.510
2	873.540
3	873.230
6	873.650
7	873.330
9	873.840
11	873.750
13	874.350
14	874.200
15	873.150
16	874.460
17	873.590
18	873.560
19	873.820
20	873.460
21	874.100
23	873.150
24	873.250
26	874.150
27	873.140
28	873.980
29	874.370
32	874.190
33	873.150
34	874.060
36	873.250
37	873.950
38	873.970
39	873.980
40	874.500
41	874.170
43	873.450
44	874.060
45	873.520
46	873.030
47	873.440
48	873.010
50	873.220
51	873.700
52	874.240
53	873.220
54	874.030
55	873.770
56	873.810
57	873.690
58	873.700
60	873.020
61	874.040
63	873.950
64	874.280
65	874.040
67	874.470
68	874.010
69	873.140
72	873.310
74	873.930
75	874.180
76	874.190
77	874.260
78	874.160
79	874.270
83	873.900
85	873.640
87	874.470
88	873.680
89	873.850
91	874.360
92	873.150
94	873.340
95	873.630
96	874.240
97	873.090
98	873.700
99	874.000
101	874.070
102	873.830
104	873.060
105	873.650
106	874.470
107	873.900
109	873.310
110	873.520
111	873.620
112	874.400
113	873.410
114	874.210
115	873.550
116	874.010
117	873.430
118	873.690
119	874.130
120	873.830
121	874.070
122	874.380
123	873.460
124	874.130
125	873.930
126	873.210
127	873.500
128	874.460
129	874.200
132	873.480
133	873.670
134	873.090
136	873.940
137	873.370
138	873.910
140	873.120
141	873.750
143	873.910
144	873.090
146	873.720
147	873.320
148	873.670
149	873.340
150	874.060
151	873.120
152	874.120
153	873.130
155	873.770
156	874.410
157	873.510
158	874.430
159	873.720
160	874.170
162	874.020
163	874.400
164	874.430
165	874.410
166	874.260
168	874.340
169	873.240
172	874.480
173	873.510
174	874.050
178	873.050
179	873.450
180	873.040
181	874.170
182	873.550
183	873.720
184	874.200
185	873.230
186	873.640
187	873.330
188	874.030
189	874.460
190	873.950
191	874.390
192	873.010
193	873.090
194	873.550
195	874.100
196	874.080
197	874.040
198	873.250
199	873.880
200	874.360
202	874.110
203	873.940
204	873.620
205	873.180
206	874.330
207	873.470
208	873.880
209	874.080
210	873.630
211	873.130
213	874.100
214	873.950
215	874.260
217	874.040
218	873.940
219	873.700
220	874.000
221	873.140
223	873.930
226	873.100
227	873.760
228	873.280
229	874.380
230	873.800
231	873.030
232	873.710
234	874.420
236	874.360
237	874.180
238	873.130
239	873.480
240	874.310
241	873.270
242	873.090
243	873.170
244	873.450
245	874.070
246	874.370
248	873.680
249	873.770
250	873.960
252	873.440
253	873.050
254	874.090
259	873.010
260	874.420
261	873.290
262	874.240
263	873.870
264	874.240
265	873.400
266	874.060
268	873.520
269	873.470
271	874.160
272	873.030
273	874.460
275	874.420
276	874.380
277	874.400
278	873.600
279	874.410
281	873.640
282	873.470
283	873.280
284	874.320
285	873.140
287	874.210
288	873.780
289	873.280
290	873.660
291	873.250
292	874.460
293	874.070
294	873.140
296	873.020
297	873.170
298	873.490
300	874.100
301	873.550
302	874.110
303	873.140
304	873.890
307	873.600
308	873.800
310	874.190
311	874.310
312	873.390
313	873.820
314	873.210
315	873.640
316	873.660
319	873.150
320	873.630
322	874.120
323	873.050
324	873.910
325	873.500
326	874.230
330	873.690
331	874.120
333	874.390
334	873.280
336	873.830
338	874.350
340	873.290
341	874.300
342	873.040
343	874.210
344	874.390
345	873.950
346	873.110
347	873.330
348	873.770
349	873.160
350	873.880
351	873.200
353	873.510
357	873.470
359	873.100
360	874.180
361	873.230
362	873.040
364	873.030
365	873.980
366	873.500
367	873.720
369	873.930
370	873.630
372	873.830
373	874.230
374	873.750
375	873.130
377	873.120
378	873.590
379	874.320
380	873.710
382	874.240
384	873.330
385	873.680
386	873.210
387	873.330
388	874.460
389	874.450
390	874.250
391	873.080
392	873.480
394	873.890
395	874.500
396	873.080
397	874.070
398	873.830
399	873.270
401	873.720
405	873.290
407	874.460
408	874.430
410	874.370
411	873.400
413	874.410
414	873.680
415	873.120
416	873.400
420	873.750
421	874.190
425	873.850
426	874.230
427	874.400
429	873.090
430	873.820
431	873.010
432	873.760
433	873.540
434	873.360
435	873.290
436	874.290
437	873.690
438	873.920
439	873.810
440	873.060
441	873.130
443	873.260
444	874.000
446	874.430
447	873.020
451	874.140
452	873.550
453	873.970
454	874.060
456	873.380
457	873.500
458	873.360
462	873.160
463	873.130
464	874.270
465	874.360
466	873.080
467	873.020
468	873.430
469	873.030
470	874.290
471	873.830
473	874.270
474	873.730
475	873.440
478	873.940
479	873.020
480	874.040
481	873.890
482	873.930
486	874.350
488	873.920
489	873.640
490	873.500
491	873.720
492	873.300
494	873.130
495	873.800
498	873.720
500	874.420
1	875.520
2	875.550
3	875.240
4	874.550
5	874.920
6	875.660
7	875.340
8	874.860
9	875.850
10	874.830
11	875.760
12	874.570
15	875.160
17	875.600
18	875.570
19	875.830
20	875.470
22	874.990
23	875.160
24	875.260
25	874.790
27	875.150
28	875.990
30	874.710
31	874.750
33	875.160
35	874.630
36	875.260
37	875.960
38	875.980
39	875.990
42	874.720
43	875.460
45	875.530
46	875.040
47	875.450
48	875.020
49	874.930
50	875.230
51	875.710
53	875.230
55	875.780
56	875.820
57	875.700
58	875.710
59	874.770
60	875.030
62	874.560
63	875.960
66	874.990
69	875.150
70	874.990
71	874.880
72	875.320
73	874.970
74	875.940
80	874.550
81	874.670
82	874.680
83	875.910
84	874.640
85	875.650
86	874.540
88	875.690
89	875.860
90	874.940
92	875.160
93	874.880
94	875.350
95	875.640
97	875.100
98	875.710
100	874.680
102	875.840
103	874.740
104	875.070
105	875.660
107	875.910
108	874.580
109	875.320
110	875.530
111	875.630
113	875.420
115	875.560
117	875.440
118	875.700
120	875.840
123	875.470
125	875.940
126	875.220
127	875.510
130	874.780
131	875.010
132	875.490
133	875.680
134	875.100
135	874.690
136	875.950
137	875.380
138	875.920
139	874.740
140	875.130
141	875.760
142	874.990
143	875.920
144	875.100
145	874.620
146	875.730
147	875.330
148	875.680
149	875.350
151	875.130
153	875.140
154	874.700
155	875.780
157	875.520
159	875.730
161	874.690
167	874.540
169	875.250
170	874.730
171	874.610
173	875.520
175	874.920
176	874.820
177	874.630
178	875.060
179	875.460
180	875.050
182	875.560
183	875.730
185	875.240
186	875.650
187	875.340
190	875.960
192	875.020
193	875.100
194	875.560
198	875.260
199	875.890
201	874.940
203	875.950
204	875.630
205	875.190
207	875.480
208	875.890
210	875.640
211	875.140
212	874.660
214	875.960
216	874.920
218	875.950
219	875.710
221	875.150
222	874.640
223	875.940
224	874.650
225	874.920
226	875.110
227	875.770
228	875.290
230	875.810
231	875.040
232	875.720
233	874.990
235	874.520
238	875.140
239	875.490
241	875.280
242	875.100
243	875.180
244	875.460
247	874.800
248	875.690
249	875.780
250	875.970
251	874.810
252	875.450
253	875.060
255	874.590
256	874.800
257	874.990
258	874.910
259	875.020
261	875.300
263	875.880
265	875.410
267	874.910
268	875.530
269	875.480
270	874.730
272	875.040
274	874.990
278	875.610
280	874.660
281	875.650
282	875.480
283	875.290
285	875.150
286	874.630
288	875.790
289	875.290
290	875.670
291	875.260
294	875.150
295	874.760
296	875.030
297	875.180
298	875.500
299	874.580
301	875.560
303	875.150
304	875.900
305	874.790
306	874.700
307	875.610
308	875.810
309	874.800
312	875.400
313	875.830
314	875.220
315	875.650
316	875.670
317	874.740
318	874.830
319	875.160
320	875.640
321	874.590
323	875.060
324	875.920
325	875.510
327	874.780
328	874.940
329	874.700
330	875.700
332	874.970
334	875.290
335	874.660
336	875.840
337	874.630
339	874.740
340	875.300
342	875.050
345	875.960
346	875.120
347	875.340
348	875.780
349	875.170
350	875.890
351	875.210
352	874.590
353	875.520
354	874.620
355	874.960
356	874.920
357	875.480
358	874.540
359	875.110
361	875.240
362	875.050
363	874.820
364	875.040
365	875.990
366	875.510
367	875.730
368	874.890
369	875.940
370	875.640
371	874.670
372	875.840
374	875.760
375	875.140
376	874.690
377	875.130
378	875.600
380	875.720
381	874.770
383	874.670
384	875.340
385	875.690
386	875.220
387	875.340
391	875.090
392	875.490
393	874.850
394	875.900
396	875.090
398	875.840
399	875.280
400	874.960
401	875.730
402	874.910
403	874.820
404	874.750
405	875.300
406	874.960
409	874.760
411	875.410
412	874.740
414	875.690
415	875.130
416	875.410
417	874.890
418	874.620
419	874.550
420	875.760
422	875.000
423	874.540
424	874.870
425	875.860
428	874.810
429	875.100
430	875.830
431	875.020
432	875.770
433	875.550
434	875.370
435	875.300
437	875.700
438	875.930
439	875.820
440	875.070
441	875.140
442	874.850
443	875.270
445	874.600
447	875.030
448	874.940
449	874.990
450	874.840
452	875.560
453	875.980
455	874.980
456	875.390
457	875.510
458	875.370
459	874.610
460	874.980
461	874.820
462	875.170
463	875.140
466	875.090
467	875.030
468	875.440
469	875.040
471	875.840
472	874.670
474	875.740
475	875.450
476	874.860
477	874.720
478	875.950
479	875.030
481	875.900
482	875.940
483	874.620
484	874.780
485	874.700
487	874.510
488	875.930
489	875.650
490	875.510
491	875.730
492	875.310
493	874.630
494	875.140
495	875.810
496	874.740
497	874.840
498	875.730
499	874.630
3	877.250
4	876.560
5	876.930
7	877.350
8	876.870
10	876.840
12	876.580
13	876.360
14	876.210
15	877.170
16	876.470
20	877.480
21	876.110
22	877.000
23	877.170
24	877.270
25	876.800
26	876.160
27	877.160
29	876.380
30	876.720
31	876.760
32	876.200
33	877.170
34	876.070
35	876.640
36	877.270
40	876.510
41	876.180
42	876.730
43	877.470
44	876.070
46	877.050
47	877.460
48	877.030
49	876.940
50	877.240
52	876.250
53	877.240
54	876.040
59	876.780
60	877.040
61	876.050
62	876.570
64	876.290
65	876.050
66	877.000
67	876.480
68	876.020
69	877.160
70	877.000
71	876.890
72	877.330
73	876.980
75	876.190
76	876.200
77	876.270
78	876.170
79	876.280
80	876.560
81	876.680
82	876.690
84	876.650
86	876.550
87	876.480
90	876.950
91	876.370
92	877.170
93	876.890
94	877.360
96	876.250
97	877.110
99	876.010
100	876.690
101	876.080
103	876.750
104	877.080
106	876.480
108	876.590
109	877.330
112	876.410
113	877.430
114	876.220
116	876.020
117	877.450
119	876.140
121	876.080
122	876.390
123	877.480
124	876.140
126	877.230
128	876.470
129	876.210
130	876.790
131	877.020
132	877.500
134	877.110
135	876.700
137	877.390
139	876.750
140	877.140
142	877.000
144	877.110
145	876.630
147	877.340
149	877.360
150	876.070
151	877.140
152	876.130
153	877.150
154	876.710
156	876.420
158	876.440
160	876.180
161	876.700
162	876.030
163	876.410
164	876.440
165	876.420
166	876.270
167	876.550
168	876.350
169	877.260
170	876.740
171	876.620
172	876.490
174	876.060
175	876.930
176	876.830
177	876.640
178	877.070
179	877.470
180	877.060
181	876.180
184	876.210
185	877.250
187	877.350
188	876.040
189	876.470
191	876.400
192	877.030
193	877.110
195	876.110
196	876.090
197	876.050
198	877.270
200	876.370
201	876.950
202	876.120
205	877.200
206	876.340
207	877.490
209	876.090
211	877.150
212	876.670
213	876.110
215	876.270
216	876.930
217	876.050
220	876.010
221	877.160
222	876.650
224	876.660
225	876.930
226	877.120
228	877.300
229	876.390
231	877.050
233	877.000
234	876.430
235	876.530
236	876.370
237	876.190
238	877.150
239	877.500
240	876.320
241	877.290
242	877.110
243	877.190
244	877.470
245	876.080
246	876.380
247	876.810
251	876.820
252	877.460
253	877.070
254	876.100
255	876.600
256	876.810
257	877.000
258	876.920
259	877.030
260	876.430
261	877.310
262	876.250
264	876.250
265	877.420
266	876.070
267	876.920
269	877.490
270	876.740
271	876.170
272	877.050
273	876.470
274	877.000
275	876.430
276	876.390
277	876.410
279	876.420
280	876.670
282	877.490
283	877.300
284	876.330
285	877.160
286	876.640
287	876.220
289	877.300
291	877.270
292	876.470
293	876.080
294	877.160
295	876.770
296	877.040
297	877.190
299	876.590
300	876.110
302	876.120
303	877.160
305	876.800
306	876.710
309	876.810
310	876.200
311	876.320
312	877.410
314	877.230
317	876.750
318	876.840
319	877.170
321	876.600
322	876.130
323	877.070
326	876.240
327	876.790
328	876.950
329	876.710
331	876.130
332	876.980
333	876.400
334	877.300
335	876.670
337	876.640
338	876.360
339	876.750
340	877.310
341	876.310
342	877.060
343	876.220
344	876.400
346	877.130
347	877.350
349	877.180
351	877.220
352	876.600
354	876.630
355	876.970
356	876.930
357	877.490
358	876.550
359	877.120
360	876.190
361	877.250
362	877.060
363	876.830
364	877.050
368	876.900
371	876.680
373	876.240
375	877.150
376	876.700
377	877.140
379	876.330
381	876.780
382	876.250
383	876.680
384	877.350
386	877.230
387	877.350
388	876.470
389	876.460
390	876.260
391	877.100
392	877.500
393	876.860
395	876.510
396	877.100
397	876.080
399	877.290
400	876.970
402	876.920
403	876.830
404	876.760
405	877.310
406	876.970
407	876.470
408	876.440
409	876.770
410	876.380
411	877.420
412	876.750
413	876.420
415	877.140
416	877.420
417	876.900
418	876.630
419	876.560
421	876.200
422	877.010
423	876.550
424	876.880
426	876.240
427	876.410
428	876.820
429	877.110
431	877.030
434	877.380
435	877.310
436	876.300
440	877.080
441	877.150
442	876.860
443	877.280
444	876.010
445	876.610
446	876.440
447	877.040
448	876.950
449	877.000
450	876.850
451	876.150
454	876.070
455	876.990
456	877.400
458	877.380
459	876.620
460	876.990
461	876.830
462	877.180
463	877.150
464	876.280
465	876.370
466	877.100
467	877.040
468	877.450
469	877.050
470	876.300
472	876.680
473	876.280
475	877.460
476	876.870
477	876.730
479	877.040
480	876.050
483	876.630
484	876.790
485	876.710
486	876.360
487	876.520
492	877.320
493	876.640
494	877.150
496	876.750
497	876.850
499	876.640
500	876.430
1	877.530
2	877.560
4	878.570
5	878.940
6	877.670
8	878.880
9	877.860
10	878.850
11	877.770
12	878.590
13	878.370
14	878.220
16	878.480
17	877.610
18	877.580
19	877.840
21	878.120
25	878.810
26	878.170
28	878.000
29	878.390
30	878.730
31	878.770
32	878.210
34	878.080
35	878.650
37	877.970
38	877.990
39	878.000
40	878.520
41	878.190
42	878.740
44	878.080
45	877.540
49	878.950
51	877.720
52	878.260
54	878.050
55	877.790
56	877.830
57	877.710
58	877.720
59	878.790
61	878.060
62	878.580
63	877.970
64	878.300
65	878.060
67	878.490
68	878.030
71	878.900
73	878.990
74	877.950
75	878.200
76	878.210
77	878.280
78	878.180
79	878.290
80	878.570
81	878.690
82	878.700
83	877.920
84	878.660
85	877.660
86	878.560
87	878.490
88	877.700
89	877.870
90	878.960
91	878.380
93	878.900
95	877.650
96	878.260
98	877.720
99	878.020
100	878.700
101	878.090
102	877.850
103	878.760
105	877.670
106	878.490
107	877.920
108	878.600
110	877.540
111	877.640
112	878.420
114	878.230
115	877.570
116	878.030
118	877.710
119	878.150
120	877.850
121	878.090
122	878.400
124	878.150
125	877.950
127	877.520
128	878.480
129	878.220
130	878.800
133	877.690
135	878.710
136	877.960
138	877.930
139	878.760
141	877.770
143	877.930
145	878.640
146	877.740
148	877.690
150	878.080
152	878.140
154	878.720
155	877.790
156	878.430
157	877.530
158	878.450
159	877.740
160	878.190
161	878.710
162	878.040
163	878.420
164	878.450
165	878.430
166	878.280
167	878.560
168	878.360
170	878.750
171	878.630
172	878.500
173	877.530
174	878.070
175	878.940
176	878.840
177	878.650
181	878.190
182	877.570
183	877.740
184	878.220
186	877.660
188	878.050
189	878.480
190	877.970
191	878.410
194	877.570
195	878.120
196	878.100
197	878.060
199	877.900
200	878.380
201	878.960
202	878.130
203	877.960
204	877.640
206	878.350
208	877.900
209	878.100
210	877.650
212	878.680
213	878.120
214	877.970
215	878.280
216	878.940
217	878.060
218	877.960
219	877.720
220	878.020
222	878.660
223	877.950
224	878.670
225	878.940
227	877.780
229	878.400
230	877.820
232	877.730
234	878.440
235	878.540
236	878.380
237	878.200
240	878.330
245	878.090
246	878.390
247	878.820
248	877.700
249	877.790
250	877.980
251	878.830
254	878.110
255	878.610
256	878.820
258	878.930
260	878.440
262	878.260
263	877.890
264	878.260
266	878.080
267	878.930
268	877.540
270	878.750
271	878.180
273	878.480
275	878.440
276	878.400
277	878.420
278	877.620
279	878.430
280	878.680
281	877.660
284	878.340
286	878.650
287	878.230
288	877.800
290	877.680
292	878.480
293	878.090
295	878.780
298	877.510
299	878.600
300	878.120
301	877.570
302	878.130
304	877.910
305	878.810
306	878.720
307	877.620
308	877.820
309	878.820
310	878.210
311	878.330
313	877.840
315	877.660
316	877.680
317	878.760
318	878.850
320	877.650
321	878.610
322	878.140
324	877.930
325	877.520
326	878.250
327	878.800
328	878.960
329	878.720
330	877.710
331	878.140
332	878.990
333	878.410
335	878.680
336	877.850
337	878.650
338	878.370
339	878.760
341	878.320
343	878.230
344	878.410
345	877.970
348	877.790
350	877.900
352	878.610
353	877.530
354	878.640
355	878.980
356	878.940
358	878.560
360	878.200
363	878.840
365	878.000
366	877.520
367	877.740
368	878.910
369	877.950
370	877.650
371	878.690
372	877.850
373	878.250
374	877.770
376	878.710
378	877.610
379	878.340
380	877.730
381	878.790
382	878.260
383	878.690
385	877.700
388	878.480
389	878.470
390	878.270
393	878.870
394	877.910
395	878.520
397	878.090
398	877.850
400	878.980
401	877.740
402	878.930
403	878.840
404	878.770
406	878.980
407	878.480
408	878.450
409	878.780
410	878.390
412	878.760
413	878.430
414	877.700
417	878.910
418	878.640
419	878.570
420	877.770
421	878.210
423	878.560
424	878.890
425	877.870
426	878.250
427	878.420
428	878.830
430	877.840
432	877.780
433	877.560
436	878.310
437	877.710
438	877.940
439	877.830
442	878.870
444	878.020
445	878.620
446	878.450
448	878.960
450	878.860
451	878.160
452	877.570
453	877.990
454	878.080
455	879.000
457	877.520
459	878.630
460	879.000
461	878.840
464	878.290
465	878.380
470	878.310
471	877.850
472	878.690
473	878.290
474	877.750
476	878.880
477	878.740
478	877.960
480	878.060
481	877.910
482	877.950
483	878.640
484	878.800
485	878.720
486	878.370
487	878.530
488	877.940
489	877.660
490	877.520
491	877.740
493	878.650
495	877.820
496	878.760
497	878.860
498	877.740
499	878.650
500	878.440
1	879.540
2	879.570
3	879.260
6	879.680
7	879.360
9	879.870
11	879.780
13	880.380
14	880.230
15	879.180
16	880.490
17	879.620
18	879.590
19	879.850
20	879.490
21	880.130
22	879.010
23	879.180
24	879.280
26	880.180
27	879.170
28	880.010
29	880.400
32	880.220
33	879.180
34	880.090
36	879.280
37	879.980
38	880.000
39	880.010
41	880.200
43	879.480
44	880.090
45	879.550
46	879.060
47	879.470
48	879.040
50	879.250
51	879.730
52	880.270
53	879.250
54	880.060
55	879.800
56	879.840
57	879.720
58	879.730
60	879.050
61	880.070
63	879.980
64	880.310
65	880.070
66	879.010
67	880.500
68	880.040
69	879.170
70	879.010
72	879.340
74	879.960
75	880.210
76	880.220
77	880.290
78	880.190
79	880.300
83	879.930
85	879.670
87	880.500
88	879.710
89	879.880
91	880.390
92	879.180
94	879.370
95	879.660
96	880.270
97	879.120
98	879.730
99	880.030
101	880.100
102	879.860
104	879.090
105	879.680
106	880.500
107	879.930
109	879.340
110	879.550
111	879.650
112	880.430
113	879.440
114	880.240
115	879.580
116	880.040
117	879.460
118	879.720
119	880.160
120	879.860
121	880.100
122	880.410
123	879.490
124	880.160
125	879.960
126	879.240
127	879.530
128	880.490
129	880.230
131	879.030
132	879.510
133	879.700
134	879.120
136	879.970
137	879.400
138	879.940
140	879.150
141	879.780
142	879.010
143	879.940
144	879.120
146	879.750
147	879.350
148	879.700
149	879.370
150	880.090
151	879.150
152	880.150
153	879.160
155	879.800
156	880.440
157	879.540
158	880.460
159	879.750
160	880.200
162	880.050
163	880.430
164	880.460
165	880.440
166	880.290
168	880.370
169	879.270
173	879.540
174	880.080
178	879.080
179	879.480
180	879.070
181	880.200
182	879.580
183	879.750
184	880.230
185	879.260
186	879.670
187	879.360
188	880.060
189	880.490
190	879.980
191	880.420
192	879.040
193	879.120
194	879.580
195	880.130
196	880.110
197	880.070
198	879.280
199	879.910
200	880.390
202	880.140
203	879.970
204	879.650
205	879.210
206	880.360
207	879.500
208	879.910
209	880.110
210	879.660
211	879.160
213	880.130
214	879.980
215	880.290
217	880.070
219	879.730
220	880.030
221	879.170
223	879.960
226	879.130
227	879.790
228	879.310
229	880.410
230	879.830
231	879.060
232	879.740
233	879.010
234	880.450
236	880.390
237	880.210
238	879.160
239	879.510
240	880.340
241	879.300
242	879.120
243	879.200
244	879.480
245	880.100
246	880.400
248	879.710
249	879.800
250	879.990
252	879.470
253	879.080
254	880.120
257	879.010
259	879.040
260	880.450
261	879.320
262	880.270
263	879.900
264	880.270
265	879.430
266	880.090
268	879.550
269	879.500
271	880.190
272	879.060
273	880.490
274	879.010
275	880.450
276	880.410
277	880.430
278	879.630
279	880.440
281	879.670
282	879.500
283	879.310
284	880.350
285	879.170
287	880.240
288	879.810
289	879.310
290	879.690
291	879.280
292	880.490
293	880.100
294	879.170
296	879.050
297	879.200
298	879.520
300	880.130
301	879.580
302	880.140
303	879.170
304	879.920
307	879.630
308	879.830
310	880.220
311	880.340
312	879.420
313	879.850
314	879.240
315	879.670
316	879.690
319	879.180
320	879.660
322	880.150
323	879.080
324	879.940
325	879.530
326	880.260
330	879.720
331	880.150
333	880.420
334	879.310
336	879.860
338	880.380
340	879.320
341	880.330
342	879.070
343	880.240
344	880.420
345	879.980
346	879.140
347	879.360
348	879.800
349	879.190
350	879.910
351	879.230
353	879.540
357	879.500
359	879.130
360	880.210
361	879.260
362	879.070
364	879.060
365	880.010
366	879.530
367	879.750
369	879.960
370	879.660
372	879.860
373	880.260
374	879.780
375	879.160
377	879.150
378	879.620
379	880.350
380	879.740
382	880.270
384	879.360
385	879.710
386	879.240
387	879.360
388	880.490
389	880.480
390	880.280
391	879.110
392	879.510
394	879.920
396	879.110
397	880.100
398	879.860
399	879.300
401	879.750
405	879.320
407	880.490
408	880.460
410	880.400
411	879.430
413	880.440
414	879.710
415	879.150
416	879.430
420	879.780
421	880.220
422	879.020
425	879.880
426	880.260
427	880.430
429	879.120
430	879.850
431	879.040
432	879.790
433	879.570
434	879.390
435	879.320
436	880.320
437	879.720
438	879.950
439	879.840
440	879.090
441	879.160
443	879.290
444	880.030
446	880.460
447	879.050
449	879.010
451	880.170
452	879.580
453	880.000
454	880.090
456	879.410
457	879.530
458	879.390
462	879.190
463	879.160
464	880.300
465	880.390
466	879.110
467	879.050
468	879.460
469	879.060
470	880.320
471	879.860
473	880.300
474	879.760
475	879.470
478	879.970
479	879.050
480	880.070
481	879.920
482	879.960
486	880.380
488	879.950
489	879.670
490	879.530
491	879.750
492	879.330
494	879.160
495	879.830
498	879.750
500	880.450
1	881.550
2	881.580
3	881.270
4	880.580
5	880.950
6	881.690
7	881.370
8	880.890
10	880.860
11	881.790
12	880.600
15	881.190
17	881.630
18	881.600
19	881.860
20	881.500
22	881.020
23	881.190
24	881.290
25	880.820
27	881.180
30	880.740
31	880.780
33	881.190
35	880.660
36	881.290
37	881.990
40	880.530
42	880.750
43	881.490
45	881.560
46	881.070
47	881.480
48	881.050
49	880.960
50	881.260
51	881.740
53	881.260
55	881.810
56	881.850
57	881.730
58	881.740
59	880.800
60	881.060
62	880.590
63	881.990
66	881.020
69	881.180
70	881.020
71	880.910
72	881.350
73	881.000
74	881.970
80	880.580
81	880.700
82	880.710
83	881.940
84	880.670
85	881.680
86	880.570
88	881.720
89	881.890
90	880.970
92	881.190
93	880.910
94	881.380
95	881.670
97	881.130
98	881.740
100	880.710
102	881.870
103	880.770
104	881.100
105	881.690
107	881.940
108	880.610
109	881.350
110	881.560
111	881.660
113	881.450
115	881.590
117	881.470
118	881.730
120	881.870
123	881.500
125	881.970
126	881.250
127	881.540
130	880.810
131	881.040
132	881.520
133	881.710
134	881.130
135	880.720
136	881.980
137	881.410
138	881.950
139	880.770
140	881.160
141	881.790
142	881.020
144	881.130
145	880.650
146	881.760
147	881.360
148	881.710
151	881.160
153	881.170
154	880.730
155	881.810
157	881.550
159	881.760
161	880.720
167	880.570
169	881.280
170	880.760
171	880.640
172	880.510
173	881.550
175	880.950
176	880.850
177	880.660
179	881.490
180	881.080
182	881.590
183	881.760
185	881.270
187	881.370
190	881.990
192	881.050
193	881.130
194	881.590
198	881.290
201	880.970
203	881.980
204	881.660
205	881.220
207	881.510
208	881.920
210	881.670
211	881.170
212	880.690
214	881.990
216	880.950
219	881.740
221	881.180
222	880.670
223	881.970
224	880.680
225	880.950
226	881.140
227	881.800
228	881.320
230	881.840
231	881.070
232	881.750
233	881.020
235	880.550
238	881.170
239	881.520
241	881.310
242	881.130
243	881.210
244	881.490
247	880.830
248	881.720
249	881.810
250	882.000
251	880.840
252	881.480
253	881.090
255	880.620
256	880.830
257	881.020
258	880.940
259	881.050
261	881.330
263	881.910
265	881.440
267	880.940
268	881.560
269	881.510
270	880.760
272	881.070
274	881.020
278	881.640
280	880.690
281	881.680
282	881.510
283	881.320
285	881.180
286	880.660
288	881.820
289	881.320
290	881.700
291	881.290
294	881.180
295	880.790
296	881.060
298	881.530
299	880.610
301	881.590
303	881.180
304	881.930
305	880.820
306	880.730
307	881.640
308	881.840
309	880.830
312	881.430
313	881.860
314	881.250
315	881.680
316	881.700
317	880.770
318	880.860
319	881.190
320	881.670
321	880.620
323	881.090
324	881.950
325	881.540
327	880.810
328	880.970
329	880.730
330	881.730
332	881.000
334	881.320
335	880.690
336	881.870
337	880.660
339	880.770
340	881.330
342	881.080
345	881.990
346	881.150
347	881.370
348	881.810
349	881.200
350	881.920
351	881.240
352	880.620
353	881.550
354	880.650
355	880.990
356	880.950
357	881.510
358	880.570
359	881.140
361	881.270
362	881.080
363	880.850
364	881.070
366	881.540
367	881.760
368	880.920
369	881.970
370	881.670
371	880.700
372	881.870
374	881.790
375	881.170
376	880.720
377	881.160
378	881.630
380	881.750
381	880.800
383	880.700
384	881.370
385	881.720
386	881.250
387	881.370
391	881.120
392	881.520
393	880.880
395	880.530
396	881.120
398	881.870
399	881.310
400	880.990
401	881.760
402	880.940
403	880.850
405	881.330
406	880.990
409	880.790
411	881.440
412	880.770
414	881.720
415	881.160
416	881.440
417	880.920
418	880.650
419	880.580
420	881.790
422	881.030
423	880.570
424	880.900
425	881.890
428	880.840
429	881.130
430	881.860
431	881.050
432	881.800
433	881.580
434	881.400
435	881.330
437	881.730
438	881.960
439	881.850
440	881.100
441	881.170
442	880.880
445	880.630
447	881.060
448	880.970
449	881.020
450	880.870
452	881.590
455	881.010
456	881.420
457	881.540
458	881.400
459	880.640
460	881.010
461	880.850
462	881.200
463	881.170
466	881.120
467	881.060
468	881.470
469	881.070
471	881.870
474	881.770
475	881.480
476	880.890
477	880.750
479	881.060
481	881.930
482	881.970
483	880.650
484	880.810
485	880.730
487	880.540
488	881.960
489	881.680
490	881.540
491	881.760
492	881.340
493	880.660
494	881.170
495	881.840
496	880.770
497	880.870
498	881.760
499	880.660
3	883.280
4	882.590
5	882.960
7	883.380
8	882.900
10	882.870
12	882.610
13	882.390
14	882.240
15	883.200
16	882.500
21	882.140
22	883.030
23	883.200
25	882.830
26	882.190
28	882.020
29	882.410
30	882.750
31	882.790
32	882.230
33	883.200
34	882.100
35	882.670
36	883.300
38	882.010
39	882.020
40	882.540
41	882.210
42	882.760
43	883.500
44	882.100
47	883.490
48	883.060
50	883.270
52	882.280
53	883.270
54	882.070
60	883.070
61	882.080
62	882.600
64	882.320
65	882.080
66	883.030
67	882.510
68	882.050
69	883.190
70	883.030
71	882.920
73	883.010
75	882.220
76	882.230
77	882.300
78	882.200
79	882.310
80	882.590
81	882.710
82	882.720
84	882.680
86	882.580
87	882.510
90	882.980
91	882.400
94	883.390
96	882.280
97	883.140
99	882.040
100	882.720
101	882.110
103	882.780
104	883.110
106	882.510
108	882.620
109	883.360
112	882.440
113	883.460
114	882.250
116	882.050
117	883.480
119	882.170
121	882.110
124	882.170
126	883.260
128	882.500
129	882.240
130	882.820
131	883.050
134	883.140
135	882.730
137	883.420
139	882.780
140	883.170
142	883.030
145	882.660
147	883.370
150	882.100
151	883.170
152	882.160
153	883.180
154	882.740
156	882.450
158	882.470
160	882.210
161	882.730
162	882.060
163	882.440
164	882.470
165	882.450
166	882.300
167	882.580
168	882.380
169	883.290
171	882.650
172	882.520
174	882.090
175	882.960
176	882.860
177	882.670
179	883.500
180	883.090
181	882.210
184	882.240
185	883.280
187	883.380
188	882.070
189	882.500
191	882.430
192	883.060
193	883.140
195	882.140
196	882.120
197	882.080
198	883.300
200	882.400
201	882.980
205	883.230
206	882.370
209	882.120
211	883.180
212	882.700
213	882.140
215	882.300
216	882.960
217	882.080
220	882.040
221	883.190
222	882.680
224	882.690
225	882.960
226	883.150
228	883.330
229	882.420
231	883.080
234	882.460
235	882.560
236	882.400
237	882.220
238	883.180
240	882.350
241	883.320
242	883.140
243	883.220
244	883.500
245	882.110
246	882.410
247	882.840
251	882.850
252	883.490
254	882.130
255	882.630
256	882.840
258	882.950
259	883.060
260	882.460
261	883.340
262	882.280
264	882.280
266	882.100
267	882.950
270	882.770
271	882.200
272	883.080
273	882.500
274	883.030
275	882.460
276	882.420
277	882.440
279	882.450
280	882.700
283	883.330
284	882.360
285	883.190
286	882.670
287	882.250
289	883.330
291	883.300
292	882.500
293	882.110
294	883.190
295	882.800
296	883.070
299	882.620
300	882.140
302	882.150
303	883.190
305	882.830
306	882.740
310	882.230
311	882.350
312	883.440
314	883.260
317	882.780
318	882.870
319	883.200
321	882.630
322	882.160
326	882.270
327	882.820
328	882.980
331	882.160
332	883.010
333	882.430
334	883.330
335	882.700
337	882.670
338	882.390
339	882.780
340	883.340
341	882.340
342	883.090
343	882.250
344	882.430
347	883.380
349	883.210
351	883.250
352	882.630
354	882.660
355	883.000
356	882.960
358	882.580
359	883.150
360	882.220
362	883.090
363	882.860
364	883.080
365	882.020
368	882.930
371	882.710
373	882.270
375	883.180
376	882.730
377	883.170
379	882.360
381	882.810
382	882.280
383	882.710
384	883.380
386	883.260
387	883.380
388	882.500
389	882.490
390	882.290
391	883.130
393	882.890
395	882.540
396	883.130
397	882.110
399	883.320
400	883.000
402	882.950
403	882.860
405	883.340
406	883.000
407	882.500
408	882.470
409	882.800
410	882.410
411	883.450
413	882.450
415	883.170
416	883.450
417	882.930
418	882.660
421	882.230
422	883.040
426	882.270
427	882.440
428	882.850
429	883.140
431	883.060
434	883.410
435	883.340
436	882.330
440	883.110
441	883.180
442	882.890
444	882.040
445	882.640
446	882.470
447	883.070
448	882.980
449	883.030
450	882.880
451	882.180
453	882.010
454	882.100
455	883.020
456	883.430
458	883.410
460	883.020
462	883.210
463	883.180
464	882.310
465	882.400
466	883.130
467	883.070
468	883.480
470	882.330
473	882.310
475	883.490
476	882.900
477	882.760
480	882.080
483	882.660
484	882.820
485	882.740
486	882.390
487	882.550
492	883.350
493	882.670
494	883.180
496	882.780
499	882.670
1	883.560
2	883.590
5	884.970
10	884.880
11	883.800
13	884.400
16	884.510
18	883.610
19	883.870
20	883.510
21	884.150
26	884.200
28	884.030
29	884.420
31	884.800
32	884.240
35	884.680
37	884.000
38	884.020
39	884.030
40	884.550
41	884.220
42	884.770
45	883.570
51	883.750
54	884.080
55	883.820
56	883.860
58	883.750
62	884.610
63	884.000
64	884.330
65	884.090
67	884.520
74	883.980
75	884.230
76	884.240
77	884.310
79	884.320
80	884.600
81	884.720
84	884.690
85	883.690
86	884.590
87	884.520
88	883.730
89	883.900
90	884.990
91	884.410
95	883.680
96	884.290
98	883.750
99	884.050
101	884.120
102	883.880
103	884.790
105	883.700
107	883.950
108	884.630
111	883.670
114	884.260
115	883.600
116	884.060
118	883.740
119	884.180
120	883.880
121	884.120
123	883.510
124	884.180
128	884.510
130	884.830
132	883.530
133	883.720
138	883.960
145	884.670
146	883.770
148	883.720
150	884.110
152	884.170
155	883.820
156	884.460
157	883.560
158	884.480
159	883.770
160	884.220
161	884.740
162	884.070
165	884.460
166	884.310
167	884.590
168	884.390
171	884.660
172	884.530
173	883.560
176	884.870
177	884.680
181	884.220
182	883.600
183	883.770
184	884.250
188	884.080
194	883.600
196	884.130
197	884.090
200	884.410
203	883.990
204	883.670
206	884.380
207	883.520
208	883.930
209	884.130
210	883.680
212	884.710
213	884.150
214	884.000
215	884.310
217	884.090
219	883.750
220	884.050
223	883.980
224	884.700
225	884.970
227	883.810
229	884.430
230	883.850
234	884.470
236	884.410
237	884.230
239	883.530
240	884.360
245	884.120
246	884.420
247	884.850
248	883.730
249	883.820
254	884.140
255	884.640
260	884.470
262	884.290
263	883.920
264	884.290
266	884.110
267	884.960
268	883.570
269	883.520
273	884.510
275	884.470
276	884.430
277	884.450
279	884.460
281	883.690
282	883.520
284	884.370
286	884.680
287	884.260
288	883.830
290	883.710
292	884.510
298	883.540
301	883.600
302	884.160
304	883.940
305	884.840
307	883.650
308	883.850
310	884.240
311	884.360
313	883.870
315	883.690
316	883.710
317	884.790
318	884.880
320	883.680
324	883.960
325	883.550
326	884.280
328	884.990
333	884.440
335	884.710
337	884.680
339	884.790
343	884.260
345	884.000
348	883.820
350	883.930
352	884.640
353	883.560
354	884.670
357	883.520
358	884.590
363	884.870
365	884.030
366	883.550
367	883.770
368	884.940
369	883.980
370	883.680
372	883.880
374	883.800
380	883.760
381	884.820
382	884.290
383	884.720
385	883.730
390	884.300
392	883.530
395	884.550
397	884.120
398	883.880
401	883.770
402	884.960
403	884.870
407	884.510
408	884.480
409	884.810
410	884.420
413	884.460
414	883.730
418	884.670
420	883.800
421	884.240
425	883.900
426	884.280
427	884.450
428	884.860
430	883.870
438	883.970
439	883.860
442	884.900
445	884.650
448	884.990
450	884.890
451	884.190
452	883.600
453	884.020
454	884.110
464	884.320
465	884.410
470	884.340
471	883.880
474	883.780
476	884.910
477	884.770
480	884.090
481	883.940
482	883.980
483	884.670
484	884.830
485	884.750
489	883.690
490	883.550
491	883.770
493	884.680
2	885.600
18	885.620
20	885.520
21	886.160
22	885.040
23	885.210
26	886.210
28	886.040
29	886.430
36	885.310
37	886.010
38	886.030
43	885.510
45	885.580
47	885.500
48	885.070
58	885.760
60	885.080
63	886.010
64	886.340
65	886.100
66	885.040
70	885.040
73	885.020
74	885.990
76	886.250
85	885.700
91	886.420
94	885.400
96	886.300
97	885.150
109	885.370
113	885.470
114	886.270
119	886.190
121	886.130
123	885.520
126	885.270
131	885.060
132	885.540
133	885.730
134	885.150
137	885.430
138	885.970
140	885.180
142	885.040
146	885.780
150	886.120
151	885.180
155	885.830
160	886.230
162	886.080
165	886.470
169	885.300
179	885.510
180	885.100
181	886.230
183	885.780
188	886.090
192	885.070
193	885.150
194	885.610
197	886.100
200	886.420
204	885.680
205	885.240
214	886.010
220	886.060
227	885.820
229	886.440
230	885.860
238	885.190
239	885.540
241	885.330
243	885.230
244	885.510
249	885.830
252	885.500
254	886.150
259	885.070
261	885.350
262	886.300
263	885.930
266	886.120
268	885.580
277	886.460
285	885.200
289	885.340
290	885.720
301	885.610
302	886.170
303	885.200
304	885.950
307	885.660
308	885.860
311	886.370
312	885.450
314	885.270
315	885.700
324	885.970
326	886.290
340	885.350
345	886.010
347	885.390
348	885.830
350	885.940
355	885.010
357	885.530
359	885.160
364	885.090
366	885.560
367	885.780
372	885.890
377	885.180
380	885.770
385	885.740
387	885.390
392	885.540
396	885.140
397	886.130
400	885.010
408	886.490
416	885.460
422	885.050
425	885.910
427	886.460
429	885.150
430	885.880
431	885.070
435	885.350
439	885.870
441	885.190
447	885.080
449	885.040
452	885.610
453	886.030
455	885.030
456	885.440
467	885.080
474	885.790
481	885.950
482	885.990
489	885.700
490	885.560
492	885.360
494	885.190
5	886.980
18	887.630
47	887.510
70	887.050
80	886.610
81	886.730
87	886.530
94	887.410
97	887.160
103	886.800
123	887.530
128	886.520
130	886.840
137	887.440
138	887.980
140	887.190
161	886.750
169	887.310
172	886.540
177	886.690
179	887.520
180	887.260
212	886.720
225	886.980
227	887.830
263	887.940
301	887.620
303	887.210
304	887.960
305	886.850
315	887.710
317	886.800
335	886.720
337	886.690
340	887.360
352	886.650
357	887.540
358	886.600
364	887.100
372	887.900
377	887.190
385	887.750
387	887.400
416	887.470
425	887.920
428	886.870
429	887.160
442	886.910
445	886.660
447	887.090
448	887.000
449	887.050
476	886.920
477	886.780
484	886.840
490	887.570
94	889.420
130	888.850
160	888.240
162	888.090
214	888.020
254	888.160
302	888.180
317	888.810
345	888.020
397	888.140
445	888.670
419	953.830
200	955.040
324	954.080
36	955.690
57	955.890
70	956.240
81	956.980
286	956.560
483	956.680
59	957.300
237	957.510
253	958.010
336	957.520
385	958.020
8	959.270
29	958.900
30	960.000
34	958.600
61	959.510
112	958.660
116	959.630
142	959.280
155	958.940
168	958.690
176	959.200
218	959.890
221	959.750
290	958.580
303	959.330
319	959.390
365	958.870
433	959.910
490	959.740
493	958.690
6	961.190
26	960.090
34	961.310
96	960.570
98	960.680
109	960.910
112	961.050
165	960.810
178	961.160
180	960.120
269	960.990
336	960.160
341	960.390
365	961.080
366	960.940
385	961.290
484	961.150
16	962.400
18	962.960
26	962.100
30	962.010
35	962.500
48	962.180
61	962.610
76	962.970
77	962.330
103	962.480
116	962.240
118	962.100
123	962.930
127	962.640
129	961.990
136	962.890
141	962.440
155	962.180
177	962.250
184	962.170
189	961.520
201	962.670
203	962.670
204	962.600
213	962.340
242	962.570
247	962.770
250	963.000
276	961.940
277	962.990
309	962.800
311	962.960
323	962.980
343	962.410
345	962.040
352	962.630
374	962.680
381	962.690
383	962.420
388	961.920
412	962.050
415	962.630
424	961.670
430	961.710
433	962.230
446	962.510
456	961.560
457	962.270
459	961.740
468	961.620
485	961.840
6	964.040
16	964.410
24	963.490
26	964.110
30	964.020
33	963.210
42	963.630
48	964.470
54	963.860
59	964.250
60	963.020
62	963.580
63	964.440
77	964.340
86	963.650
104	963.620
108	964.300
109	963.920
110	963.470
117	964.360
118	964.110
120	963.790
122	964.330
130	963.450
140	963.790
145	963.150
146	963.710
159	963.870
164	963.100
168	963.680
174	963.270
178	964.220
180	963.290
182	963.630
193	963.750
194	963.990
197	964.160
206	964.410
208	964.310
213	964.350
218	963.760
231	963.390
245	964.020
269	963.800
273	963.250
275	963.730
276	964.330
281	964.340
302	963.860
327	963.450
336	963.590
345	964.280
357	963.470
365	963.090
366	963.490
379	963.820
382	964.090
385	963.940
401	964.350
407	963.800
409	964.140
410	963.940
413	963.130
418	963.380
419	964.120
424	963.680
441	963.730
455	964.210
456	963.970
457	964.490
459	963.750
467	963.580
468	963.630
472	963.300
475	964.430
482	963.710
484	964.130
498	963.620
13	964.560
14	965.280
18	965.070
20	965.600
21	965.640
28	965.880
33	965.810
39	964.710
42	965.640
46	964.700
50	965.290
52	964.750
53	965.340
54	965.870
56	965.120
61	964.620
65	964.650
68	965.360
81	964.730
91	965.390
92	965.210
96	965.580
97	965.830
103	965.250
107	965.570
110	965.590
112	965.080
116	964.830
123	965.000
127	964.650
133	964.570
141	965.660
143	964.810
158	965.960
159	965.970
162	965.570
173	964.910
174	965.350
175	965.620
177	965.140
180	965.690
181	965.320
182	965.640
185	964.960
189	964.620
190	965.350
198	965.140
203	965.250
212	965.640
215	965.640
217	964.810
218	965.770
222	964.680
225	965.510
231	965.400
233	964.940
234	964.550
237	965.080
239	964.830
248	965.500
258	965.730
262	965.020
263	965.540
268	965.420
273	965.320
279	966.000
284	965.190
291	965.020
293	965.900
302	965.870
306	965.800
307	964.940
309	964.810
311	964.970
312	965.040
313	964.620
315	965.050
316	964.530
322	965.670
323	965.540
327	965.590
329	964.780
330	965.680
336	965.600
339	964.690
340	965.320
341	965.690
342	964.570
343	965.720
352	965.050
355	965.040
365	965.860
366	965.500
374	965.330
378	965.150
379	965.990
380	964.670
381	964.700
383	965.880
388	964.540
389	965.000
390	964.730
393	964.990
400	965.490
403	964.840
405	965.730
407	965.810
413	965.270
414	965.820
415	965.010
418	965.430
424	965.690
433	964.600
434	965.400
441	965.740
446	965.300
447	966.000
458	964.700
459	965.760
464	965.860
468	965.640
470	964.670
471	965.110
474	965.530
476	964.640
479	965.820
486	965.050
490	964.960
493	964.720
497	965.580
499	965.090
13	966.570
16	966.420
18	967.080
19	967.130
22	966.110
23	966.090
26	966.120
31	966.260
35	966.690
39	967.040
41	966.670
45	967.170
46	966.710
48	966.480
50	967.300
51	967.350
52	966.760
53	967.350
56	967.130
59	966.260
60	967.090
61	966.630
65	966.660
66	966.260
81	967.480
89	966.760
91	967.400
92	967.220
95	966.790
101	966.260
105	966.090
108	966.310
109	966.570
112	967.250
116	966.840
117	966.370
118	966.120
119	966.340
122	967.200
123	967.010
125	967.370
127	966.660
133	966.580
135	966.640
136	967.280
137	967.360
143	967.230
145	966.040
146	966.660
161	967.390
169	966.460
170	966.270
173	966.920
174	967.360
177	967.150
178	966.230
183	967.040
185	966.970
190	967.360
194	966.230
197	966.170
206	966.990
208	966.320
213	966.360
217	966.820
220	967.310
222	966.690
231	967.410
235	966.560
237	967.090
239	966.870
245	966.030
246	966.680
249	967.300
251	966.100
262	967.030
266	966.620
268	967.430
272	966.610
273	967.330
275	967.360
276	966.460
281	966.350
282	966.340
289	966.870
304	967.480
309	966.820
311	966.980
312	967.050
314	967.460
315	967.130
316	966.710
320	967.340
325	966.540
326	966.250
329	966.790
331	967.450
335	967.030
339	966.700
340	967.330
345	966.290
346	966.040
347	967.260
356	966.500
357	966.500
358	966.540
359	967.160
364	966.330
367	967.470
368	966.040
374	967.340
378	967.160
380	966.680
381	966.710
382	966.100
385	966.300
388	966.550
389	967.010
393	967.000
403	966.850
404	966.600
408	967.390
410	966.300
411	967.420
412	967.040
413	967.280
417	967.120
418	967.440
419	967.000
431	967.400
432	966.790
434	967.410
437	966.360
443	966.810
444	966.370
446	967.310
449	966.770
456	966.060
457	966.500
458	966.710
460	966.890
467	966.590
470	966.680
471	967.210
472	967.180
473	967.200
475	966.440
476	966.750
478	966.090
486	967.060
487	966.410
490	967.160
493	966.730
499	967.100
1	968.780
5	968.880
10	968.490
13	968.580
14	967.610
16	968.430
17	967.890
26	968.130
27	968.320
28	967.890
30	967.970
31	968.270
32	968.510
33	967.820
41	968.680
42	967.650
46	968.720
48	968.490
52	968.770
54	967.880
59	968.270
61	968.640
62	967.770
64	967.790
65	968.670
66	968.270
68	967.620
69	968.380
70	967.810
71	968.110
73	968.550
74	967.550
78	968.610
84	968.640
88	968.100
89	968.770
90	967.830
96	967.970
97	967.980
98	968.730
101	968.270
102	967.570
103	968.090
105	968.620
106	968.840
107	967.580
108	968.320
110	967.600
115	968.700
117	968.380
120	967.690
121	968.790
124	968.060
127	968.670
129	968.750
130	968.870
132	968.650
133	968.590
135	968.850
144	968.530
145	968.050
149	967.520
150	968.940
158	968.530
159	967.980
164	968.410
168	968.500
169	968.470
173	968.930
175	967.630
176	967.550
178	968.240
182	967.650
185	968.980
186	968.520
187	968.280
189	968.230
192	967.580
197	968.180
199	968.220
200	968.440
202	967.700
205	968.550
206	969.000
208	968.330
209	968.220
210	968.200
212	967.690
213	968.370
215	967.650
216	968.580
217	968.830
218	968.450
222	968.700
224	968.580
225	967.700
226	967.950
228	968.290
232	967.630
233	967.560
234	967.600
235	968.830
244	967.960
245	968.040
246	968.690
247	968.720
248	967.510
252	968.670
256	969.000
258	967.740
263	967.970
266	968.810
269	968.620
270	967.850
272	968.620
274	968.190
277	968.260
279	968.010
280	967.840
281	968.360
282	968.350
284	967.710
287	968.700
291	968.120
293	967.910
296	967.920
297	967.790
298	968.390
299	968.200
301	968.650
302	967.880
307	967.870
309	968.830
310	968.210
311	968.990
313	967.980
316	968.720
319	968.430
321	968.210
322	967.680
323	968.170
325	968.550
327	967.600
328	968.890
329	968.800
330	967.690
332	967.900
334	968.540
336	967.610
339	968.710
341	968.470
342	967.750
343	967.730
345	968.300
346	968.050
349	968.020
352	968.170
355	967.510
356	968.850
357	968.510
358	968.550
363	968.830
364	968.340
365	968.630
366	967.510
368	968.050
369	968.860
370	968.400
372	968.760
375	967.770
380	968.690
381	968.720
382	968.110
385	968.650
388	968.560
390	967.890
394	967.880
395	968.900
397	968.490
398	968.430
399	967.770
400	968.110
402	968.440
403	968.860
404	968.610
405	967.740
407	967.820
410	968.310
414	967.830
415	968.410
416	968.200
421	967.680
424	968.370
425	967.780
427	968.120
433	968.200
436	969.000
437	968.370
441	967.750
444	968.490
449	968.780
453	968.840
455	968.310
456	968.070
457	968.530
458	968.720
459	967.770
460	968.900
464	968.000
467	968.830
468	967.650
469	968.420
470	968.690
474	967.620
475	968.450
476	968.760
478	968.100
487	968.420
488	968.340
493	968.740
495	967.700
496	968.890
497	967.590
2	969.990
4	969.080
6	970.260
7	970.060
8	969.500
9	969.480
10	970.500
14	969.620
16	970.440
18	969.090
19	969.140
22	969.390
23	969.750
26	970.140
27	970.330
28	969.900
31	970.280
36	969.490
39	969.050
42	969.660
44	969.580
45	969.180
47	969.170
48	970.500
49	969.850
50	969.310
51	969.360
53	969.360
54	969.890
55	969.970
56	969.140
59	970.280
60	969.680
62	970.090
64	969.800
66	970.280
68	969.630
69	970.390
70	969.820
71	970.120
74	969.560
80	969.550
81	969.490
82	969.830
83	969.250
85	970.400
88	970.110
90	969.840
91	969.410
92	969.230
95	970.380
96	969.980
97	969.990
101	970.280
102	969.580
103	970.100
107	969.590
108	970.330
109	969.580
110	969.610
112	969.260
113	970.280
116	969.910
117	970.390
119	969.240
120	969.860
122	969.210
125	969.380
131	970.330
134	969.030
136	969.290
137	969.370
139	970.100
141	970.270
142	969.840
145	970.060
146	969.870
149	969.530
151	969.410
154	970.290
155	969.410
156	969.820
159	969.990
161	969.400
163	970.040
164	970.420
169	970.480
170	969.660
174	969.370
175	969.640
176	969.560
177	969.160
178	970.250
180	969.040
181	969.590
182	969.660
187	970.290
188	969.230
189	970.380
190	969.370
192	969.590
194	969.790
197	970.190
199	970.230
202	969.710
207	969.220
208	970.340
209	970.230
212	969.700
213	970.380
215	969.660
219	969.270
220	969.340
223	969.530
226	969.960
228	970.300
231	969.420
232	969.640
233	969.570
234	969.610
236	969.310
237	969.100
238	969.930
242	969.050
244	969.970
245	970.050
248	969.520
249	969.310
251	970.230
257	969.270
258	969.750
259	969.130
260	969.740
262	969.040
263	969.980
264	969.810
265	969.090
268	969.650
270	969.860
271	969.700
273	969.340
274	970.200
276	969.410
277	970.270
279	970.020
280	969.850
281	970.370
282	970.360
283	969.570
285	970.460
288	970.120
289	969.030
291	970.130
292	969.500
293	969.920
294	969.880
295	969.760
296	969.930
297	969.980
298	970.400
299	970.210
300	969.740
302	969.890
303	969.750
304	969.490
306	969.570
307	969.880
310	970.220
312	969.060
314	969.470
315	969.140
318	969.420
319	970.440
320	969.350
321	970.290
322	969.690
323	970.410
327	969.610
330	969.700
331	969.460
332	969.910
333	969.250
335	969.040
336	969.620
337	969.410
338	969.530
340	969.340
341	970.480
343	969.740
345	970.310
346	970.060
347	969.360
349	970.030
352	970.220
353	970.190
355	969.950
359	969.170
361	970.160
364	970.350
366	969.520
367	969.480
368	970.060
370	970.410
374	969.350
375	969.780
378	969.170
382	970.120
389	969.020
390	969.900
392	969.580
393	969.010
394	969.890
396	969.800
397	970.500
398	970.440
399	969.820
402	970.450
405	969.750
407	969.830
408	969.400
410	970.320
411	969.430
412	969.050
413	969.530
414	969.840
416	970.210
417	969.130
419	969.010
421	969.690
424	970.380
425	969.790
427	970.170
428	970.310
429	969.840
431	969.490
432	969.880
433	970.210
434	969.420
437	970.380
439	969.090
441	969.760
443	969.400
444	970.500
446	969.320
447	969.230
448	969.390
451	970.210
452	969.750
456	970.080
459	969.780
462	970.410
464	970.010
466	969.870
468	969.660
469	970.430
471	969.220
472	969.190
473	970.410
474	969.630
475	970.460
477	969.810
478	970.110
479	969.430
481	969.880
482	969.270
483	969.130
486	969.070
487	970.430
488	970.350
490	969.190
494	969.410
495	970.170
497	969.600
498	969.840
499	969.110
1	970.790
2	972.000
4	971.090
5	970.890
8	971.510
9	971.490
13	970.590
14	971.630
15	971.710
17	971.220
18	971.100
19	971.150
20	971.740
22	971.400
23	971.760
24	971.930
25	971.870
28	971.910
32	970.520
34	970.880
35	970.970
38	971.490
39	971.060
40	971.060
41	970.690
42	971.670
43	971.220
44	971.590
45	971.190
46	970.730
47	971.180
49	971.860
50	971.320
51	971.370
52	970.780
53	971.370
54	971.900
55	971.980
56	971.150
60	971.690
61	970.650
63	971.140
64	971.810
65	970.680
67	970.940
68	971.640
70	971.830
73	970.560
74	971.570
78	970.620
80	971.560
81	971.500
83	971.260
84	970.650
86	971.210
89	970.780
90	971.850
91	971.420
92	971.240
94	971.770
96	971.990
97	972.000
98	970.740
102	971.590
105	970.630
106	970.850
107	971.600
109	971.590
110	971.620
111	971.950
112	971.270
115	970.710
116	972.000
118	971.550
119	971.250
120	971.870
121	970.800
122	971.220
123	971.080
124	970.700
125	971.390
126	970.620
127	970.680
128	971.560
129	970.760
130	971.480
132	970.660
133	970.600
134	971.040
135	970.860
136	971.300
137	971.380
138	970.710
142	971.850
143	970.750
144	970.540
147	970.650
148	970.610
149	971.540
150	970.950
151	971.420
155	971.420
156	971.830
158	970.540
159	972.000
160	971.460
161	971.410
166	971.120
167	971.590
168	970.510
170	971.670
173	970.940
174	971.380
175	971.650
176	971.570
177	971.170
179	971.380
180	971.740
181	971.600
182	971.670
183	970.850
185	970.990
186	970.720
188	971.240
190	971.380
191	971.080
192	971.600
193	971.680
200	971.710
201	971.810
202	971.720
203	970.920
205	970.560
206	971.010
207	971.230
211	971.610
212	971.710
214	971.780
215	971.670
216	970.590
217	970.840
218	970.770
219	971.280
221	971.190
222	970.710
223	971.540
224	970.590
225	971.380
226	971.970
230	971.130
231	971.430
232	971.650
233	971.580
234	971.620
235	970.840
236	971.630
237	971.110
238	971.940
241	970.520
242	971.060
243	971.370
244	971.980
246	970.700
247	970.730
248	971.530
249	971.320
252	970.990
256	971.010
257	971.280
258	971.760
259	971.220
260	971.750
262	971.050
263	971.990
264	971.820
265	971.100
266	970.820
267	971.720
268	971.660
269	971.100
270	971.870
271	971.710
272	970.630
273	971.350
275	970.830
276	971.420
278	971.690
280	971.860
283	971.580
287	970.710
289	971.040
290	971.970
292	971.510
293	971.930
294	971.890
295	971.770
296	971.940
297	971.990
300	971.750
301	970.660
302	971.900
303	971.760
304	971.500
306	971.580
307	971.890
308	970.890
309	970.840
311	971.000
312	971.070
313	970.670
314	971.480
315	971.150
316	970.730
320	971.360
322	971.700
325	970.560
327	971.620
328	970.900
329	970.810
330	971.710
331	971.470
332	971.920
333	971.260
334	970.550
335	971.050
337	971.420
338	971.540
339	970.720
340	971.350
342	971.480
343	971.750
344	971.690
347	971.370
350	971.490
354	971.180
356	970.860
357	970.520
358	970.560
359	971.180
362	970.970
363	970.840
365	970.640
366	971.530
367	971.490
369	970.870
371	971.120
372	970.770
374	971.360
375	971.790
377	970.700
378	971.180
379	971.830
380	970.700
381	970.730
385	970.660
387	971.160
388	970.570
389	971.030
390	971.910
392	971.590
393	971.020
394	971.900
395	970.910
396	971.810
399	971.830
400	971.470
403	970.870
404	970.620
405	971.760
407	971.840
408	971.410
409	971.900
411	971.440
412	971.060
413	971.540
414	971.850
415	971.680
417	971.140
418	970.740
419	971.020
420	971.490
421	971.700
422	971.170
423	971.880
425	971.800
429	971.850
430	970.670
431	971.710
432	971.890
434	971.430
436	971.010
438	971.060
439	971.100
440	970.590
442	971.580
443	971.410
445	971.370
446	971.330
447	971.240
448	971.400
449	970.790
452	971.760
453	970.850
454	971.370
457	971.090
458	970.730
459	971.790
460	970.910
461	972.000
463	970.860
465	971.600
466	971.880
467	970.840
468	971.670
470	970.700
471	971.230
472	971.200
474	971.640
476	970.770
477	971.820
479	971.440
480	971.770
481	971.890
483	971.140
484	970.890
485	970.900
486	971.080
490	971.200
491	971.480
492	971.440
493	970.750
496	970.900
497	971.610
498	971.850
499	971.120
1	972.800
3	973.190
4	973.100
5	972.900
6	972.300
7	972.070
9	973.500
10	972.510
13	972.600
16	972.450
17	973.230
18	973.110
19	973.160
22	973.410
26	972.150
27	972.340
31	972.290
32	972.530
34	972.890
35	972.980
36	972.540
37	972.460
38	973.500
39	973.070
40	973.070
41	972.700
43	973.230
45	973.200
46	972.740
47	973.190
48	972.510
50	973.330
51	973.380
52	972.790
53	973.380
56	973.160
58	972.150
59	972.290
61	972.660
62	972.600
63	973.150
65	972.690
66	972.290
67	972.950
69	972.400
71	972.130
73	972.570
75	972.650
76	972.410
77	972.940
78	972.630
79	972.590
82	972.060
83	973.270
84	972.660
85	972.410
86	973.220
87	972.990
88	972.120
89	972.790
91	973.430
92	973.250
93	972.750
95	972.390
98	972.750
99	972.480
100	973.270
101	972.290
103	972.110
105	972.640
106	972.860
108	972.340
112	973.280
113	972.290
114	973.450
115	972.720
117	972.400
119	973.260
121	972.810
122	973.230
123	973.090
124	972.710
125	973.400
126	972.630
127	972.690
129	972.770
130	973.490
131	972.510
132	972.670
133	972.610
134	973.050
135	972.870
136	973.310
137	973.390
138	972.720
139	972.110
140	973.040
141	972.280
143	973.280
144	972.550
145	972.070
146	972.760
147	972.660
148	972.620
150	972.960
151	973.430
152	972.230
153	972.070
154	972.300
155	973.430
158	972.550
160	973.470
161	973.420
163	972.050
164	972.430
165	972.430
166	973.130
168	972.520
169	972.490
171	972.010
173	972.950
174	973.390
177	973.180
178	972.260
179	973.390
183	973.500
185	973.000
186	972.730
187	972.300
188	973.250
189	972.390
190	973.390
191	973.090
194	972.260
195	972.560
196	972.630
197	972.200
199	972.240
203	972.930
204	972.950
205	972.570
206	973.020
207	973.240
208	972.350
209	972.240
210	972.230
213	972.390
216	972.600
217	972.850
218	972.870
219	973.290
220	972.450
221	973.200
222	972.720
224	972.600
225	973.390
227	972.800
228	972.310
229	972.050
230	973.140
231	973.440
235	972.850
237	973.120
241	972.530
242	973.070
243	973.380
245	972.060
246	972.710
247	972.740
249	973.330
250	972.800
251	972.240
252	973.000
254	972.940
255	972.450
256	973.020
257	973.290
259	973.230
261	972.750
262	973.060
265	973.110
266	972.830
269	973.110
272	972.640
273	973.360
274	972.210
275	972.840
276	973.430
277	972.280
279	972.030
281	972.380
282	972.370
284	972.630
285	972.470
286	972.750
287	972.720
288	972.130
289	973.050
291	972.140
298	972.410
299	972.220
301	972.670
308	972.900
309	972.850
310	972.230
311	973.010
312	973.080
313	972.680
314	973.490
315	973.160
316	973.010
317	973.310
319	972.450
320	973.370
321	972.300
323	972.420
325	972.570
326	972.430
328	972.910
329	972.820
331	973.480
333	973.270
334	972.560
335	973.060
336	972.220
337	973.430
339	972.730
340	973.360
341	972.490
342	973.490
345	972.320
346	972.070
347	973.380
348	972.080
349	972.040
350	973.500
352	972.230
353	972.200
354	973.190
355	972.030
356	972.870
357	972.530
358	972.570
359	973.190
361	972.170
362	972.980
363	972.850
364	972.360
365	972.650
367	973.500
368	972.070
369	972.880
370	972.420
371	973.130
372	972.780
374	973.370
376	972.330
377	972.710
378	973.190
380	972.710
381	972.740
382	972.130
385	972.670
387	973.170
388	972.580
389	973.040
393	973.030
395	972.920
397	972.510
398	972.450
400	973.480
401	973.010
402	972.460
403	972.880
404	972.630
408	973.420
410	972.330
411	973.450
412	973.070
416	972.220
417	973.150
418	972.750
419	973.030
420	973.500
422	973.180
424	972.390
426	973.210
427	972.180
428	972.320
430	973.170
433	972.220
434	973.440
436	973.020
437	972.390
438	973.070
439	973.110
440	972.600
441	973.290
443	973.420
444	972.510
445	973.380
446	973.340
447	973.250
448	973.410
449	972.800
451	972.220
453	972.860
454	973.380
455	973.290
456	972.090
457	973.100
458	972.740
460	972.920
462	972.420
463	972.870
464	972.020
467	972.850
469	972.440
470	972.710
471	973.240
472	973.210
473	972.420
475	972.470
476	972.780
478	972.120
479	973.450
482	972.730
483	973.150
484	972.900
485	972.910
486	973.090
487	972.440
488	972.360
490	973.210
491	973.490
492	973.450
493	972.760
494	972.580
495	972.180
496	972.910
499	973.130
1	974.810
2	974.010
5	974.910
6	974.310
7	974.080
8	973.520
10	974.520
11	973.680
13	974.610
14	973.640
15	973.720
16	974.460
20	973.750
23	973.770
24	973.940
25	974.010
26	974.160
27	974.350
28	973.920
29	974.770
30	974.710
31	974.300
32	974.540
33	973.880
34	974.900
35	974.990
36	974.550
37	974.470
41	974.710
42	973.680
44	973.600
46	974.750
48	974.520
49	973.870
52	974.800
54	973.910
55	973.990
57	973.690
58	974.160
59	974.300
60	973.700
61	974.670
62	974.610
64	973.820
65	974.700
66	974.300
67	974.960
68	973.650
69	974.410
70	973.840
71	974.140
72	974.810
73	974.580
74	973.580
75	974.660
76	974.420
77	974.950
78	974.640
79	974.600
80	973.570
81	973.510
82	974.070
84	974.670
85	974.420
87	975.000
88	974.130
89	974.800
90	973.860
93	974.760
94	973.780
95	974.400
96	974.000
97	974.010
98	974.760
99	974.490
101	974.300
102	973.600
103	974.120
104	973.850
105	974.650
106	974.870
107	973.610
108	974.350
109	973.600
110	973.630
111	973.960
113	974.300
115	974.730
116	974.010
117	974.410
118	973.560
120	973.880
121	974.820
124	974.720
126	974.640
127	974.700
128	973.570
129	974.780
131	974.520
132	974.680
133	974.620
135	974.880
138	974.730
139	974.120
141	974.290
142	973.860
144	974.560
145	974.080
146	974.770
147	974.670
148	974.630
149	973.550
150	974.970
152	974.240
153	974.080
154	974.310
156	973.840
157	974.760
158	974.560
159	974.010
162	974.150
163	974.060
164	974.440
165	974.440
167	973.600
168	974.530
169	974.500
170	973.680
171	974.020
173	974.960
175	973.660
176	973.580
178	974.270
180	973.750
181	973.610
182	973.680
184	973.860
186	974.740
187	974.310
189	974.400
192	973.610
193	973.690
194	974.270
195	974.570
196	974.640
197	974.210
199	974.250
200	973.720
201	973.820
202	973.730
203	974.940
204	974.960
205	974.580
208	974.360
209	974.250
210	974.240
211	973.620
212	973.720
213	974.400
214	973.790
215	973.680
216	974.610
217	974.860
218	974.890
222	974.730
223	973.550
224	974.610
226	973.980
227	974.810
228	974.320
229	974.060
232	973.660
233	973.590
234	973.630
235	974.860
236	973.640
238	973.950
239	973.950
241	974.540
244	973.990
245	974.070
246	974.720
247	974.750
248	973.540
250	974.810
251	974.250
254	974.950
255	974.460
258	973.770
260	973.760
261	974.760
263	974.000
264	973.830
266	974.840
267	973.730
268	973.670
270	973.880
271	973.720
272	974.650
274	974.220
275	974.850
277	974.290
278	973.700
279	974.040
280	973.870
281	974.390
282	974.380
283	973.590
284	974.640
285	974.480
286	974.760
287	974.730
288	974.140
290	973.980
291	974.150
292	973.520
293	973.940
294	973.900
295	973.780
296	973.950
297	974.000
298	974.420
299	974.230
300	973.760
301	974.680
302	973.910
303	973.770
304	973.510
306	973.590
307	973.900
308	974.910
309	974.860
310	974.240
313	974.690
318	973.760
319	974.460
321	974.310
322	973.710
323	974.430
324	973.840
325	974.580
326	974.440
327	973.630
328	974.920
329	974.830
330	973.720
332	973.930
334	974.570
336	974.730
338	973.550
339	974.740
341	974.500
343	973.760
344	973.700
345	974.330
346	974.080
348	974.090
349	974.050
351	974.260
352	974.240
353	974.210
355	974.040
356	974.880
357	974.540
358	974.580
360	973.650
361	974.180
362	974.990
363	974.860
364	974.370
365	974.660
366	973.540
368	974.080
369	974.890
370	974.430
372	974.790
375	973.800
376	974.340
377	974.720
379	973.840
380	974.720
381	974.750
382	974.140
384	974.680
385	974.680
388	974.590
390	973.920
392	973.600
394	973.910
395	974.930
396	973.820
397	974.520
398	974.460
399	973.840
402	974.470
403	974.890
404	974.640
405	973.770
406	973.800
407	973.850
409	973.910
410	974.340
413	973.550
414	973.860
415	973.690
416	974.230
418	974.760
421	973.710
423	973.890
424	974.400
425	973.810
427	974.190
428	974.330
429	973.860
431	973.720
432	973.900
433	974.230
435	974.340
437	974.400
440	974.610
442	973.590
444	974.520
449	974.810
450	974.080
451	974.230
452	973.770
453	974.870
456	974.100
458	974.750
459	973.800
460	974.930
461	974.010
462	974.430
463	974.880
464	974.030
465	973.610
466	973.890
467	974.860
468	973.680
469	974.450
470	974.720
473	974.430
474	973.650
475	974.480
476	974.790
477	973.830
478	974.130
480	973.780
481	973.900
482	974.740
484	974.910
485	974.920
487	974.450
488	974.370
489	974.230
493	974.770
494	974.590
495	974.190
496	974.920
497	973.620
498	973.860
500	974.770
2	976.020
3	975.200
4	975.110
6	976.320
7	976.090
8	975.530
9	975.510
11	975.690
12	975.570
14	975.650
15	975.730
16	976.470
17	975.240
18	975.120
19	975.170
20	975.760
21	976.260
22	975.420
23	975.780
24	975.950
25	976.020
26	976.170
27	976.360
28	975.930
31	976.310
33	975.890
37	976.480
38	975.510
39	975.080
40	975.080
42	975.690
43	975.240
44	975.610
45	975.210
47	975.200
49	975.880
50	975.340
51	975.390
53	975.390
54	975.920
55	976.000
56	975.170
57	975.700
58	976.170
59	976.310
60	975.710
63	975.160
64	975.830
66	976.310
68	975.660
69	976.420
70	975.850
71	976.150
74	975.590
76	976.430
80	975.580
81	975.520
82	976.080
83	975.280
85	976.430
86	975.230
88	976.140
90	975.870
91	975.440
92	975.260
94	975.790
95	976.410
96	976.010
97	976.020
99	976.500
100	975.280
101	976.310
102	975.610
103	976.130
104	975.860
107	975.620
108	976.360
109	975.610
110	975.640
111	975.970
112	975.290
113	976.310
114	975.460
116	976.020
117	976.420
118	975.570
119	975.270
120	975.890
122	975.240
123	975.100
125	975.410
128	975.580
130	975.500
134	975.060
136	975.320
137	975.400
139	976.130
140	975.050
141	976.300
142	975.870
143	975.290
145	976.090
149	975.560
151	975.440
152	976.250
153	976.090
154	976.320
155	975.440
156	975.850
159	976.020
160	975.480
161	975.430
162	976.160
163	976.070
164	976.450
165	976.450
166	975.140
167	975.610
170	975.690
171	976.030
172	975.520
174	975.400
175	975.670
176	975.590
177	975.190
178	976.280
179	975.400
180	975.760
181	975.620
182	975.690
183	975.510
184	975.870
185	975.010
187	976.320
188	975.260
189	976.410
190	975.400
191	975.100
192	975.620
193	975.700
194	976.280
197	976.220
198	975.390
199	976.260
200	975.730
201	975.830
202	975.740
206	975.030
207	975.250
208	976.370
209	976.260
210	976.250
211	975.630
212	975.730
213	976.410
214	975.800
215	975.690
219	975.300
220	976.480
221	975.210
223	975.560
225	975.400
226	975.990
228	976.330
229	976.070
230	975.150
231	975.450
232	975.670
233	975.600
234	975.640
236	975.650
237	975.130
238	975.960
239	975.960
242	975.080
243	975.390
244	976.000
245	976.080
248	975.550
249	975.340
251	976.260
252	975.010
253	975.690
255	976.470
256	975.030
257	975.300
258	975.780
259	975.240
260	975.770
262	975.070
263	976.010
264	975.840
265	975.120
267	975.740
268	975.680
269	975.120
270	975.890
271	975.730
273	975.370
274	976.230
276	975.440
277	976.300
278	975.710
279	976.050
280	975.880
281	976.400
282	976.390
283	975.600
285	976.490
288	976.150
289	975.060
290	975.990
291	976.160
292	975.530
293	975.950
294	975.910
295	975.790
296	975.960
297	976.010
298	976.430
299	976.240
300	975.770
302	975.920
303	975.780
304	975.520
305	975.210
306	975.600
307	975.910
310	976.250
311	975.020
312	975.090
314	975.500
315	975.170
316	975.020
317	975.320
318	975.770
319	976.470
320	975.380
321	976.320
322	975.720
323	976.440
324	975.850
326	976.450
327	975.640
330	975.730
331	975.490
332	975.940
333	975.280
335	975.070
337	975.440
338	975.560
340	975.370
342	975.500
343	975.770
344	975.710
345	976.340
346	976.090
347	975.390
348	976.100
349	976.060
350	975.510
351	976.270
352	976.250
353	976.220
354	975.200
355	976.050
359	975.200
360	975.660
361	976.190
364	976.380
366	975.550
367	975.510
368	976.090
370	976.440
371	975.140
373	975.190
374	975.380
375	975.810
376	976.350
378	975.200
379	975.850
382	976.150
383	975.100
387	975.180
389	975.050
390	975.930
391	975.560
392	975.610
393	975.040
394	975.920
396	975.830
398	976.470
399	975.850
400	975.490
401	975.020
402	976.480
405	975.780
406	975.810
407	975.860
408	975.430
409	975.920
410	976.350
411	975.460
412	975.080
413	975.560
414	975.870
415	975.700
416	976.240
417	975.160
419	975.040
420	975.510
421	975.720
422	975.190
423	975.900
424	976.410
425	975.820
426	975.220
427	976.200
428	976.340
429	975.870
430	975.180
431	975.730
432	975.910
433	976.240
434	975.450
435	976.350
436	975.030
437	976.410
438	975.080
439	975.120
441	975.300
442	975.600
443	975.430
445	975.390
446	975.350
447	975.260
448	975.420
450	976.090
451	976.240
452	975.780
454	975.390
455	975.300
456	976.110
457	975.110
459	975.810
461	976.020
462	976.440
464	976.040
465	975.620
466	975.900
468	975.690
469	976.460
471	975.250
472	975.220
473	976.440
474	975.660
475	976.490
477	975.840
478	976.140
479	975.460
480	975.790
481	975.910
483	975.160
486	975.100
487	976.460
488	976.380
489	976.240
490	975.220
491	975.500
492	975.460
495	976.200
497	975.630
498	975.870
499	975.140
1	976.820
3	977.210
4	977.120
5	976.920
8	977.540
9	977.520
10	976.530
11	977.700
12	977.580
13	976.620
14	977.660
15	977.740
17	977.250
18	977.130
19	977.180
20	977.770
22	977.430
23	977.790
24	977.960
28	977.940
29	976.780
30	976.720
32	976.550
33	977.900
34	976.910
35	977.000
36	976.560
38	977.520
39	977.090
40	977.090
41	976.720
42	977.700
43	977.250
44	977.620
45	977.220
46	976.760
47	977.210
48	976.530
49	977.890
50	977.350
51	977.400
52	976.810
53	977.400
54	977.930
56	977.180
57	977.710
60	977.720
61	976.680
62	976.620
63	977.170
64	977.840
65	976.710
67	976.970
68	977.670
70	977.860
72	976.820
73	976.590
74	977.600
75	976.670
77	976.960
78	976.650
79	976.610
80	977.590
81	977.530
83	977.290
84	976.680
86	977.240
87	977.010
89	976.810
90	977.880
91	977.450
92	977.270
93	976.770
94	977.800
98	976.770
100	977.290
102	977.620
104	977.870
105	976.660
106	976.880
107	977.630
109	977.620
110	977.650
111	977.980
112	977.300
114	977.470
115	976.740
118	977.580
119	977.280
120	977.900
121	976.830
122	977.250
123	977.110
124	976.730
125	977.420
126	976.650
127	976.710
128	977.590
129	976.790
130	977.510
131	976.530
132	976.690
133	976.630
134	977.070
135	976.890
136	977.330
137	977.410
138	976.740
140	977.060
142	977.880
143	977.300
144	976.570
146	976.780
147	976.680
148	976.640
149	977.570
150	976.980
151	977.450
155	977.450
156	977.860
157	976.770
158	976.570
160	977.490
161	977.440
166	977.150
167	977.620
168	976.540
169	976.510
170	977.700
172	977.530
173	976.970
174	977.410
175	977.680
176	977.600
177	977.200
179	977.410
180	977.770
181	977.630
182	977.700
183	977.520
184	977.880
185	977.020
186	976.750
188	977.270
190	977.410
191	977.110
192	977.630
193	977.710
195	976.580
196	976.650
198	977.400
200	977.740
201	977.840
202	977.750
203	976.950
204	976.970
205	976.590
206	977.040
207	977.260
211	977.640
212	977.740
214	977.810
215	977.700
216	976.620
217	976.870
218	976.900
219	977.310
221	977.220
222	976.740
223	977.570
224	976.620
225	977.410
226	978.000
227	976.820
230	977.160
231	977.460
232	977.680
233	977.610
234	977.650
235	976.870
236	977.660
237	977.140
238	977.970
239	977.970
240	976.570
241	976.550
242	977.090
243	977.400
246	976.730
247	976.760
248	977.560
249	977.350
250	976.820
252	977.020
253	977.700
254	976.960
256	977.040
257	977.310
258	977.790
259	977.250
260	977.780
261	976.770
262	977.080
264	977.850
265	977.130
266	976.850
267	977.750
268	977.690
269	977.130
270	977.900
271	977.740
272	976.660
273	977.380
275	976.860
276	977.450
278	977.720
280	977.890
283	977.610
284	976.650
286	976.770
287	976.740
289	977.070
290	978.000
292	977.540
293	977.960
294	977.920
295	977.800
296	977.970
300	977.780
301	976.690
302	977.930
303	977.790
304	977.530
305	977.220
306	977.610
307	977.920
308	976.920
309	976.870
311	977.030
312	977.100
313	976.700
314	977.510
315	977.180
316	977.030
317	977.330
318	977.780
320	977.390
322	977.730
324	977.860
325	976.590
327	977.650
328	976.930
329	976.840
330	977.740
331	977.500
332	977.950
333	977.290
334	976.580
335	977.080
336	976.740
337	977.450
338	977.570
339	976.750
340	977.380
341	976.510
342	977.510
343	977.780
344	977.720
347	977.400
350	977.520
354	977.210
356	976.890
357	976.550
358	976.590
359	977.210
360	977.670
362	977.000
363	976.870
365	976.670
366	977.560
367	977.520
369	976.900
371	977.150
372	976.800
373	977.200
374	977.390
375	977.820
377	976.730
378	977.210
379	977.860
380	976.730
381	976.760
383	977.110
384	976.690
385	976.690
386	977.910
387	977.190
388	976.600
389	977.060
390	977.940
391	977.570
392	977.620
393	977.050
394	977.930
395	976.940
396	977.840
397	976.530
399	977.860
400	977.500
401	977.030
403	976.900
404	976.650
405	977.790
406	977.820
407	977.870
408	977.440
409	977.930
411	977.470
412	977.090
413	977.570
414	977.880
415	977.710
417	977.170
418	976.770
419	977.050
420	977.520
421	977.730
422	977.200
423	977.910
425	977.830
426	977.230
429	977.880
430	977.190
431	977.740
432	977.920
434	977.460
436	977.040
438	977.090
439	977.130
440	976.620
441	977.310
442	977.610
443	977.440
444	976.530
445	977.400
446	977.360
447	977.270
448	977.430
449	976.820
452	977.790
453	976.880
454	977.400
455	977.310
457	977.120
458	976.760
459	977.820
460	976.940
463	976.890
465	977.630
466	977.910
467	976.870
468	977.700
470	976.730
471	977.260
472	977.230
474	977.670
476	976.800
477	977.850
479	977.470
480	977.800
481	977.920
482	976.750
483	977.170
484	976.920
485	976.930
486	977.110
490	977.230
491	977.510
492	977.470
493	976.780
494	976.600
496	976.930
497	977.640
498	977.880
499	977.150
500	976.780
1	978.830
2	978.030
3	979.220
4	979.130
5	978.930
6	978.330
7	978.100
10	978.540
13	978.630
16	978.480
17	979.260
18	979.140
19	979.190
21	978.270
22	979.440
25	978.030
26	978.180
27	978.370
29	978.790
30	978.730
31	978.320
32	978.560
34	978.920
35	979.010
36	978.570
37	978.490
39	979.100
40	979.100
41	978.730
43	979.260
45	979.230
46	978.770
47	979.220
48	978.540
50	979.360
51	979.410
52	978.820
53	979.410
55	978.010
56	979.190
58	978.180
59	978.320
61	978.690
62	978.630
63	979.180
65	978.720
66	978.320
67	978.980
69	978.430
71	978.160
72	978.830
73	978.600
75	978.680
76	978.440
77	978.970
78	978.660
79	978.620
82	978.090
83	979.300
84	978.690
85	978.440
86	979.250
87	979.020
88	978.150
89	978.820
91	979.460
92	979.280
93	978.780
95	978.420
96	978.020
97	978.030
98	978.780
99	978.510
100	979.300
101	978.320
103	978.140
105	978.670
106	978.890
108	978.370
112	979.310
113	978.320
114	979.480
115	978.750
116	978.030
117	978.430
119	979.290
121	978.840
122	979.260
123	979.120
124	978.740
125	979.430
126	978.660
127	978.720
129	978.800
131	978.540
132	978.700
133	978.640
134	979.080
135	978.900
136	979.340
137	979.420
138	978.750
139	978.140
140	979.070
141	978.310
143	979.310
144	978.580
145	978.100
146	978.790
147	978.690
148	978.650
150	978.990
151	979.460
152	978.260
153	978.100
154	978.330
155	979.460
157	978.780
158	978.580
159	978.030
160	979.500
161	979.450
162	978.170
163	978.080
164	978.460
165	978.460
166	979.160
168	978.550
169	978.520
171	978.040
173	978.980
174	979.420
177	979.210
178	978.290
179	979.420
185	979.030
186	978.760
187	978.330
188	979.280
189	978.420
190	979.420
191	979.120
194	978.290
195	978.590
196	978.660
197	978.230
198	979.410
199	978.270
203	978.960
204	978.980
205	978.600
206	979.050
207	979.270
208	978.380
209	978.270
210	978.260
213	978.420
216	978.630
217	978.880
218	978.910
219	979.320
220	978.490
221	979.230
222	978.750
224	978.630
225	979.420
227	978.830
228	978.340
229	978.080
230	979.170
231	979.470
235	978.880
237	979.150
240	978.580
241	978.560
242	979.100
243	979.410
244	978.010
245	978.090
246	978.740
247	978.770
249	979.360
250	978.830
251	978.270
252	979.030
254	978.970
255	978.480
256	979.050
257	979.320
259	979.260
261	978.780
262	979.090
263	978.020
265	979.140
266	978.860
269	979.140
272	978.670
273	979.390
274	978.240
275	978.870
276	979.460
277	978.310
279	978.060
281	978.410
282	978.400
284	978.660
285	978.500
286	978.780
287	978.750
288	978.160
289	979.080
291	978.170
297	978.020
298	978.440
299	978.250
301	978.700
305	979.230
308	978.930
309	978.880
310	978.260
311	979.040
312	979.110
313	978.710
315	979.190
316	979.040
317	979.340
319	978.480
320	979.400
321	978.330
323	978.450
325	978.600
326	978.460
328	978.940
329	978.850
333	979.300
334	978.590
335	979.090
336	978.750
337	979.460
339	978.760
340	979.390
341	978.520
345	978.350
346	978.100
347	979.410
348	978.110
349	978.070
351	978.280
352	978.260
353	978.230
354	979.220
355	978.060
356	978.900
357	978.560
358	978.600
359	979.220
361	978.200
362	979.010
363	978.880
364	978.390
365	978.680
368	978.100
369	978.910
370	978.450
371	979.160
372	978.810
373	979.210
374	979.400
376	978.360
377	978.740
378	979.220
380	978.740
381	978.770
382	978.160
383	979.120
384	978.700
385	978.700
387	979.200
388	978.610
389	979.070
393	979.060
395	978.950
397	978.540
398	978.480
401	979.040
402	978.490
403	978.910
404	978.660
408	979.450
410	978.360
411	979.480
412	979.100
416	978.250
417	979.180
418	978.780
419	979.060
422	979.210
424	978.420
426	979.240
427	978.210
428	978.350
430	979.200
433	978.250
434	979.470
435	978.360
436	979.050
437	978.420
438	979.100
439	979.140
440	978.630
441	979.320
443	979.450
444	978.540
445	979.410
446	979.370
447	979.280
448	979.440
449	978.830
450	978.100
451	978.250
453	978.890
454	979.410
455	979.320
456	978.120
457	979.130
458	978.770
460	978.950
461	978.030
462	978.450
463	978.900
464	978.050
467	978.880
469	978.470
470	978.740
471	979.270
472	979.240
473	978.450
475	978.500
476	978.810
478	978.150
479	979.480
482	978.760
483	979.180
484	978.930
485	978.940
486	979.120
487	978.470
488	978.390
489	978.250
490	979.240
492	979.480
493	978.790
494	978.610
495	978.210
496	978.940
499	979.160
500	978.790
1	980.840
2	980.040
5	980.940
6	980.340
7	980.110
8	979.550
9	979.530
10	980.550
11	979.710
12	979.590
13	980.640
14	979.670
15	979.750
16	980.490
20	979.780
21	980.280
23	979.800
24	979.970
25	980.040
26	980.190
27	980.380
28	979.950
29	980.800
30	980.740
31	980.330
32	980.570
33	979.910
34	980.930
36	980.580
37	980.500
38	979.530
41	980.740
42	979.710
44	979.630
46	980.780
48	980.550
49	979.900
52	980.830
54	979.940
55	980.020
57	979.720
58	980.190
59	980.330
60	979.730
61	980.700
62	980.640
64	979.850
65	980.730
66	980.330
67	980.990
68	979.680
69	980.440
70	979.870
71	980.170
72	980.840
73	980.610
74	979.610
75	980.690
76	980.450
77	980.980
78	980.670
79	980.630
80	979.600
81	979.540
82	980.100
84	980.700
85	980.450
88	980.160
89	980.830
90	979.890
93	980.790
94	979.810
95	980.430
96	980.030
97	980.040
98	980.790
99	980.520
101	980.330
102	979.630
103	980.150
104	979.880
105	980.680
106	980.900
107	979.640
108	980.380
109	979.630
110	979.660
111	979.990
113	980.330
115	980.760
116	980.040
117	980.440
118	979.590
120	979.910
121	980.850
124	980.750
126	980.670
127	980.730
128	979.600
129	980.810
130	979.520
131	980.550
132	980.710
133	980.650
135	980.910
138	980.760
139	980.150
141	980.320
142	979.890
144	980.590
145	980.110
146	980.800
147	980.700
148	980.660
149	979.580
150	981.000
152	980.270
153	980.110
154	980.340
156	979.870
157	980.790
158	980.590
159	980.040
162	980.180
163	980.090
164	980.470
165	980.470
167	979.630
168	980.560
169	980.530
170	979.710
171	980.050
172	979.540
173	980.990
175	979.690
176	979.610
178	980.300
180	979.780
181	979.640
182	979.710
183	979.530
184	979.890
186	980.770
187	980.340
189	980.430
192	979.640
193	979.720
194	980.300
195	980.600
196	980.670
197	980.240
199	980.280
200	979.750
201	979.850
202	979.760
203	980.970
204	980.990
205	980.610
208	980.390
209	980.280
210	980.270
211	979.650
212	979.750
213	980.430
214	979.820
215	979.710
216	980.640
217	980.890
218	980.920
220	980.500
222	980.760
223	979.580
224	980.640
226	980.010
227	980.840
228	980.350
229	980.090
232	979.690
233	979.620
234	979.660
235	980.890
236	979.670
238	979.980
239	979.980
240	980.590
241	980.570
244	980.020
245	980.100
246	980.750
247	980.780
248	979.570
250	980.840
251	980.280
253	979.710
254	980.980
255	980.490
258	979.800
260	979.790
261	980.790
263	980.030
264	979.860
266	980.870
267	979.760
268	979.700
270	979.910
271	979.750
272	980.680
274	980.250
275	980.880
277	980.320
278	979.730
279	980.070
280	979.900
281	980.420
282	980.410
283	979.620
284	980.670
285	980.510
286	980.790
287	980.760
288	980.170
290	980.010
291	980.180
292	979.550
293	979.970
294	979.930
295	979.810
296	979.980
297	980.030
298	980.450
299	980.260
300	979.790
301	980.710
302	979.940
303	979.800
304	979.540
306	979.620
307	979.930
308	980.940
309	980.890
310	980.270
313	980.720
314	979.520
318	979.790
319	980.490
321	980.340
322	979.740
323	980.460
324	979.870
325	980.610
326	980.470
327	979.660
328	980.950
329	980.860
330	979.750
331	979.510
332	979.960
334	980.600
336	980.760
338	979.580
339	980.770
341	980.530
342	979.520
343	979.790
344	979.730
345	980.360
346	980.110
348	980.120
349	980.080
350	979.530
351	980.290
352	980.270
353	980.240
355	980.070
356	980.910
357	980.570
358	980.610
360	979.680
361	980.210
363	980.890
364	980.400
365	980.690
366	979.570
367	979.530
368	980.110
369	980.920
370	980.460
372	980.820
375	979.830
376	980.370
377	980.750
379	979.870
380	980.750
381	980.780
382	980.170
384	980.710
385	980.710
386	979.920
388	980.620
390	979.950
391	979.580
392	979.630
394	979.940
395	980.960
396	979.850
397	980.550
398	980.490
399	979.870
400	979.510
402	980.500
403	980.920
404	980.670
405	979.800
406	979.830
407	979.880
409	979.940
410	980.370
413	979.580
414	979.890
415	979.720
416	980.260
418	980.790
420	979.530
421	979.740
423	979.920
424	980.430
425	979.840
427	980.220
428	980.360
429	979.890
431	979.750
432	979.930
433	980.260
435	980.370
437	980.430
440	980.640
442	979.620
444	980.550
449	980.840
450	980.110
451	980.260
452	979.800
453	980.900
456	980.130
458	980.780
459	979.830
460	980.960
461	980.040
462	980.460
463	980.910
464	980.060
465	979.640
466	979.920
467	980.890
468	979.710
469	980.480
470	980.750
473	980.460
474	979.680
475	980.510
476	980.820
477	979.860
478	980.160
480	979.810
481	979.930
482	980.770
484	980.940
485	980.950
487	980.480
488	980.400
489	980.260
491	979.520
493	980.800
494	980.620
495	980.220
496	980.950
497	979.650
498	979.890
500	980.800
2	982.050
3	981.230
4	981.140
6	982.350
7	982.120
8	981.560
9	981.540
11	981.720
12	981.600
14	981.680
15	981.760
16	982.500
17	981.270
18	981.150
19	981.200
20	981.790
21	982.290
22	981.450
23	981.810
24	981.980
25	982.050
26	982.200
27	982.390
28	981.960
31	982.340
33	981.920
35	981.020
38	981.540
39	981.110
40	981.110
42	981.720
43	981.270
44	981.640
45	981.240
47	981.230
49	981.910
50	981.370
51	981.420
53	981.420
54	981.950
55	982.030
56	981.200
57	981.730
58	982.200
59	982.340
60	981.740
63	981.190
64	981.860
66	982.340
68	981.690
69	982.450
70	981.880
71	982.180
74	981.620
76	982.460
80	981.610
81	981.550
82	982.110
83	981.310
85	982.460
86	981.260
87	981.030
88	982.170
90	981.900
91	981.470
92	981.290
94	981.820
95	982.440
96	982.040
97	982.050
100	981.310
101	982.340
102	981.640
103	982.160
104	981.890
107	981.650
108	982.390
109	981.640
110	981.670
111	982.000
112	981.320
113	982.340
114	981.490
116	982.050
117	982.450
118	981.600
119	981.300
120	981.920
122	981.270
123	981.130
125	981.440
128	981.610
130	981.530
134	981.090
136	981.350
137	981.430
139	982.160
140	981.080
141	982.330
142	981.900
143	981.320
145	982.120
149	981.590
151	981.470
152	982.280
153	982.120
154	982.350
155	981.470
156	981.880
159	982.050
160	981.510
161	981.460
162	982.190
163	982.100
164	982.480
165	982.480
166	981.170
167	981.640
170	981.720
171	982.060
172	981.550
174	981.430
175	981.700
176	981.620
177	981.220
178	982.310
179	981.430
180	981.790
181	981.650
182	981.720
183	981.540
184	981.900
185	981.040
187	982.350
188	981.290
189	982.440
190	981.430
191	981.130
192	981.650
193	981.730
194	982.310
197	982.250
198	981.420
199	982.290
200	981.760
201	981.860
202	981.770
206	981.060
207	981.280
208	982.400
209	982.290
210	982.280
211	981.660
212	981.760
213	982.440
214	981.830
215	981.720
219	981.330
221	981.240
223	981.590
225	981.430
226	982.020
228	982.360
229	982.100
230	981.180
231	981.480
232	981.700
233	981.630
234	981.670
236	981.680
237	981.160
238	981.990
239	981.990
242	981.110
243	981.420
244	982.030
245	982.110
248	981.580
249	981.370
251	982.290
252	981.040
253	981.720
255	982.500
256	981.060
257	981.330
258	981.810
259	981.270
260	981.800
262	981.100
263	982.040
264	981.870
265	981.150
267	981.770
268	981.710
269	981.150
270	981.920
271	981.760
273	981.400
274	982.260
276	981.470
277	982.330
278	981.740
279	982.080
280	981.910
281	982.430
282	982.420
283	981.630
288	982.180
289	981.090
290	982.020
291	982.190
292	981.560
293	981.980
294	981.940
295	981.820
296	981.990
297	982.040
298	982.460
299	982.270
300	981.800
302	981.950
303	981.810
304	981.550
305	981.240
306	981.630
307	981.940
310	982.280
311	981.050
312	981.120
314	981.530
315	981.200
316	981.050
317	981.350
318	981.800
319	982.500
320	981.410
321	982.350
322	981.750
323	982.470
324	981.880
326	982.480
327	981.670
330	981.760
331	981.520
332	981.970
333	981.310
335	981.100
337	981.470
338	981.590
340	981.400
342	981.530
343	981.800
344	981.740
345	982.370
346	982.120
347	981.420
348	982.130
349	982.090
350	981.540
351	982.300
352	982.280
353	982.250
354	981.230
355	982.080
359	981.230
360	981.690
361	982.220
362	981.020
364	982.410
366	981.580
367	981.540
368	982.120
370	982.470
371	981.170
373	981.220
374	981.410
375	981.840
376	982.380
378	981.230
379	981.880
382	982.180
383	981.130
386	981.930
387	981.210
389	981.080
390	981.960
391	981.590
392	981.640
393	981.070
394	981.950
396	981.860
398	982.500
399	981.880
400	981.520
401	981.050
405	981.810
406	981.840
407	981.890
408	981.460
409	981.950
410	982.380
411	981.490
412	981.110
413	981.590
414	981.900
415	981.730
416	982.270
417	981.190
419	981.070
420	981.540
421	981.750
422	981.220
423	981.930
424	982.440
425	981.850
426	981.250
427	982.230
428	982.370
429	981.900
430	981.210
431	981.760
432	981.940
433	982.270
434	981.480
435	982.380
436	981.060
437	982.440
438	981.110
439	981.150
441	981.330
442	981.630
443	981.460
445	981.420
446	981.380
447	981.290
448	981.450
450	982.120
451	982.270
452	981.810
454	981.420
455	981.330
456	982.140
457	981.140
459	981.840
461	982.050
462	982.470
464	982.070
465	981.650
466	981.930
468	981.720
469	982.490
471	981.280
472	981.250
473	982.470
474	981.690
477	981.870
478	982.170
479	981.490
480	981.820
481	981.940
483	981.190
486	981.130
487	982.490
488	982.410
489	982.270
490	981.250
491	981.530
492	981.490
495	982.230
497	981.660
498	981.900
499	981.170
1	982.850
3	983.240
4	983.150
5	982.950
8	983.570
9	983.550
10	982.560
11	983.730
12	983.610
13	982.650
14	983.690
15	983.770
17	983.280
18	983.160
19	983.210
20	983.800
22	983.460
23	983.820
24	983.990
28	983.970
29	982.810
30	982.750
32	982.580
33	983.930
34	982.940
35	983.030
36	982.590
37	982.510
38	983.550
39	983.120
40	983.120
41	982.750
42	983.730
43	983.280
44	983.650
45	983.250
46	982.790
47	983.240
48	982.560
49	983.920
50	983.380
51	983.430
52	982.840
53	983.430
54	983.960
56	983.210
57	983.740
60	983.750
61	982.710
62	982.650
63	983.200
64	983.870
65	982.740
67	983.000
68	983.700
70	983.890
72	982.850
73	982.620
74	983.630
75	982.700
77	982.990
78	982.680
79	982.640
80	983.620
81	983.560
83	983.320
84	982.710
86	983.270
87	983.040
89	982.840
90	983.910
91	983.480
92	983.300
93	982.800
94	983.830
98	982.800
99	982.530
100	983.320
102	983.650
104	983.900
105	982.690
106	982.910
107	983.660
109	983.650
110	983.680
112	983.330
114	983.500
115	982.770
118	983.610
119	983.310
120	983.930
121	982.860
122	983.280
123	983.140
124	982.760
125	983.450
126	982.680
127	982.740
128	983.620
129	982.820
130	983.540
131	982.560
132	982.720
133	982.660
134	983.100
135	982.920
136	983.360
137	983.440
138	982.770
140	983.090
142	983.910
143	983.330
144	982.600
146	982.810
147	982.710
148	982.670
149	983.600
150	983.010
151	983.480
155	983.480
156	983.890
157	982.800
158	982.600
160	983.520
161	983.470
166	983.180
167	983.650
168	982.570
169	982.540
170	983.730
172	983.560
173	983.000
174	983.440
175	983.710
176	983.630
177	983.230
179	983.440
180	983.800
181	983.660
182	983.730
183	983.550
184	983.910
185	983.050
186	982.780
188	983.300
190	983.440
191	983.140
192	983.660
193	983.740
195	982.610
196	982.680
198	983.430
200	983.770
201	983.870
202	983.780
203	982.980
204	983.000
205	982.620
206	983.070
207	983.290
211	983.670
212	983.770
214	983.840
215	983.730
216	982.650
217	982.900
218	982.930
219	983.340
220	982.510
221	983.250
222	982.770
223	983.600
224	982.650
225	983.440
227	982.850
230	983.190
231	983.490
232	983.710
233	983.640
234	983.680
235	982.900
236	983.690
237	983.170
238	984.000
239	984.000
240	982.600
241	982.580
242	983.120
243	983.430
246	982.760
247	982.790
248	983.590
249	983.380
250	982.850
252	983.050
253	983.730
254	982.990
256	983.070
257	983.340
258	983.820
259	983.280
260	983.810
261	982.800
262	983.110
264	983.880
265	983.160
266	982.880
267	983.780
268	983.720
269	983.160
270	983.930
271	983.770
272	982.690
273	983.410
275	982.890
276	983.480
278	983.750
280	983.920
283	983.640
284	982.680
285	982.520
286	982.800
287	982.770
289	983.100
292	983.570
293	983.990
294	983.950
295	983.830
296	984.000
300	983.810
301	982.720
302	983.960
303	983.820
304	983.560
305	983.250
306	983.640
307	983.950
308	982.950
309	982.900
311	983.060
312	983.130
313	982.730
314	983.540
315	983.210
316	983.060
317	983.360
318	983.810
320	983.420
322	983.760
324	983.890
325	982.620
327	983.680
328	982.960
329	982.870
330	983.770
331	983.530
332	983.980
333	983.320
334	982.610
335	983.110
336	982.770
337	983.480
338	983.600
339	982.780
340	983.410
341	982.540
342	983.540
343	983.810
344	983.750
347	983.430
350	983.550
354	983.240
356	982.920
357	982.580
358	982.620
359	983.240
360	983.700
362	983.030
363	982.900
365	982.700
366	983.590
367	983.550
369	982.930
371	983.180
372	982.830
373	983.230
374	983.420
375	983.850
377	982.760
378	983.240
379	983.890
380	982.760
381	982.790
383	983.140
384	982.720
385	982.720
386	983.940
387	983.220
388	982.630
389	983.090
390	983.970
391	983.600
392	983.650
393	983.080
394	983.960
395	982.970
396	983.870
397	982.560
399	983.890
400	983.530
401	983.060
402	982.510
403	982.930
404	982.680
405	983.820
406	983.850
407	983.900
408	983.470
409	983.960
411	983.500
412	983.120
413	983.600
414	983.910
415	983.740
417	983.200
418	982.800
419	983.080
420	983.550
421	983.760
422	983.230
423	983.940
425	983.860
426	983.260
429	983.910
430	983.220
431	983.770
432	983.950
434	983.490
436	983.070
438	983.120
439	983.160
440	982.650
441	983.340
442	983.640
443	983.470
444	982.560
445	983.430
446	983.390
447	983.300
448	983.460
449	982.850
452	983.820
453	982.910
454	983.430
455	983.340
457	983.150
458	982.790
459	983.850
460	982.970
463	982.920
465	983.660
466	983.940
467	982.900
468	983.730
470	982.760
471	983.290
472	983.260
474	983.700
475	982.520
476	982.830
477	983.880
479	983.500
480	983.830
481	983.950
482	982.780
483	983.200
484	982.950
485	982.960
486	983.140
490	983.260
491	983.540
492	983.500
493	982.810
494	982.630
496	982.960
497	983.670
498	983.910
499	983.180
500	982.810
1	984.860
2	984.060
3	985.250
4	985.160
5	984.960
6	984.360
7	984.130
10	984.570
13	984.660
16	984.510
17	985.290
18	985.170
19	985.220
21	984.300
22	985.470
25	984.060
26	984.210
27	984.400
29	984.820
30	984.760
31	984.350
32	984.590
34	984.950
35	985.040
36	984.600
37	984.520
39	985.130
40	985.130
41	984.760
43	985.290
45	985.260
46	984.800
47	985.250
48	984.570
50	985.390
51	985.440
52	984.850
53	985.440
55	984.040
56	985.220
58	984.210
59	984.350
61	984.720
62	984.660
63	985.210
65	984.750
66	984.350
67	985.010
69	984.460
71	984.190
72	984.860
73	984.630
75	984.710
76	984.470
77	985.000
78	984.690
79	984.650
82	984.120
83	985.330
84	984.720
85	984.470
86	985.280
87	985.050
88	984.180
89	984.850
91	985.490
92	985.310
93	984.810
95	984.450
96	984.050
97	984.060
98	984.810
99	984.540
100	985.330
101	984.350
103	984.170
105	984.700
106	984.920
108	984.400
111	984.010
112	985.340
113	984.350
115	984.780
116	984.060
117	984.460
119	985.320
121	984.870
122	985.290
123	985.150
124	984.770
125	985.460
126	984.690
127	984.750
129	984.830
131	984.570
132	984.730
133	984.670
134	985.110
135	984.930
136	985.370
137	985.450
138	984.780
139	984.170
140	985.100
141	984.340
143	985.340
144	984.610
145	984.130
146	984.820
147	984.720
148	984.680
150	985.020
151	985.490
152	984.290
153	984.130
154	984.360
155	985.490
157	984.810
158	984.610
159	984.060
161	985.480
162	984.200
163	984.110
164	984.490
165	984.490
166	985.190
168	984.580
169	984.550
171	984.070
173	985.010
174	985.450
177	985.240
178	984.320
179	985.450
185	985.060
186	984.790
187	984.360
188	985.310
189	984.450
190	985.450
191	985.150
194	984.320
195	984.620
196	984.690
197	984.260
198	985.440
199	984.300
203	984.990
204	985.010
205	984.630
206	985.080
207	985.300
208	984.410
209	984.300
210	984.290
213	984.450
216	984.660
217	984.910
218	984.940
219	985.350
220	984.520
221	985.260
222	984.780
224	984.660
225	985.450
226	984.030
227	984.860
228	984.370
229	984.110
230	985.200
231	985.500
235	984.910
237	985.180
240	984.610
241	984.590
242	985.130
243	985.440
244	984.040
245	984.120
246	984.770
247	984.800
249	985.390
250	984.860
251	984.300
252	985.060
254	985.000
255	984.510
256	985.080
257	985.350
259	985.290
261	984.810
262	985.120
263	984.050
265	985.170
266	984.890
269	985.170
272	984.700
273	985.420
274	984.270
275	984.900
276	985.490
277	984.340
279	984.090
281	984.440
282	984.430
284	984.690
285	984.530
286	984.810
287	984.780
288	984.190
289	985.110
290	984.030
291	984.200
297	984.050
298	984.470
299	984.280
301	984.730
305	985.260
308	984.960
309	984.910
310	984.290
311	985.070
312	985.140
313	984.740
315	985.220
316	985.070
317	985.370
319	984.510
320	985.430
321	984.360
323	984.480
325	984.630
326	984.490
328	984.970
329	984.880
333	985.330
334	984.620
335	985.120
336	984.780
337	985.490
339	984.790
340	985.420
341	984.550
345	984.380
346	984.130
347	985.440
348	984.140
349	984.100
351	984.310
352	984.290
353	984.260
354	985.250
355	984.090
356	984.930
357	984.590
358	984.630
359	985.250
361	984.230
362	985.040
363	984.910
364	984.420
365	984.710
368	984.130
369	984.940
370	984.480
371	985.190
372	984.840
373	985.240
374	985.430
376	984.390
377	984.770
378	985.250
380	984.770
381	984.800
382	984.190
383	985.150
384	984.730
385	984.730
387	985.230
388	984.640
389	985.100
393	985.090
395	984.980
397	984.570
398	984.510
401	985.070
402	984.520
403	984.940
404	984.690
408	985.480
410	984.390
412	985.130
416	984.280
417	985.210
418	984.810
419	985.090
422	985.240
424	984.450
426	985.270
427	984.240
428	984.380
430	985.230
433	984.280
434	985.500
435	984.390
436	985.080
437	984.450
438	985.130
439	985.170
440	984.660
441	985.350
443	985.480
444	984.570
445	985.440
446	985.400
447	985.310
448	985.470
449	984.860
450	984.130
451	984.280
453	984.920
454	985.440
455	985.350
456	984.150
457	985.160
458	984.800
460	984.980
461	984.060
462	984.480
463	984.930
464	984.080
467	984.910
469	984.500
470	984.770
471	985.300
472	985.270
473	984.480
475	984.530
476	984.840
478	984.180
482	984.790
483	985.210
484	984.960
485	984.970
486	985.150
487	984.500
488	984.420
489	984.280
490	985.270
493	984.820
494	984.640
495	984.240
496	984.970
499	985.190
500	984.820
1	986.870
2	986.070
5	986.970
6	986.370
7	986.140
8	985.580
9	985.560
10	986.580
11	985.740
12	985.620
13	986.670
14	985.700
15	985.780
16	986.520
20	985.810
21	986.310
23	985.830
24	986.000
25	986.070
26	986.220
27	986.410
28	985.980
29	986.830
30	986.770
31	986.360
32	986.600
33	985.940
34	986.960
36	986.610
37	986.530
38	985.560
41	986.770
42	985.740
44	985.660
46	986.810
48	986.580
49	985.930
52	986.860
54	985.970
55	986.050
57	985.750
58	986.220
59	986.360
60	985.760
61	986.730
62	986.670
64	985.880
65	986.760
66	986.360
68	985.710
69	986.470
70	985.900
71	986.200
72	986.870
73	986.640
74	985.640
75	986.720
76	986.480
78	986.700
79	986.660
80	985.630
81	985.570
82	986.130
84	986.730
85	986.480
88	986.190
89	986.860
90	985.920
93	986.820
94	985.840
95	986.460
96	986.060
97	986.070
98	986.820
99	986.550
101	986.360
102	985.660
103	986.180
104	985.910
105	986.710
106	986.930
107	985.670
108	986.410
109	985.660
110	985.690
111	986.020
113	986.360
114	985.510
115	986.790
116	986.070
117	986.470
118	985.620
120	985.940
121	986.880
124	986.780
126	986.700
127	986.760
128	985.630
129	986.840
130	985.550
131	986.580
132	986.740
133	986.680
135	986.940
138	986.790
139	986.180
141	986.350
142	985.920
144	986.620
145	986.140
146	986.830
147	986.730
148	986.690
149	985.610
152	986.300
153	986.140
154	986.370
156	985.900
157	986.820
158	986.620
159	986.070
160	985.530
162	986.210
163	986.120
164	986.500
165	986.500
167	985.660
168	986.590
169	986.560
170	985.740
171	986.080
172	985.570
175	985.720
176	985.640
178	986.330
180	985.810
181	985.670
182	985.740
183	985.560
184	985.920
186	986.800
187	986.370
189	986.460
192	985.670
193	985.750
194	986.330
195	986.630
196	986.700
197	986.270
199	986.310
200	985.780
201	985.880
202	985.790
203	987.000
205	986.640
208	986.420
209	986.310
210	986.300
211	985.680
212	985.780
213	986.460
214	985.850
215	985.740
216	986.670
217	986.920
218	986.950
220	986.530
222	986.790
223	985.610
224	986.670
226	986.040
227	986.870
228	986.380
229	986.120
232	985.720
233	985.650
234	985.690
235	986.920
236	985.700
238	986.010
239	986.010
240	986.620
241	986.600
244	986.050
245	986.130
246	986.780
247	986.810
248	985.600
250	986.870
251	986.310
253	985.740
255	986.520
258	985.830
260	985.820
261	986.820
263	986.060
264	985.890
266	986.900
267	985.790
268	985.730
270	985.940
271	985.780
272	986.710
274	986.280
275	986.910
277	986.350
278	985.760
279	986.100
280	985.930
281	986.450
282	986.440
283	985.650
284	986.700
285	986.540
286	986.820
287	986.790
288	986.200
290	986.040
291	986.210
292	985.580
293	986.000
294	985.960
295	985.840
296	986.010
297	986.060
298	986.480
299	986.290
300	985.820
301	986.740
302	985.970
303	985.830
304	985.570
306	985.650
307	985.960
308	986.970
309	986.920
310	986.300
313	986.750
314	985.550
318	985.820
319	986.520
321	986.370
322	985.770
323	986.490
324	985.900
325	986.640
326	986.500
327	985.690
328	986.980
329	986.890
330	985.780
331	985.540
332	985.990
334	986.630
336	986.790
338	985.610
339	986.800
341	986.560
342	985.550
343	985.820
344	985.760
345	986.390
346	986.140
348	986.150
349	986.110
350	985.560
351	986.320
352	986.300
353	986.270
355	986.100
356	986.940
357	986.600
358	986.640
360	985.710
361	986.240
363	986.920
364	986.430
365	986.720
366	985.600
367	985.560
368	986.140
369	986.950
370	986.490
372	986.850
375	985.860
376	986.400
377	986.780
379	985.900
380	986.780
381	986.810
382	986.200
384	986.740
385	986.740
386	985.950
388	986.650
390	985.980
391	985.610
392	985.660
394	985.970
395	986.990
396	985.880
397	986.580
398	986.520
399	985.900
400	985.540
402	986.530
403	986.950
404	986.700
405	985.830
406	985.860
407	985.910
409	985.970
410	986.400
411	985.510
413	985.610
414	985.920
415	985.750
416	986.290
418	986.820
420	985.560
421	985.770
423	985.950
424	986.460
425	985.870
427	986.250
428	986.390
429	985.920
431	985.780
432	985.960
433	986.290
435	986.400
437	986.460
440	986.670
442	985.650
444	986.580
449	986.870
450	986.140
451	986.290
452	985.830
453	986.930
456	986.160
458	986.810
459	985.860
460	986.990
461	986.070
462	986.490
463	986.940
464	986.090
465	985.670
466	985.950
467	986.920
468	985.740
469	986.510
470	986.780
473	986.490
474	985.710
475	986.540
476	986.850
477	985.890
478	986.190
479	985.510
480	985.840
481	985.960
482	986.800
484	986.970
485	986.980
487	986.510
488	986.430
489	986.290
491	985.550
492	985.510
493	986.830
494	986.650
495	986.250
496	986.980
497	985.680
498	985.920
500	986.830
2	988.080
3	987.260
4	987.170
6	988.380
7	988.150
8	987.590
9	987.570
11	987.750
12	987.630
14	987.710
15	987.790
17	987.300
18	987.180
19	987.230
20	987.820
21	988.320
22	987.480
23	987.840
24	988.010
25	988.080
26	988.230
27	988.420
28	987.990
31	988.370
33	987.950
35	987.050
38	987.570
39	987.140
40	987.140
42	987.750
43	987.300
44	987.670
45	987.270
47	987.260
49	987.940
50	987.400
51	987.450
53	987.450
54	987.980
55	988.060
56	987.230
57	987.760
58	988.230
59	988.370
60	987.770
63	987.220
64	987.890
66	988.370
67	987.020
68	987.720
69	988.480
70	987.910
71	988.210
74	987.650
76	988.490
77	987.010
80	987.640
81	987.580
82	988.140
83	987.340
85	988.490
86	987.290
87	987.060
88	988.200
90	987.930
91	987.500
92	987.320
94	987.850
95	988.470
96	988.070
97	988.080
100	987.340
101	988.370
102	987.670
103	988.190
104	987.920
107	987.680
108	988.420
109	987.670
110	987.700
111	988.030
112	987.350
113	988.370
114	987.520
116	988.080
117	988.480
118	987.630
119	987.330
120	987.950
122	987.300
123	987.160
125	987.470
128	987.640
130	987.560
134	987.120
136	987.380
137	987.460
139	988.190
140	987.110
141	988.360
142	987.930
143	987.350
145	988.150
149	987.620
150	987.030
151	987.500
152	988.310
153	988.150
154	988.380
155	987.500
156	987.910
159	988.080
160	987.540
161	987.490
162	988.220
163	988.130
166	987.200
167	987.670
170	987.750
171	988.090
172	987.580
173	987.020
174	987.460
175	987.730
176	987.650
177	987.250
178	988.340
179	987.460
180	987.820
181	987.680
182	987.750
183	987.570
184	987.930
185	987.070
187	988.380
188	987.320
189	988.470
190	987.460
191	987.160
192	987.680
193	987.760
194	988.340
197	988.280
198	987.450
199	988.320
200	987.790
201	987.890
202	987.800
204	987.020
206	987.090
207	987.310
208	988.430
209	988.320
210	988.310
211	987.690
212	987.790
213	988.470
214	987.860
215	987.750
219	987.360
221	987.270
223	987.620
225	987.460
226	988.050
228	988.390
229	988.130
230	987.210
231	987.510
232	987.730
233	987.660
234	987.700
236	987.710
237	987.190
238	988.020
239	988.020
242	987.140
243	987.450
244	988.060
245	988.140
248	987.610
249	987.400
251	988.320
252	987.070
253	987.750
254	987.010
256	987.090
257	987.360
258	987.840
259	987.300
260	987.830
262	987.130
263	988.070
264	987.900
265	987.180
267	987.800
268	987.740
269	987.180
270	987.950
271	987.790
273	987.430
274	988.290
276	987.500
277	988.360
278	987.770
279	988.110
280	987.940
281	988.460
282	988.450
283	987.660
288	988.210
289	987.120
290	988.050
291	988.220
292	987.590
293	988.010
294	987.970
295	987.850
296	988.020
297	988.070
298	988.490
299	988.300
300	987.830
302	987.980
303	987.840
304	987.580
305	987.270
306	987.660
307	987.970
310	988.310
311	987.080
312	987.150
314	987.560
315	987.230
316	987.080
317	987.380
318	987.830
320	987.440
321	988.380
322	987.780
323	988.500
324	987.910
327	987.700
330	987.790
331	987.550
332	988.000
333	987.340
335	987.130
337	987.500
338	987.620
340	987.430
342	987.560
343	987.830
344	987.770
345	988.400
346	988.150
347	987.450
348	988.160
349	988.120
350	987.570
351	988.330
352	988.310
353	988.280
354	987.260
355	988.110
359	987.260
360	987.720
361	988.250
362	987.050
364	988.440
366	987.610
367	987.570
368	988.150
370	988.500
371	987.200
373	987.250
374	987.440
375	987.870
376	988.410
378	987.260
379	987.910
382	988.210
383	987.160
386	987.960
387	987.240
389	987.110
390	987.990
391	987.620
392	987.670
393	987.100
394	987.980
396	987.890
399	987.910
400	987.550
401	987.080
405	987.840
406	987.870
407	987.920
408	987.490
409	987.980
410	988.410
411	987.520
412	987.140
413	987.620
414	987.930
415	987.760
416	988.300
417	987.220
419	987.100
420	987.570
421	987.780
422	987.250
423	987.960
424	988.470
425	987.880
426	987.280
427	988.260
428	988.400
429	987.930
430	987.240
431	987.790
432	987.970
433	988.300
434	987.510
435	988.410
436	987.090
437	988.470
438	987.140
439	987.180
441	987.360
442	987.660
443	987.490
445	987.450
446	987.410
447	987.320
448	987.480
450	988.150
451	988.300
452	987.840
454	987.450
455	987.360
456	988.170
457	987.170
459	987.870
461	988.080
462	988.500
464	988.100
465	987.680
466	987.960
468	987.750
471	987.310
472	987.280
473	988.500
474	987.720
477	987.900
478	988.200
479	987.520
480	987.850
481	987.970
483	987.220
486	987.160
488	988.440
489	988.300
490	987.280
491	987.560
492	987.520
495	988.260
497	987.690
498	987.930
499	987.200
1	988.880
3	989.270
4	989.180
5	988.980
8	989.600
9	989.580
10	988.590
11	989.760
12	989.640
13	988.680
14	989.720
15	989.800
16	988.530
17	989.310
18	989.190
19	989.240
20	989.830
22	989.490
23	989.850
28	990.000
29	988.840
30	988.780
32	988.610
33	989.960
34	988.970
35	989.060
36	988.620
37	988.540
38	989.580
39	989.150
40	989.150
41	988.780
42	989.760
43	989.310
44	989.680
45	989.280
46	988.820
47	989.270
48	988.590
49	989.950
50	989.410
51	989.460
52	988.870
53	989.460
54	989.990
56	989.240
57	989.770
60	989.780
61	988.740
62	988.680
63	989.230
64	989.900
65	988.770
67	989.030
68	989.730
70	989.920
72	988.880
73	988.650
74	989.660
75	988.730
77	989.020
78	988.710
79	988.670
80	989.650
81	989.590
83	989.350
84	988.740
86	989.300
87	989.070
89	988.870
90	989.940
91	989.510
92	989.330
93	988.830
94	989.860
98	988.830
99	988.560
100	989.350
102	989.680
104	989.930
105	988.720
106	988.940
107	989.690
109	989.680
110	989.710
112	989.360
114	989.530
115	988.800
118	989.640
119	989.340
120	989.960
121	988.890
122	989.310
123	989.170
124	988.790
125	989.480
126	988.710
127	988.770
128	989.650
129	988.850
130	989.570
131	988.590
132	988.750
133	988.690
134	989.130
135	988.950
136	989.390
137	989.470
138	988.800
140	989.120
142	989.940
143	989.360
144	988.630
146	988.840
147	988.740
148	988.700
149	989.630
150	989.040
151	989.510
155	989.510
156	989.920
157	988.830
158	988.630
160	989.550
161	989.500
164	988.510
165	988.510
166	989.210
167	989.680
168	988.600
169	988.570
170	989.760
172	989.590
173	989.030
174	989.470
175	989.740
176	989.660
177	989.260
179	989.470
180	989.830
181	989.690
182	989.760
183	989.580
184	989.940
185	989.080
186	988.810
188	989.330
190	989.470
191	989.170
192	989.690
193	989.770
195	988.640
196	988.710
198	989.460
200	989.800
201	989.900
202	989.810
203	989.010
204	989.030
205	988.650
206	989.100
207	989.320
211	989.700
212	989.800
214	989.870
215	989.760
216	988.680
217	988.930
218	988.960
219	989.370
220	988.540
221	989.280
222	988.800
223	989.630
224	988.680
225	989.470
227	988.880
230	989.220
231	989.520
232	989.740
233	989.670
234	989.710
235	988.930
236	989.720
237	989.200
240	988.630
241	988.610
242	989.150
243	989.460
246	988.790
247	988.820
248	989.620
249	989.410
250	988.880
252	989.080
253	989.760
254	989.020
255	988.530
256	989.100
257	989.370
258	989.850
259	989.310
260	989.840
261	988.830
262	989.140
264	989.910
265	989.190
266	988.910
267	989.810
268	989.750
269	989.190
270	989.960
271	989.800
272	988.720
273	989.440
275	988.920
276	989.510
278	989.780
280	989.950
283	989.670
284	988.710
285	988.550
286	988.830
287	988.800
289	989.130
292	989.600
294	989.980
295	989.860
300	989.840
301	988.750
302	989.990
303	989.850
304	989.590
305	989.280
306	989.670
307	989.980
308	988.980
309	988.930
311	989.090
312	989.160
313	988.760
314	989.570
315	989.240
316	989.090
317	989.390
318	989.840
319	988.530
320	989.450
322	989.790
324	989.920
325	988.650
326	988.510
327	989.710
328	988.990
329	988.900
330	989.800
331	989.560
333	989.350
334	988.640
335	989.140
336	988.800
337	989.510
338	989.630
339	988.810
340	989.440
341	988.570
342	989.570
343	989.840
344	989.780
347	989.460
350	989.580
354	989.270
356	988.950
357	988.610
358	988.650
359	989.270
360	989.730
362	989.060
363	988.930
365	988.730
366	989.620
367	989.580
369	988.960
371	989.210
372	988.860
373	989.260
374	989.450
375	989.880
377	988.790
378	989.270
379	989.920
380	988.790
381	988.820
383	989.170
384	988.750
385	988.750
386	989.970
387	989.250
388	988.660
389	989.120
390	990.000
391	989.630
392	989.680
393	989.110
394	989.990
395	989.000
396	989.900
397	988.590
398	988.530
399	989.920
400	989.560
401	989.090
402	988.540
403	988.960
404	988.710
405	989.850
406	989.880
407	989.930
408	989.500
409	989.990
411	989.530
412	989.150
413	989.630
414	989.940
415	989.770
417	989.230
418	988.830
419	989.110
420	989.580
421	989.790
422	989.260
423	989.970
425	989.890
426	989.290
429	989.940
430	989.250
431	989.800
432	989.980
434	989.520
436	989.100
438	989.150
439	989.190
440	988.680
441	989.370
442	989.670
443	989.500
444	988.590
445	989.460
446	989.420
447	989.330
448	989.490
449	988.880
452	989.850
453	988.940
454	989.460
455	989.370
457	989.180
458	988.820
459	989.880
460	989.000
463	988.950
465	989.690
466	989.970
467	988.930
468	989.760
469	988.520
470	988.790
471	989.320
472	989.290
474	989.730
475	988.550
476	988.860
477	989.910
479	989.530
480	989.860
481	989.980
482	988.810
483	989.230
484	988.980
485	988.990
486	989.170
487	988.520
490	989.290
491	989.570
492	989.530
493	988.840
494	988.660
496	988.990
497	989.700
498	989.940
499	989.210
500	988.840
1	990.890
2	990.090
3	991.280
4	991.190
5	990.990
6	990.390
7	990.160
10	990.600
13	990.690
16	990.540
17	991.320
18	991.200
19	991.250
21	990.330
22	991.500
24	990.020
25	990.090
26	990.240
27	990.430
29	990.850
30	990.790
31	990.380
32	990.620
34	990.980
35	991.070
36	990.630
37	990.550
39	991.160
40	991.160
41	990.790
43	991.320
45	991.290
46	990.830
47	991.280
48	990.600
50	991.420
51	991.470
52	990.880
53	991.470
55	990.070
56	991.250
58	990.240
59	990.380
61	990.750
62	990.690
63	991.240
65	990.780
66	990.380
67	991.040
69	990.490
71	990.220
72	990.890
73	990.660
75	990.740
76	990.500
77	991.030
78	990.720
79	990.680
82	990.150
83	991.360
84	990.750
85	990.500
86	991.310
87	991.080
88	990.210
89	990.880
92	991.340
93	990.840
95	990.480
96	990.080
97	990.090
98	990.840
99	990.570
100	991.360
101	990.380
103	990.200
105	990.730
106	990.950
108	990.430
111	990.040
112	991.370
113	990.380
115	990.810
116	990.090
117	990.490
119	991.350
121	990.900
122	991.320
123	991.180
124	990.800
125	991.490
126	990.720
127	990.780
129	990.860
131	990.600
132	990.760
133	990.700
134	991.140
135	990.960
136	991.400
137	991.480
138	990.810
139	990.200
140	991.130
141	990.370
143	991.370
144	990.640
145	990.160
146	990.850
147	990.750
148	990.710
150	991.050
152	990.320
153	990.160
154	990.390
157	990.840
158	990.640
159	990.090
162	990.230
163	990.140
164	990.520
165	990.520
166	991.220
168	990.610
169	990.580
171	990.100
173	991.040
174	991.480
177	991.270
178	990.350
179	991.480
185	991.090
186	990.820
187	990.390
188	991.340
189	990.480
190	991.480
191	991.180
194	990.350
195	990.650
196	990.720
197	990.290
198	991.470
199	990.330
203	991.020
204	991.040
205	990.660
206	991.110
207	991.330
208	990.440
209	990.330
210	990.320
213	990.480
216	990.690
217	990.940
218	990.970
219	991.380
220	990.550
221	991.290
222	990.810
224	990.690
225	991.480
226	990.060
227	990.890
228	990.400
229	990.140
230	991.230
235	990.940
237	991.210
238	990.030
239	990.030
240	990.640
241	990.620
242	991.160
243	991.470
244	990.070
245	990.150
246	990.800
247	990.830
249	991.420
250	990.890
251	990.330
252	991.090
254	991.030
255	990.540
256	991.110
257	991.380
259	991.320
261	990.840
262	991.150
263	990.080
265	991.200
266	990.920
269	991.200
272	990.730
273	991.450
274	990.300
275	990.930
277	990.370
279	990.120
281	990.470
282	990.460
284	990.720
285	990.560
286	990.840
287	990.810
288	990.220
289	991.140
290	990.060
291	990.230
293	990.020
296	990.030
297	990.080
298	990.500
299	990.310
301	990.760
305	991.290
308	990.990
309	990.940
310	990.320
311	991.100
312	991.170
313	990.770
315	991.250
316	991.100
317	991.400
319	990.540
320	991.460
321	990.390
323	990.510
325	990.660
326	990.520
328	991.000
329	990.910
332	990.010
333	991.360
334	990.650
335	991.150
336	990.810
339	990.820
340	991.450
341	990.580
345	990.410
346	990.160
347	991.470
348	990.170
349	990.130
351	990.340
352	990.320
353	990.290
354	991.280
355	990.120
356	990.960
357	990.620
358	990.660
359	991.280
361	990.260
362	991.070
363	990.940
364	990.450
365	990.740
368	990.160
369	990.970
370	990.510
371	991.220
372	990.870
373	991.270
374	991.460
376	990.420
377	990.800
378	991.280
380	990.800
381	990.830
382	990.220
383	991.180
384	990.760
385	990.760
387	991.260
388	990.670
389	991.130
393	991.120
395	991.010
397	990.600
398	990.540
401	991.100
402	990.550
403	990.970
404	990.720
410	990.420
412	991.160
416	990.310
417	991.240
418	990.840
419	991.120
422	991.270
424	990.480
426	991.300
427	990.270
428	990.410
430	991.260
433	990.310
435	990.420
436	991.110
437	990.480
438	991.160
439	991.200
440	990.690
441	991.380
444	990.600
445	991.470
446	991.430
447	991.340
448	991.500
449	990.890
450	990.160
451	990.310
453	990.950
454	991.470
455	991.380
456	990.180
457	991.190
458	990.830
460	991.010
461	990.090
462	990.510
463	990.960
464	990.110
467	990.940
469	990.530
470	990.800
471	991.330
472	991.300
473	990.510
475	990.560
476	990.870
478	990.210
482	990.820
483	991.240
484	990.990
485	991.000
486	991.180
487	990.530
488	990.450
489	990.310
490	991.300
493	990.850
494	990.670
495	990.270
496	991.000
499	991.220
500	990.850
1	992.900
2	992.100
5	993.000
6	992.400
7	992.170
8	991.610
9	991.590
10	992.610
11	991.770
12	991.650
13	992.700
14	991.730
15	991.810
16	992.550
20	991.840
21	992.340
23	991.860
24	992.030
25	992.100
26	992.250
27	992.440
28	992.010
29	992.860
30	992.800
31	992.390
32	992.630
33	991.970
34	992.990
36	992.640
37	992.560
38	991.590
41	992.800
42	991.770
44	991.690
46	992.840
48	992.610
49	991.960
52	992.890
54	992.000
55	992.080
57	991.780
58	992.250
59	992.390
60	991.790
61	992.760
62	992.700
64	991.910
65	992.790
66	992.390
68	991.740
69	992.500
70	991.930
71	992.230
72	992.900
73	992.670
74	991.670
75	992.750
76	992.510
78	992.730
79	992.690
80	991.660
81	991.600
82	992.160
84	992.760
85	992.510
88	992.220
89	992.890
90	991.950
91	991.520
93	992.850
94	991.870
95	992.490
96	992.090
97	992.100
98	992.850
99	992.580
101	992.390
102	991.690
103	992.210
104	991.940
105	992.740
106	992.960
107	991.700
108	992.440
109	991.690
110	991.720
111	992.050
113	992.390
114	991.540
115	992.820
116	992.100
117	992.500
118	991.650
120	991.970
121	992.910
124	992.810
126	992.730
127	992.790
128	991.660
129	992.870
130	991.580
131	992.610
132	992.770
133	992.710
135	992.970
138	992.820
139	992.210
141	992.380
142	991.950
144	992.650
145	992.170
146	992.860
147	992.760
148	992.720
149	991.640
151	991.520
152	992.330
153	992.170
154	992.400
155	991.520
156	991.930
157	992.850
158	992.650
159	992.100
160	991.560
161	991.510
162	992.240
163	992.150
164	992.530
165	992.530
167	991.690
168	992.620
169	992.590
170	991.770
171	992.110
172	991.600
175	991.750
176	991.670
178	992.360
180	991.840
181	991.700
182	991.770
183	991.590
184	991.950
186	992.830
187	992.400
189	992.490
192	991.700
193	991.780
194	992.360
195	992.660
196	992.730
197	992.300
199	992.340
200	991.810
201	991.910
202	991.820
205	992.670
208	992.450
209	992.340
210	992.330
211	991.710
212	991.810
213	992.490
214	991.880
215	991.770
216	992.700
217	992.950
218	992.980
220	992.560
222	992.820
223	991.640
224	992.700
226	992.070
227	992.900
228	992.410
229	992.150
231	991.530
232	991.750
233	991.680
234	991.720
235	992.950
236	991.730
238	992.040
239	992.040
240	992.650
241	992.630
244	992.080
245	992.160
246	992.810
247	992.840
248	991.630
250	992.900
251	992.340
253	991.770
255	992.550
258	991.860
260	991.850
261	992.850
263	992.090
264	991.920
266	992.930
267	991.820
268	991.760
270	991.970
271	991.810
272	992.740
274	992.310
275	992.940
276	991.520
277	992.380
278	991.790
279	992.130
280	991.960
281	992.480
282	992.470
283	991.680
284	992.730
285	992.570
286	992.850
287	992.820
288	992.230
290	992.070
291	992.240
292	991.610
293	992.030
294	991.990
295	991.870
296	992.040
297	992.090
298	992.510
299	992.320
300	991.850
301	992.770
302	992.000
303	991.860
304	991.600
306	991.680
307	991.990
308	993.000
309	992.950
310	992.330
313	992.780
314	991.580
318	991.850
319	992.550
321	992.400
322	991.800
323	992.520
324	991.930
325	992.670
326	992.530
327	991.720
329	992.920
330	991.810
331	991.570
332	992.020
334	992.660
336	992.820
337	991.520
338	991.640
339	992.830
341	992.590
342	991.580
343	991.850
344	991.790
345	992.420
346	992.170
348	992.180
349	992.140
350	991.590
351	992.350
352	992.330
353	992.300
355	992.130
356	992.970
357	992.630
358	992.670
360	991.740
361	992.270
363	992.950
364	992.460
365	992.750
366	991.630
367	991.590
368	992.170
369	992.980
370	992.520
372	992.880
375	991.890
376	992.430
377	992.810
379	991.930
380	992.810
381	992.840
382	992.230
384	992.770
385	992.770
386	991.980
388	992.680
390	992.010
391	991.640
392	991.690
394	992.000
396	991.910
397	992.610
398	992.550
399	991.930
400	991.570
402	992.560
403	992.980
404	992.730
405	991.860
406	991.890
407	991.940
408	991.510
409	992.000
410	992.430
411	991.540
413	991.640
414	991.950
415	991.780
416	992.320
418	992.850
420	991.590
421	991.800
423	991.980
424	992.490
425	991.900
427	992.280
428	992.420
429	991.950
431	991.810
432	991.990
433	992.320
434	991.530
435	992.430
437	992.490
440	992.700
442	991.680
443	991.510
444	992.610
449	992.900
450	992.170
451	992.320
452	991.860
453	992.960
456	992.190
458	992.840
459	991.890
461	992.100
462	992.520
463	992.970
464	992.120
465	991.700
466	991.980
467	992.950
468	991.770
469	992.540
470	992.810
473	992.520
474	991.740
475	992.570
476	992.880
477	991.920
478	992.220
479	991.540
480	991.870
481	991.990
482	992.830
484	993.000
487	992.540
488	992.460
489	992.320
491	991.580
492	991.540
493	992.860
494	992.680
495	992.280
497	991.710
498	991.950
500	992.860
2	994.110
3	993.290
4	993.200
6	994.410
7	994.180
8	993.620
9	993.600
11	993.780
12	993.660
14	993.740
15	993.820
17	993.330
18	993.210
19	993.260
20	993.850
21	994.350
22	993.510
23	993.870
24	994.040
25	994.110
26	994.260
27	994.450
28	994.020
31	994.400
33	993.980
35	993.080
38	993.600
39	993.170
40	993.170
42	993.780
43	993.330
44	993.700
45	993.300
47	993.290
49	993.970
50	993.430
51	993.480
53	993.480
54	994.010
55	994.090
56	993.260
57	993.790
58	994.260
59	994.400
60	993.800
63	993.250
64	993.920
66	994.400
67	993.050
68	993.750
70	993.940
71	994.240
74	993.680
77	993.040
80	993.670
81	993.610
82	994.170
83	993.370
86	993.320
87	993.090
88	994.230
90	993.960
91	993.530
92	993.350
94	993.880
95	994.500
96	994.100
97	994.110
100	993.370
101	994.400
102	993.700
103	994.220
104	993.950
107	993.710
108	994.450
109	993.700
110	993.730
111	994.060
112	993.380
113	994.400
114	993.550
116	994.110
118	993.660
119	993.360
120	993.980
122	993.330
123	993.190
125	993.500
128	993.670
130	993.590
134	993.150
136	993.410
137	993.490
139	994.220
140	993.140
141	994.390
142	993.960
143	993.380
145	994.180
149	993.650
150	993.060
151	993.530
152	994.340
153	994.180
154	994.410
155	993.530
156	993.940
159	994.110
160	993.570
161	993.520
162	994.250
163	994.160
166	993.230
167	993.700
170	993.780
171	994.120
172	993.610
173	993.050
174	993.490
175	993.760
176	993.680
177	993.280
178	994.370
179	993.490
180	993.850
181	993.710
182	993.780
183	993.600
184	993.960
185	993.100
187	994.410
188	993.350
189	994.500
190	993.490
191	993.190
192	993.710
193	993.790
194	994.370
197	994.310
198	993.480
199	994.350
200	993.820
201	993.920
202	993.830
203	993.030
204	993.050
206	993.120
207	993.340
208	994.460
209	994.350
210	994.340
211	993.720
212	993.820
213	994.500
214	993.890
215	993.780
219	993.390
221	993.300
223	993.650
225	993.490
226	994.080
228	994.420
229	994.160
230	993.240
231	993.540
232	993.760
233	993.690
234	993.730
236	993.740
237	993.220
238	994.050
239	994.050
242	993.170
243	993.480
244	994.090
245	994.170
248	993.640
249	993.430
251	994.350
252	993.100
253	993.780
254	993.040
256	993.120
257	993.390
258	993.870
259	993.330
260	993.860
262	993.160
263	994.100
264	993.930
265	993.210
267	993.830
268	993.770
269	993.210
270	993.980
271	993.820
273	993.460
274	994.320
276	993.530
277	994.390
278	993.800
279	994.140
280	993.970
281	994.490
282	994.480
283	993.690
288	994.240
289	993.150
290	994.080
291	994.250
292	993.620
293	994.040
294	994.000
295	993.880
296	994.050
297	994.100
299	994.330
300	993.860
302	994.010
303	993.870
304	993.610
305	993.300
306	993.690
307	994.000
310	994.340
311	993.110
312	993.180
314	993.590
315	993.260
316	993.110
317	993.410
318	993.860
320	993.470
321	994.410
322	993.810
324	993.940
327	993.730
328	993.010
330	993.820
331	993.580
332	994.030
333	993.370
335	993.160
337	993.530
338	993.650
340	993.460
342	993.590
343	993.860
344	993.800
345	994.430
346	994.180
347	993.480
348	994.190
349	994.150
350	993.600
351	994.360
352	994.340
353	994.310
354	993.290
355	994.140
359	993.290
360	993.750
361	994.280
362	993.080
364	994.470
366	993.640
367	993.600
368	994.180
371	993.230
373	993.280
374	993.470
375	993.900
376	994.440
378	993.290
379	993.940
382	994.240
383	993.190
386	993.990
387	993.270
389	993.140
390	994.020
391	993.650
392	993.700
393	993.130
394	994.010
395	993.020
396	993.920
399	993.940
400	993.580
401	993.110
405	993.870
406	993.900
407	993.950
408	993.520
409	994.010
410	994.440
411	993.550
412	993.170
413	993.650
414	993.960
415	993.790
416	994.330
417	993.250
419	993.130
420	993.600
421	993.810
422	993.280
423	993.990
424	994.500
425	993.910
426	993.310
427	994.290
428	994.430
429	993.960
430	993.270
431	993.820
432	994.000
433	994.330
434	993.540
435	994.440
436	993.120
437	994.500
438	993.170
439	993.210
441	993.390
442	993.690
443	993.520
445	993.480
446	993.440
447	993.350
448	993.510
450	994.180
451	994.330
452	993.870
454	993.480
455	993.390
456	994.200
457	993.200
459	993.900
460	993.020
461	994.110
464	994.130
465	993.710
466	993.990
468	993.780
471	993.340
472	993.310
474	993.750
477	993.930
478	994.230
479	993.550
480	993.880
481	994.000
483	993.250
485	993.010
486	993.190
488	994.470
489	994.330
490	993.310
491	993.590
492	993.550
495	994.290
496	993.010
497	993.720
498	993.960
499	993.230
1	994.910
3	995.300
4	995.210
5	995.010
8	995.630
9	995.610
10	994.620
11	995.790
12	995.670
13	994.710
14	995.750
15	995.830
17	995.340
18	995.220
19	995.270
20	995.860
22	995.520
23	995.880
29	994.870
30	994.810
32	994.640
33	995.990
34	995.000
35	995.090
36	994.650
37	994.570
38	995.610
39	995.180
40	995.180
41	994.810
42	995.790
43	995.340
44	995.710
45	995.310
46	994.850
47	995.300
48	994.620
49	995.980
50	995.440
51	995.490
52	994.900
53	995.490
56	995.270
57	995.800
60	995.810
61	994.770
62	994.710
63	995.260
64	995.930
65	994.800
67	995.060
68	995.760
69	994.510
70	995.950
72	994.910
73	994.680
74	995.690
75	994.760
76	994.520
77	995.050
78	994.740
79	994.700
80	995.680
81	995.620
83	995.380
84	994.770
85	994.520
86	995.330
87	995.100
89	994.900
90	995.970
91	995.540
92	995.360
93	994.860
94	995.890
98	994.860
99	994.590
100	995.380
102	995.710
104	995.960
105	994.750
106	994.970
107	995.720
109	995.710
110	995.740
112	995.390
114	995.560
115	994.830
117	994.510
118	995.670
119	995.370
120	995.990
121	994.920
122	995.340
123	995.200
124	994.820
125	995.510
126	994.740
127	994.800
128	995.680
129	994.880
130	995.600
131	994.620
132	994.780
133	994.720
134	995.160
135	994.980
136	995.420
137	995.500
138	994.830
140	995.150
142	995.970
143	995.390
144	994.660
146	994.870
147	994.770
148	994.730
149	995.660
150	995.070
151	995.540
155	995.540
156	995.950
157	994.860
158	994.660
160	995.580
161	995.530
164	994.540
165	994.540
166	995.240
167	995.710
168	994.630
169	994.600
170	995.790
172	995.620
173	995.060
174	995.500
175	995.770
176	995.690
177	995.290
179	995.500
180	995.860
181	995.720
182	995.790
183	995.610
184	995.970
185	995.110
186	994.840
188	995.360
190	995.500
191	995.200
192	995.720
193	995.800
195	994.670
196	994.740
198	995.490
200	995.830
201	995.930
202	995.840
203	995.040
204	995.060
205	994.680
206	995.130
207	995.350
211	995.730
212	995.830
214	995.900
216	994.710
217	994.960
218	994.990
219	995.400
220	994.570
221	995.310
222	994.830
223	995.660
224	994.710
225	995.500
227	994.910
230	995.250
231	995.550
232	995.770
233	995.700
234	995.740
235	994.960
236	995.750
237	995.230
240	994.660
241	994.640
242	995.180
243	995.490
246	994.820
247	994.850
248	995.650
249	995.440
250	994.910
252	995.110
253	995.790
254	995.050
255	994.560
256	995.130
257	995.400
258	995.880
259	995.340
260	995.870
261	994.860
262	995.170
264	995.940
265	995.220
266	994.940
267	995.840
268	995.780
269	995.220
270	995.990
271	995.830
272	994.750
273	995.470
275	994.950
276	995.540
278	995.810
280	995.980
283	995.700
284	994.740
285	994.580
286	994.860
287	994.830
289	995.160
292	995.630
295	995.890
298	994.520
300	995.870
301	994.780
303	995.880
304	995.620
305	995.310
306	995.700
308	995.010
309	994.960
311	995.120
312	995.190
313	994.790
314	995.600
315	995.270
316	995.120
317	995.420
318	995.870
319	994.560
320	995.480
322	995.820
323	994.530
324	995.950
325	994.680
326	994.540
327	995.740
328	995.020
329	994.930
330	995.830
331	995.590
333	995.380
334	994.670
335	995.170
336	994.830
337	995.540
338	995.660
339	994.840
340	995.470
341	994.600
342	995.600
343	995.870
344	995.810
347	995.490
350	995.610
354	995.300
356	994.980
357	994.640
358	994.680
359	995.300
360	995.760
362	995.090
363	994.960
365	994.760
366	995.650
367	995.610
369	994.990
370	994.530
371	995.240
372	994.890
373	995.290
374	995.480
375	995.910
377	994.820
378	995.300
379	995.950
380	994.820
381	994.850
383	995.200
384	994.780
385	994.780
386	996.000
387	995.280
388	994.690
389	995.150
391	995.660
392	995.710
393	995.140
395	995.030
396	995.930
397	994.620
398	994.560
399	995.950
400	995.590
401	995.120
402	994.570
403	994.990
404	994.740
405	995.880
406	995.910
407	995.960
408	995.530
411	995.560
412	995.180
413	995.660
414	995.970
415	995.800
417	995.260
418	994.860
419	995.140
420	995.610
421	995.820
422	995.290
423	996.000
425	995.920
426	995.320
429	995.970
430	995.280
431	995.830
434	995.550
436	995.130
438	995.180
439	995.220
440	994.710
441	995.400
442	995.700
443	995.530
444	994.620
445	995.490
446	995.450
447	995.360
448	995.520
449	994.910
452	995.880
453	994.970
454	995.490
455	995.400
457	995.210
458	994.850
459	995.910
460	995.030
462	994.530
463	994.980
465	995.720
466	996.000
467	994.960
468	995.790
469	994.550
470	994.820
471	995.350
472	995.320
473	994.530
474	995.760
475	994.580
476	994.890
477	995.940
479	995.560
480	995.890
482	994.840
483	995.260
484	995.010
485	995.020
486	995.200
487	994.550
490	995.320
491	995.600
492	995.560
493	994.870
494	994.690
496	995.020
497	995.730
498	995.970
499	995.240
500	994.870
1	996.920
2	996.120
3	997.310
4	997.220
5	997.020
6	996.420
7	996.190
10	996.630
13	996.720
17	997.350
18	997.230
19	997.280
21	996.360
24	996.050
25	996.120
26	996.270
27	996.460
28	996.030
29	996.880
30	996.820
31	996.410
32	996.650
34	997.010
35	997.100
36	996.660
37	996.580
39	997.190
40	997.190
41	996.820
43	997.350
45	997.320
46	996.860
47	997.310
48	996.630
50	997.450
51	997.500
52	996.910
53	997.500
54	996.020
55	996.100
56	997.280
58	996.270
59	996.410
61	996.780
62	996.720
63	997.270
65	996.810
66	996.410
67	997.070
69	996.520
71	996.250
72	996.920
73	996.690
75	996.770
76	996.530
77	997.060
78	996.750
79	996.710
82	996.180
83	997.390
84	996.780
85	996.530
86	997.340
87	997.110
88	996.240
89	996.910
92	997.370
93	996.870
95	996.510
96	996.110
97	996.120
98	996.870
99	996.600
100	997.390
101	996.410
103	996.230
105	996.760
106	996.980
108	996.460
111	996.070
112	997.400
113	996.410
115	996.840
116	996.120
117	996.520
119	997.380
121	996.930
122	997.350
123	997.210
124	996.830
126	996.750
127	996.810
129	996.890
131	996.630
132	996.790
133	996.730
134	997.170
135	996.990
138	996.840
139	996.230
140	997.160
141	996.400
143	997.400
144	996.670
145	996.190
146	996.880
147	996.780
148	996.740
150	997.080
152	996.350
153	996.190
154	996.420
157	996.870
158	996.670
159	996.120
162	996.260
163	996.170
164	996.550
165	996.550
166	997.250
168	996.640
169	996.610
171	996.130
173	997.070
177	997.300
178	996.380
185	997.120
186	996.850
187	996.420
188	997.370
189	996.510
191	997.210
194	996.380
195	996.680
196	996.750
197	996.320
198	997.500
199	996.360
203	997.050
204	997.070
205	996.690
206	997.140
207	997.360
208	996.470
209	996.360
210	996.350
213	996.510
216	996.720
217	996.970
218	997.000
219	997.410
220	996.580
221	997.320
222	996.840
224	996.720
226	996.090
227	996.920
228	996.430
229	996.170
230	997.260
235	996.970
238	996.060
239	996.060
240	996.670
241	996.650
242	997.190
243	997.500
244	996.100
245	996.180
246	996.830
247	996.860
249	997.450
250	996.920
251	996.360
252	997.120
254	997.060
255	996.570
256	997.140
257	997.410
259	997.350
261	996.870
262	997.180
263	996.110
265	997.230
266	996.950
269	997.230
272	996.760
273	997.480
274	996.330
275	996.960
277	996.400
279	996.150
281	996.500
282	996.490
284	996.750
285	996.590
286	996.870
287	996.840
288	996.250
289	997.170
290	996.090
291	996.260
293	996.050
294	996.010
296	996.060
297	996.110
298	996.530
299	996.340
301	996.790
302	996.020
305	997.320
307	996.010
308	997.020
309	996.970
310	996.350
311	997.130
312	997.200
313	996.800
315	997.280
316	997.130
317	997.430
319	996.570
320	997.490
321	996.420
323	996.540
325	996.690
326	996.550
328	997.030
329	996.940
332	996.040
333	997.390
334	996.680
335	997.180
336	996.840
339	996.850
340	997.480
341	996.610
345	996.440
346	996.190
347	997.500
348	996.200
349	996.160
351	996.370
352	996.350
353	996.320
354	997.310
355	996.150
356	996.990
357	996.650
358	996.690
359	997.310
361	996.290
362	997.100
363	996.970
364	996.480
365	996.770
368	996.190
369	997.000
370	996.540
371	997.250
372	996.900
373	997.300
374	997.490
376	996.450
377	996.830
378	997.310
381	996.860
382	996.250
383	997.210
384	996.790
385	996.790
387	997.290
388	996.700
389	997.160
390	996.030
393	997.150
394	996.020
395	997.040
397	996.630
398	996.570
401	997.130
402	996.580
403	997.000
404	996.750
409	996.020
410	996.450
412	997.190
416	996.340
417	997.270
418	996.870
422	997.300
424	996.510
426	997.330
427	996.300
428	996.440
430	997.290
432	996.010
433	996.340
435	996.450
436	997.140
437	996.510
438	997.190
439	997.230
440	996.720
441	997.410
444	996.630
445	997.500
446	997.460
447	997.370
449	996.920
450	996.190
451	996.340
453	996.980
454	997.500
455	997.410
456	996.210
457	997.220
458	996.860
460	997.040
461	996.120
462	996.540
463	996.990
464	996.140
467	996.970
469	996.560
470	996.830
471	997.360
472	997.330
473	996.540
475	996.590
476	996.900
478	996.240
481	996.010
482	996.850
483	997.270
484	997.020
485	997.030
486	997.210
487	996.560
488	996.480
489	996.340
490	997.330
493	996.880
494	996.700
495	996.300
496	997.030
499	997.250
500	996.880
1	998.930
2	998.130
6	998.430
7	998.200
8	997.640
9	997.620
10	998.640
11	997.800
12	997.680
13	998.730
14	997.760
15	997.840
20	997.870
21	998.370
22	997.530
23	997.890
24	998.060
25	998.130
26	998.280
27	998.470
28	998.040
29	998.890
30	998.830
31	998.420
32	998.660
33	998.000
36	998.670
37	998.590
38	997.620
41	998.830
42	997.800
44	997.720
46	998.870
49	997.990
52	998.920
54	998.030
55	998.110
57	997.810
58	998.280
59	998.420
60	997.820
61	998.790
62	998.730
64	997.940
66	998.420
68	997.770
69	998.530
71	998.260
72	998.930
73	998.700
75	998.780
76	998.540
78	998.760
79	998.720
80	997.690
81	997.630
82	998.190
84	998.790
85	998.540
88	998.250
89	998.920
90	997.980
91	997.550
93	998.880
94	997.900
95	998.520
96	998.120
98	998.880
99	998.610
101	998.420
102	997.720
103	998.240
104	997.970
105	998.770
106	998.990
107	997.730
108	998.470
109	997.720
110	997.750
111	998.080
113	998.420
114	997.570
115	998.850
116	998.130
117	998.530
118	997.680
120	998.000
121	998.940
124	998.840
125	997.520
126	998.760
128	997.690
129	998.900
130	997.610
131	998.640
132	998.800
137	997.510
138	998.850
139	998.240
141	998.410
142	997.980
144	998.680
145	998.200
146	998.890
147	998.790
148	998.750
149	997.670
151	997.550
152	998.360
153	998.200
154	998.430
155	997.550
156	997.960
157	998.880
158	998.680
159	998.130
160	997.590
161	997.540
162	998.270
163	998.180
164	998.560
165	998.560
167	997.720
168	998.650
169	998.620
170	997.800
171	998.140
172	997.630
174	997.510
176	997.700
178	998.390
179	997.510
180	997.870
181	997.730
182	997.800
183	997.620
184	997.980
186	998.860
187	998.430
189	998.520
190	997.510
192	997.730
193	997.810
194	998.390
195	998.690
196	998.760
199	998.370
200	997.840
201	997.940
202	997.850
205	998.700
208	998.480
209	998.370
210	998.360
211	997.740
212	997.840
213	998.520
214	997.910
216	998.730
217	998.980
220	998.590
223	997.670
224	998.730
225	997.510
226	998.100
227	998.930
228	998.440
229	998.180
231	997.560
232	997.780
233	997.710
234	997.750
235	998.980
236	997.760
238	998.070
239	998.070
240	998.680
241	998.660
244	998.110
247	998.870
248	997.660
250	998.930
251	998.370
253	997.800
255	998.580
258	997.890
260	997.880
261	998.880
263	998.120
264	997.950
267	997.850
268	997.790
270	998.000
271	997.840
274	998.340
275	998.970
276	997.550
277	998.410
278	997.820
279	998.160
280	997.990
281	998.510
282	998.500
283	997.710
284	998.760
285	998.600
286	998.880
288	998.260
290	998.100
291	998.270
292	997.640
293	998.060
294	998.020
295	997.900
296	998.070
297	998.120
298	998.540
299	998.350
300	997.880
301	998.800
303	997.890
304	997.630
306	997.710
307	998.020
309	998.980
310	998.360
313	998.810
314	997.610
318	997.880
321	998.430
322	997.830
323	998.550
324	997.960
326	998.560
327	997.750
330	997.840
331	997.600
332	998.050
334	998.690
336	998.850
337	997.550
338	997.670
339	998.860
341	998.620
342	997.610
343	997.880
344	997.820
345	998.450
346	998.200
348	998.210
349	998.170
350	997.620
351	998.380
352	998.360
353	998.330
355	998.160
356	999.000
357	998.660
358	998.700
360	997.770
361	998.300
363	998.980
364	998.490
366	997.660
367	997.620
368	998.200
370	998.550
372	998.910
375	997.920
376	998.460
377	998.840
379	997.960
382	998.260
384	998.800
385	998.800
386	998.010
388	998.710
390	998.040
391	997.670
392	997.720
394	998.030
396	997.940
397	998.640
398	998.580
399	997.960
400	997.600
402	998.590
404	998.760
405	997.890
406	997.920
407	997.970
408	997.540
409	998.030
411	997.570
413	997.670
414	997.980
415	997.810
416	998.350
418	998.880
420	997.620
421	997.830
423	998.010
424	998.520
425	997.930
427	998.310
428	998.450
429	997.980
431	997.840
432	998.020
434	997.560
435	998.460
437	998.520
440	998.730
442	997.710
443	997.540
444	998.640
448	997.530
449	998.930
450	998.200
451	998.350
452	997.890
453	998.990
456	998.220
458	998.870
459	997.920
461	998.130
462	998.550
463	999.000
464	998.150
465	997.730
466	998.010
467	998.980
469	998.570
470	998.840
473	998.550
474	997.770
477	997.950
478	998.250
479	997.570
480	997.900
481	998.020
482	998.860
487	998.570
488	998.490
489	998.350
491	997.610
492	997.570
494	998.710
495	998.310
497	997.740
498	997.980
500	998.890
