6.150000000000000355e+00
5.730000000000000426e+00
7.059999999999998721e+00
6.470000000000002416e+00
5.960000000000000853e+00
6.169999999999994600e+00
6.570000000000000284e+00
5.490000000000001990e+00
7.210000000000000853e+00
6.730000000000003979e+00
5.879999999999995453e+00
6.109999999999999432e+00
4.980000000000003979e+00
7.230000000000003979e+00
7.179999999999992610e+00
6.250000000000000000e+00
6.030000000000001137e+00
5.829999999999998295e+00
4.969999999999998863e+00
5.940000000000011937e+00
5.259999999999990905e+00
7.810000000000002274e+00
7.650000000000005684e+00
6.199999999999988631e+00
5.439999999999997726e+00
6.170000000000015916e+00
5.639999999999986358e+00
6.860000000000013642e+00
7.489999999999980673e+00
6.320000000000021600e+00
6.090000000000003411e+00
7.709999999999979536e+00
6.030000000000001137e+00
7.890000000000014779e+00
6.179999999999978400e+00
7.210000000000007958e+00
7.270000000000010232e+00
5.870000000000004547e+00
7.620000000000004547e+00
7.149999999999977263e+00
5.319999999999993179e+00
6.610000000000013642e+00
6.300000000000011369e+00
6.569999999999993179e+00
6.050000000000011369e+00
6.060000000000002274e+00
7.490000000000009095e+00
6.370000000000004547e+00
5.169999999999959073e+00
5.870000000000004547e+00
8.220000000000027285e+00
5.629999999999995453e+00
6.509999999999990905e+00
6.439999999999997726e+00
5.719999999999970441e+00
6.660000000000025011e+00
6.060000000000002274e+00
6.310000000000002274e+00
5.990000000000009095e+00
6.980000000000018190e+00
5.919999999999959073e+00
6.610000000000013642e+00
5.980000000000018190e+00
6.639999999999986358e+00
6.290000000000020464e+00
6.699999999999988631e+00
5.659999999999968168e+00
7.080000000000040927e+00
7.509999999999990905e+00
7.750000000000000000e+00
6.379999999999995453e+00
6.019999999999981810e+00
6.340000000000031832e+00
6.169999999999959073e+00
6.110000000000013642e+00
5.439999999999997726e+00
6.400000000000034106e+00
7.159999999999968168e+00
7.080000000000040927e+00
5.219999999999913598e+00
6.170000000000072760e+00
6.699999999999931788e+00
5.820000000000050022e+00
5.379999999999995453e+00
6.509999999999990905e+00
5.360000000000013642e+00
6.580000000000040927e+00
6.399999999999977263e+00
6.000000000000000000e+00
6.809999999999945430e+00
7.200000000000045475e+00
6.679999999999949978e+00
6.120000000000004547e+00
5.790000000000077307e+00
6.789999999999963620e+00
5.100000000000022737e+00
5.549999999999954525e+00
5.610000000000013642e+00
6.220000000000027285e+00
5.289999999999963620e+00
4.950000000000045475e+00
6.120000000000004547e+00
5.349999999999909051e+00
5.820000000000050022e+00
6.440000000000054570e+00
5.719999999999913598e+00
6.170000000000072760e+00
6.919999999999959073e+00
6.009999999999990905e+00
6.129999999999995453e+00
5.519999999999981810e+00
6.050000000000068212e+00
6.919999999999959073e+00
6.690000000000054570e+00
5.929999999999949978e+00
6.419999999999959073e+00
7.250000000000000000e+00
6.509999999999990905e+00
6.550000000000068212e+00
6.950000000000045475e+00
6.449999999999931788e+00
6.810000000000059117e+00
5.990000000000009095e+00
5.869999999999890861e+00
6.330000000000040927e+00
6.389999999999986358e+00
5.889999999999986358e+00
6.160000000000081855e+00
5.169999999999959073e+00
5.009999999999990905e+00
5.450000000000045475e+00
6.649999999999977263e+00
6.429999999999949978e+00
6.759999999999990905e+00
5.530000000000086402e+00
5.629999999999995453e+00
6.230000000000018190e+00
4.829999999999927240e+00
8.300000000000068212e+00
6.669999999999959073e+00
5.580000000000040927e+00
5.809999999999945430e+00
5.350000000000022737e+00
5.710000000000036380e+00
5.669999999999959073e+00
6.960000000000036380e+00
7.079999999999927240e+00
6.120000000000004547e+00
5.730000000000018190e+00
6.299999999999954525e+00
5.940000000000054570e+00
5.360000000000013642e+00
5.500000000000000000e+00
6.329999999999927240e+00
5.629999999999995453e+00
7.760000000000104592e+00
5.719999999999913598e+00
5.820000000000050022e+00
5.739999999999999325e+00
5.370000000000000995e+00
6.480000000000000426e+00
5.640000000000000568e+00
5.699999999999999289e+00
6.439999999999997726e+00
7.030000000000001137e+00
5.750000000000000000e+00
6.399999999999998579e+00
5.540000000000006253e+00
6.390000000000000568e+00
7.069999999999993179e+00
6.120000000000004547e+00
7.000000000000000000e+00
7.359999999999999432e+00
5.489999999999994884e+00
5.150000000000005684e+00
6.170000000000001705e+00
6.890000000000000568e+00
6.790000000000006253e+00
6.889999999999986358e+00
6.439999999999997726e+00
6.670000000000015916e+00
6.310000000000002274e+00
6.229999999999989768e+00
6.500000000000000000e+00
7.840000000000003411e+00
5.210000000000007958e+00
5.329999999999984084e+00
4.900000000000005684e+00
7.060000000000002274e+00
5.870000000000004547e+00
6.280000000000001137e+00
5.620000000000004547e+00
6.399999999999977263e+00
6.580000000000012506e+00
6.560000000000002274e+00
7.689999999999997726e+00
7.150000000000005684e+00
6.109999999999985221e+00
6.120000000000004547e+00
6.329999999999984084e+00
6.530000000000029559e+00
6.099999999999965894e+00
5.720000000000027285e+00
6.139999999999986358e+00
6.470000000000027285e+00
6.229999999999961346e+00
5.720000000000027285e+00
6.449999999999988631e+00
6.810000000000002274e+00
5.610000000000013642e+00
6.159999999999968168e+00
5.689999999999997726e+00
6.410000000000025011e+00
6.889999999999986358e+00
6.920000000000015916e+00
5.939999999999997726e+00
5.639999999999986358e+00
5.960000000000036380e+00
6.899999999999977263e+00
4.910000000000025011e+00
5.879999999999995453e+00
5.889999999999986358e+00
5.879999999999995453e+00
5.389999999999986358e+00
6.730000000000018190e+00
5.709999999999979536e+00
6.060000000000002274e+00
5.879999999999995453e+00
6.030000000000029559e+00
5.599999999999965894e+00
6.920000000000015916e+00
6.470000000000027285e+00
5.810000000000002274e+00
6.060000000000002274e+00
4.759999999999990905e+00
6.039999999999963620e+00
6.830000000000040927e+00
6.209999999999979536e+00
5.209999999999979536e+00
5.870000000000061391e+00
6.339999999999918145e+00
5.129999999999995453e+00
6.090000000000031832e+00
5.659999999999968168e+00
5.650000000000090949e+00
8.879999999999995453e+00
6.669999999999959073e+00
7.009999999999990905e+00
7.460000000000036380e+00
4.929999999999949978e+00
5.700000000000045475e+00
6.039999999999963620e+00
5.590000000000031832e+00
5.509999999999990905e+00
6.779999999999972715e+00
6.330000000000040927e+00
5.500000000000000000e+00
6.949999999999931788e+00
6.490000000000009095e+00
6.470000000000027285e+00
6.480000000000018190e+00
7.309999999999945430e+00
6.600000000000022737e+00
5.220000000000027285e+00
5.990000000000009095e+00
6.439999999999940883e+00
5.140000000000100044e+00
6.009999999999990905e+00
4.899999999999977263e+00
7.639999999999986358e+00
4.860000000000013642e+00
6.529999999999972715e+00
6.519999999999981810e+00
8.129999999999995453e+00
7.370000000000004547e+00
6.190000000000054570e+00
5.720000000000027285e+00
6.719999999999913598e+00
6.980000000000018190e+00
5.379999999999995453e+00
5.800000000000068212e+00
5.439999999999940883e+00
4.629999999999995453e+00
5.200000000000045475e+00
5.100000000000022737e+00
6.209999999999922693e+00
6.740000000000009095e+00
6.779999999999972715e+00
5.950000000000045475e+00
5.309999999999945430e+00
6.150000000000090949e+00
5.620000000000004547e+00
5.569999999999936335e+00
5.850000000000022737e+00
5.309999999999945430e+00
6.500000000000000000e+00
5.730000000000018190e+00
6.060000000000059117e+00
6.409999999999968168e+00
6.060000000000059117e+00
5.579999999999927240e+00
5.700000000000045475e+00
5.840000000000031832e+00
5.689999999999940883e+00
6.190000000000054570e+00
5.029999999999972715e+00
5.750000000000000000e+00
5.439999999999940883e+00
5.830000000000040927e+00
5.139999999999986358e+00
5.879999999999995453e+00
5.830000000000040927e+00
5.059999999999945430e+00
5.279999999999972715e+00
5.670000000000072760e+00
6.610000000000013642e+00
6.360000000000013642e+00
5.620000000000004547e+00
6.299999999999954525e+00
6.100000000000022737e+00
5.620000000000000107e+00
6.099999999999999645e+00
6.210000000000000853e+00
6.329999999999998295e+00
6.660000000000000142e+00
6.160000000000003695e+00
6.039999999999999147e+00
7.929999999999999716e+00
5.460000000000000853e+00
6.529999999999994031e+00
5.620000000000004547e+00
6.469999999999998863e+00
5.700000000000002842e+00
5.959999999999993747e+00
5.650000000000005684e+00
5.109999999999999432e+00
6.109999999999999432e+00
5.849999999999994316e+00
6.050000000000011369e+00
6.680000000000006821e+00
5.780000000000001137e+00
8.049999999999982947e+00
5.939999999999997726e+00
5.740000000000009095e+00
7.400000000000005684e+00
6.729999999999989768e+00
6.229999999999989768e+00
5.760000000000019327e+00
5.989999999999980673e+00
5.950000000000017053e+00
7.909999999999996589e+00
6.439999999999997726e+00
7.879999999999995453e+00
5.740000000000009095e+00
5.909999999999996589e+00
7.949999999999988631e+00
5.880000000000023874e+00
5.679999999999978400e+00
6.290000000000020464e+00
6.089999999999974989e+00
6.620000000000004547e+00
6.579999999999984084e+00
6.220000000000027285e+00
5.750000000000000000e+00
6.939999999999997726e+00
6.280000000000029559e+00
6.109999999999956799e+00
6.770000000000038654e+00
6.229999999999961346e+00
7.450000000000045475e+00
5.979999999999961346e+00
5.980000000000018190e+00
6.180000000000006821e+00
5.269999999999981810e+00
8.910000000000025011e+00
6.049999999999954525e+00
5.990000000000009095e+00
6.670000000000015916e+00
6.889999999999986358e+00
6.470000000000027285e+00
7.240000000000009095e+00
6.180000000000006821e+00
5.859999999999956799e+00
6.050000000000011369e+00
5.720000000000027285e+00
4.899999999999977263e+00
5.980000000000018190e+00
6.449999999999988631e+00
6.199999999999988631e+00
6.310000000000002274e+00
7.040000000000020464e+00
6.079999999999984084e+00
6.769999999999981810e+00
5.580000000000040927e+00
5.349999999999965894e+00
6.480000000000018190e+00
5.860000000000013642e+00
5.349999999999965894e+00
5.720000000000027285e+00
5.939999999999997726e+00
5.659999999999968168e+00
5.920000000000072760e+00
6.359999999999899956e+00
7.920000000000072760e+00
7.279999999999972715e+00
6.049999999999954525e+00
5.860000000000013642e+00
6.290000000000077307e+00
6.409999999999968168e+00
8.069999999999936335e+00
6.570000000000050022e+00
5.860000000000013642e+00
6.389999999999986358e+00
6.870000000000004547e+00
7.139999999999986358e+00
5.409999999999968168e+00
4.850000000000022737e+00
6.029999999999972715e+00
6.610000000000013642e+00
5.370000000000004547e+00
6.370000000000004547e+00
6.370000000000004547e+00
6.970000000000027285e+00
6.409999999999968168e+00
6.440000000000054570e+00
5.679999999999949978e+00
8.320000000000050022e+00
7.000000000000000000e+00
6.959999999999922693e+00
6.070000000000050022e+00
5.769999999999981810e+00
6.029999999999972715e+00
6.700000000000045475e+00
7.779999999999972715e+00
6.800000000000068212e+00
6.449999999999931788e+00
5.190000000000054570e+00
7.120000000000004547e+00
6.120000000000004547e+00
5.939999999999940883e+00
6.610000000000013642e+00
6.659999999999968168e+00
4.960000000000036380e+00
5.889999999999986358e+00
5.670000000000072760e+00
7.529999999999972715e+00
6.209999999999922693e+00
6.410000000000081855e+00
6.649999999999977263e+00
6.809999999999945430e+00
5.810000000000059117e+00
6.970000000000027285e+00
7.519999999999981810e+00
5.889999999999986358e+00
5.889999999999986358e+00
5.310000000000059117e+00
6.229999999999904503e+00
5.360000000000013642e+00
7.470000000000027285e+00
6.330000000000040927e+00
7.819999999999936335e+00
5.629999999999995453e+00
6.420000000000072760e+00
5.879999999999995453e+00
6.699999999999931788e+00
5.720000000000027285e+00
5.960000000000036380e+00
6.059999999999945430e+00
6.040000000000077307e+00
7.549999999999954525e+00
7.200000000000045475e+00
6.069999999999936335e+00
5.139999999999986358e+00
6.730000000000018190e+00
6.990000000000009095e+00
5.960000000000036380e+00
5.809999999999945430e+00
6.649999999999999467e+00
6.530000000000001137e+00
6.320000000000000284e+00
6.259999999999998010e+00
6.109999999999999432e+00
5.950000000000002842e+00
6.530000000000001137e+00
7.059999999999995168e+00
7.310000000000009379e+00
6.409999999999996589e+00
7.409999999999996589e+00
7.700000000000002842e+00
6.069999999999993179e+00
6.150000000000005684e+00
6.390000000000000568e+00
7.500000000000000000e+00
5.790000000000006253e+00
6.049999999999997158e+00
6.909999999999982379e+00
5.320000000000021600e+00
5.909999999999996589e+00
6.409999999999996589e+00
6.500000000000000000e+00
6.169999999999987494e+00
6.300000000000011369e+00
6.460000000000007958e+00
7.039999999999992042e+00
6.400000000000005684e+00
6.680000000000006821e+00
6.369999999999976126e+00
5.520000000000010232e+00
6.479999999999989768e+00
5.330000000000012506e+00
5.740000000000009095e+00
5.829999999999984084e+00
5.060000000000002274e+00
4.580000000000012506e+00
5.469999999999998863e+00
6.539999999999992042e+00
5.740000000000009095e+00
5.800000000000011369e+00
6.449999999999988631e+00
5.969999999999970441e+00
5.730000000000018190e+00
7.910000000000025011e+00
6.599999999999965894e+00
6.300000000000011369e+00
6.750000000000000000e+00
6.240000000000009095e+00
6.540000000000020464e+00
6.269999999999981810e+00
6.670000000000015916e+00
6.129999999999995453e+00
5.729999999999961346e+00
6.050000000000011369e+00
6.670000000000015916e+00
5.329999999999984084e+00
6.400000000000034106e+00
6.609999999999956799e+00
6.970000000000027285e+00
4.839999999999974989e+00
5.900000000000034106e+00
6.569999999999993179e+00
5.930000000000006821e+00
5.909999999999968168e+00
6.740000000000009095e+00
5.860000000000013642e+00
6.319999999999993179e+00
6.370000000000004547e+00
6.439999999999997726e+00
6.279999999999972715e+00
6.500000000000000000e+00
7.090000000000031832e+00
5.500000000000000000e+00
6.839999999999974989e+00
5.830000000000040927e+00
5.829999999999984084e+00
5.719999999999970441e+00
5.810000000000002274e+00
5.770000000000038654e+00
5.819999999999936335e+00
5.230000000000018190e+00
5.519999999999981810e+00
5.640000000000100044e+00
6.509999999999990905e+00
6.229999999999904503e+00
5.670000000000072760e+00
6.470000000000027285e+00
6.429999999999949978e+00
6.289999999999963620e+00
6.680000000000063665e+00
5.919999999999959073e+00
6.120000000000004547e+00
6.409999999999968168e+00
4.770000000000095497e+00
4.879999999999995453e+00
5.819999999999936335e+00
6.550000000000068212e+00
6.370000000000004547e+00
6.069999999999936335e+00
6.810000000000059117e+00
6.579999999999927240e+00
6.070000000000050022e+00
6.429999999999949978e+00
5.000000000000000000e+00
5.769999999999981810e+00
6.810000000000059117e+00
5.590000000000031832e+00
6.519999999999981810e+00
5.740000000000009095e+00
5.659999999999968168e+00
6.850000000000022737e+00
6.819999999999936335e+00
5.590000000000031832e+00
5.379999999999995453e+00
6.799999999999954525e+00
5.170000000000072760e+00
7.189999999999940883e+00
6.250000000000000000e+00
6.860000000000013642e+00
6.330000000000040927e+00
6.509999999999990905e+00
4.909999999999968168e+00
6.629999999999995453e+00
6.379999999999995453e+00
5.769999999999981810e+00
5.980000000000018190e+00
5.840000000000031832e+00
5.610000000000013642e+00
5.779999999999972715e+00
6.860000000000013642e+00
6.100000000000022737e+00
6.460000000000036380e+00
6.939999999999940883e+00
5.620000000000004547e+00
5.700000000000045475e+00
5.819999999999936335e+00
4.700000000000045475e+00
5.779999999999972715e+00
5.779999999999972715e+00
5.170000000000072760e+00
6.299999999999954525e+00
6.230000000000018190e+00
6.699999999999931788e+00
6.510000000000104592e+00
6.329999999999927240e+00
5.000000000000000000e+00
5.190000000000054570e+00
6.769999999999981810e+00
5.769999999999981810e+00
6.490000000000009095e+00
6.689999999999940883e+00
6.260000000000104592e+00
5.409999999999968168e+00
6.709999999999922693e+00
7.660000000000081855e+00
6.490000000000009095e+00
5.689999999999940883e+00
5.960000000000036380e+00
5.789999999999963620e+00
6.170000000000072760e+00
6.189999999999999503e+00
5.939999999999999503e+00
6.530000000000001137e+00
6.770000000000003126e+00
6.839999999999996305e+00
6.399999999999998579e+00
6.040000000000006253e+00
5.879999999999995453e+00
6.420000000000001705e+00
7.310000000000002274e+00
6.189999999999997726e+00
5.430000000000006821e+00
5.669999999999987494e+00
5.719999999999998863e+00
5.560000000000002274e+00
6.950000000000002842e+00
6.650000000000005684e+00
7.459999999999993747e+00
6.439999999999997726e+00
5.609999999999999432e+00
6.150000000000005684e+00
6.819999999999993179e+00
5.920000000000015916e+00
5.729999999999989768e+00
7.340000000000003411e+00
7.680000000000006821e+00
7.349999999999994316e+00
6.280000000000001137e+00
6.039999999999992042e+00
6.730000000000018190e+00
6.519999999999981810e+00
5.580000000000012506e+00
5.829999999999984084e+00
5.969999999999998863e+00
6.820000000000021600e+00
6.049999999999982947e+00
8.030000000000001137e+00
6.659999999999996589e+00
6.479999999999989768e+00
5.230000000000018190e+00
7.230000000000018190e+00
6.659999999999968168e+00
7.439999999999997726e+00
6.530000000000029559e+00
5.519999999999981810e+00
5.519999999999981810e+00
7.050000000000011369e+00
6.780000000000029559e+00
6.219999999999970441e+00
7.389999999999986358e+00
6.070000000000050022e+00
6.549999999999954525e+00
5.990000000000009095e+00
5.750000000000000000e+00
6.150000000000034106e+00
6.049999999999954525e+00
6.890000000000043201e+00
6.649999999999977263e+00
6.209999999999979536e+00
6.100000000000022737e+00
4.259999999999990905e+00
5.180000000000006821e+00
6.060000000000002274e+00
6.030000000000029559e+00
6.829999999999984084e+00
6.269999999999981810e+00
6.250000000000000000e+00
6.389999999999986358e+00
5.910000000000025011e+00
5.930000000000006821e+00
6.050000000000011369e+00
5.989999999999952252e+00
6.040000000000020464e+00
5.639999999999986358e+00
7.540000000000020464e+00
6.120000000000004547e+00
5.920000000000015916e+00
6.709999999999979536e+00
4.550000000000011369e+00
6.180000000000006821e+00
6.159999999999968168e+00
6.210000000000036380e+00
6.199999999999931788e+00
5.820000000000050022e+00
6.269999999999981810e+00
6.680000000000063665e+00
5.849999999999909051e+00
5.070000000000050022e+00
7.789999999999963620e+00
7.100000000000022737e+00
7.279999999999972715e+00
6.110000000000013642e+00
6.720000000000027285e+00
6.629999999999995453e+00
6.779999999999972715e+00
5.889999999999986358e+00
5.360000000000013642e+00
5.389999999999986358e+00
6.110000000000013642e+00
5.190000000000054570e+00
5.889999999999986358e+00
6.240000000000009095e+00
5.509999999999990905e+00
5.159999999999968168e+00
6.830000000000040927e+00
5.569999999999936335e+00
6.340000000000031832e+00
5.980000000000018190e+00
6.639999999999986358e+00
5.980000000000018190e+00
5.799999999999954525e+00
5.910000000000081855e+00
5.939999999999940883e+00
5.299999999999954525e+00
8.030000000000086402e+00
7.439999999999940883e+00
6.009999999999990905e+00
6.730000000000018190e+00
4.820000000000050022e+00
6.319999999999936335e+00
5.910000000000081855e+00
6.269999999999981810e+00
5.709999999999922693e+00
5.620000000000004547e+00
6.460000000000036380e+00
6.680000000000063665e+00
5.869999999999890861e+00
5.720000000000027285e+00
5.730000000000018190e+00
5.690000000000054570e+00
7.019999999999981810e+00
5.990000000000009095e+00
5.789999999999963620e+00
5.710000000000036380e+00
5.750000000000000000e+00
5.959999999999922693e+00
6.560000000000059117e+00
6.899999999999977263e+00
5.629999999999995453e+00
6.480000000000018190e+00
5.340000000000031832e+00
6.099999999999909051e+00
5.540000000000077307e+00
6.009999999999990905e+00
5.899999999999977263e+00
6.379999999999995453e+00
6.220000000000027285e+00
5.549999999999954525e+00
6.210000000000036380e+00
6.129999999999995453e+00
7.490000000000009095e+00
7.169999999999959073e+00
5.670000000000072760e+00
6.569999999999936335e+00
6.300000000000068212e+00
5.379999999999995453e+00
5.229999999999904503e+00
5.630000000000109139e+00
6.649999999999977263e+00
7.330000000000000959e+00
7.179999999999997939e+00
6.910000000000000142e+00
5.140000000000000568e+00
6.500000000000000000e+00
5.079999999999998295e+00
6.640000000000000568e+00
5.660000000000003695e+00
5.670000000000001705e+00
5.340000000000003411e+00
6.500000000000000000e+00
6.530000000000001137e+00
6.159999999999996589e+00
6.140000000000000568e+00
5.549999999999997158e+00
6.429999999999992610e+00
6.430000000000006821e+00
6.099999999999994316e+00
6.760000000000005116e+00
5.630000000000009663e+00
7.509999999999990905e+00
7.240000000000009095e+00
5.840000000000003411e+00
7.079999999999984084e+00
5.560000000000002274e+00
6.420000000000015916e+00
6.329999999999984084e+00
6.439999999999997726e+00
6.340000000000003411e+00
6.140000000000014779e+00
5.269999999999981810e+00
5.920000000000015916e+00
6.179999999999978400e+00
5.910000000000025011e+00
6.189999999999997726e+00
6.679999999999978400e+00
5.830000000000012506e+00
6.120000000000004547e+00
6.340000000000003411e+00
6.509999999999990905e+00
5.900000000000005684e+00
6.379999999999995453e+00
7.490000000000009095e+00
7.189999999999997726e+00
6.050000000000011369e+00
5.759999999999990905e+00
5.230000000000018190e+00
6.709999999999979536e+00
5.629999999999995453e+00
6.319999999999993179e+00
5.870000000000004547e+00
4.910000000000025011e+00
5.509999999999990905e+00
5.599999999999965894e+00
6.629999999999995453e+00
5.300000000000011369e+00
5.770000000000038654e+00
6.489999999999952252e+00
6.879999999999995453e+00
8.220000000000027285e+00
6.629999999999995453e+00
6.009999999999990905e+00
5.110000000000013642e+00
6.899999999999977263e+00
6.960000000000036380e+00
5.659999999999968168e+00
7.040000000000020464e+00
7.430000000000006821e+00
6.089999999999974989e+00
5.740000000000009095e+00
6.620000000000004547e+00
6.350000000000022737e+00
5.579999999999984084e+00
7.180000000000006821e+00
6.670000000000015916e+00
6.359999999999956799e+00
5.840000000000031832e+00
4.789999999999963620e+00
5.330000000000040927e+00
5.439999999999997726e+00
5.609999999999956799e+00
5.780000000000029559e+00
6.340000000000031832e+00
5.289999999999963620e+00
6.039999999999963620e+00
6.330000000000040927e+00
7.269999999999981810e+00
6.340000000000031832e+00
6.250000000000000000e+00
7.029999999999972715e+00
6.789999999999963620e+00
6.170000000000072760e+00
5.709999999999922693e+00
5.900000000000090949e+00
6.860000000000013642e+00
7.109999999999899956e+00
6.860000000000013642e+00
6.040000000000077307e+00
6.469999999999913598e+00
5.680000000000063665e+00
6.559999999999945430e+00
6.590000000000031832e+00
5.570000000000050022e+00
6.979999999999904503e+00
7.000000000000000000e+00
5.800000000000068212e+00
5.929999999999949978e+00
6.210000000000036380e+00
6.559999999999945430e+00
7.050000000000068212e+00
6.470000000000027285e+00
5.929999999999949978e+00
6.549999999999954525e+00
5.810000000000059117e+00
5.379999999999995453e+00
5.500000000000000000e+00
5.840000000000031832e+00
4.649999999999977263e+00
4.879999999999995453e+00
6.819999999999936335e+00
6.920000000000072760e+00
5.939999999999940883e+00
6.890000000000100044e+00
7.609999999999899956e+00
4.950000000000045475e+00
5.580000000000040927e+00
6.019999999999981810e+00
5.809999999999945430e+00
5.000000000000000000e+00
4.660000000000081855e+00
6.739999999999895408e+00
5.510000000000104592e+00
6.549999999999954525e+00
5.509999999999990905e+00
5.730000000000018190e+00
5.029999999999972715e+00
5.340000000000031832e+00
6.740000000000009095e+00
6.149999999999977263e+00
6.549999999999954525e+00
5.990000000000009095e+00
5.500000000000000000e+00
6.129999999999995453e+00
6.290000000000077307e+00
6.629999999999995453e+00
6.579999999999927240e+00
6.920000000000072760e+00
5.969999999999913598e+00
5.670000000000072760e+00
6.000000000000000000e+00
5.720000000000027285e+00
6.689999999999940883e+00
5.879999999999995453e+00
5.919999999999959073e+00
6.110000000000013642e+00
6.490000000000009095e+00
5.649999999999977263e+00
5.870000000000004547e+00
5.700000000000045475e+00
6.100000000000022737e+00
5.809999999999945430e+00
6.080000000000000071e+00
6.280000000000001137e+00
6.009999999999998010e+00
5.550000000000000711e+00
6.690000000000001279e+00
6.880000000000002558e+00
5.659999999999996589e+00
5.719999999999998863e+00
6.850000000000001421e+00
6.070000000000000284e+00
6.829999999999998295e+00
6.900000000000005684e+00
7.909999999999996589e+00
7.060000000000002274e+00
6.230000000000003979e+00
7.169999999999987494e+00
6.440000000000011937e+00
6.859999999999999432e+00
5.469999999999998863e+00
5.299999999999982947e+00
5.200000000000017053e+00
6.030000000000001137e+00
6.039999999999992042e+00
6.020000000000010232e+00
5.849999999999994316e+00
5.530000000000001137e+00
5.949999999999988631e+00
6.330000000000012506e+00
5.469999999999998863e+00
7.949999999999988631e+00
6.310000000000002274e+00
5.689999999999997726e+00
5.969999999999998863e+00
6.410000000000025011e+00
6.819999999999993179e+00
8.000000000000000000e+00
5.009999999999990905e+00
5.789999999999992042e+00
5.750000000000000000e+00
6.440000000000026148e+00
5.929999999999978400e+00
7.759999999999990905e+00
6.819999999999993179e+00
6.210000000000036380e+00
7.189999999999997726e+00
5.639999999999986358e+00
5.139999999999986358e+00
5.840000000000031832e+00
5.300000000000011369e+00
6.689999999999997726e+00
5.429999999999949978e+00
6.690000000000054570e+00
5.319999999999993179e+00
6.849999999999965894e+00
5.860000000000013642e+00
6.079999999999984084e+00
5.699999999999988631e+00
4.970000000000027285e+00
5.709999999999979536e+00
5.090000000000031832e+00
5.490000000000009095e+00
5.930000000000006821e+00
5.289999999999963620e+00
5.810000000000002274e+00
7.170000000000015916e+00
5.909999999999968168e+00
5.689999999999997726e+00
6.600000000000022737e+00
5.800000000000011369e+00
7.219999999999970441e+00
6.230000000000018190e+00
5.480000000000018190e+00
6.899999999999977263e+00
5.769999999999981810e+00
5.270000000000038654e+00
5.789999999999963620e+00
6.189999999999997726e+00
5.970000000000027285e+00
5.220000000000027285e+00
6.369999999999947704e+00
5.520000000000038654e+00
5.879999999999995453e+00
5.929999999999949978e+00
6.100000000000022737e+00
6.220000000000027285e+00
7.000000000000000000e+00
8.090000000000031832e+00
6.219999999999913598e+00
6.120000000000004547e+00
6.450000000000045475e+00
6.000000000000000000e+00
6.440000000000054570e+00
8.289999999999963620e+00
7.389999999999986358e+00
7.179999999999949978e+00
6.540000000000077307e+00
7.240000000000009095e+00
5.839999999999918145e+00
5.580000000000040927e+00
5.980000000000018190e+00
5.509999999999990905e+00
5.730000000000018190e+00
5.259999999999990905e+00
6.870000000000004547e+00
6.039999999999963620e+00
5.039999999999963620e+00
7.340000000000031832e+00
5.450000000000045475e+00
7.129999999999995453e+00
6.399999999999977263e+00
5.970000000000027285e+00
6.100000000000022737e+00
6.799999999999954525e+00
5.460000000000036380e+00
7.069999999999936335e+00
5.990000000000009095e+00
5.210000000000036380e+00
7.269999999999981810e+00
6.399999999999977263e+00
5.240000000000009095e+00
6.519999999999981810e+00
7.129999999999995453e+00
7.170000000000072760e+00
5.409999999999968168e+00
6.389999999999986358e+00
5.810000000000059117e+00
6.609999999999899956e+00
7.280000000000086402e+00
6.689999999999940883e+00
5.950000000000045475e+00
6.159999999999968168e+00
6.450000000000045475e+00
4.839999999999918145e+00
6.110000000000013642e+00
6.139999999999986358e+00
6.540000000000077307e+00
7.429999999999949978e+00
6.110000000000013642e+00
7.250000000000000000e+00
6.539999999999963620e+00
6.330000000000040927e+00
7.080000000000040927e+00
5.929999999999949978e+00
5.529999999999972715e+00
4.500000000000000000e+00
5.680000000000063665e+00
6.879999999999995453e+00
6.289999999999963620e+00
6.460000000000036380e+00
7.709999999999922693e+00
5.960000000000036380e+00
5.710000000000036380e+00
6.840000000000031832e+00
5.169999999999959073e+00
5.279999999999972715e+00
6.800000000000068212e+00
6.750000000000000000e+00
5.959999999999922693e+00
5.790000000000077307e+00
5.569999999999936335e+00
6.029999999999999361e+00
6.060000000000000497e+00
5.710000000000000853e+00
5.599999999999997868e+00
6.700000000000002842e+00
6.369999999999997442e+00
5.910000000000003695e+00
6.399999999999998579e+00
7.399999999999998579e+00
5.439999999999997726e+00
5.660000000000010800e+00
6.949999999999988631e+00
6.829999999999998295e+00
5.720000000000013074e+00
6.419999999999987494e+00
5.930000000000006821e+00
5.879999999999995453e+00
6.620000000000004547e+00
6.090000000000003411e+00
6.329999999999998295e+00
6.520000000000010232e+00
6.379999999999995453e+00
6.219999999999998863e+00
5.449999999999988631e+00
6.020000000000010232e+00
5.819999999999993179e+00
7.210000000000007958e+00
5.840000000000003411e+00
6.859999999999985221e+00
6.120000000000004547e+00
5.969999999999998863e+00
5.729999999999989768e+00
5.700000000000017053e+00
6.389999999999986358e+00
7.080000000000012506e+00
6.609999999999985221e+00
6.190000000000026148e+00
6.619999999999976126e+00
5.689999999999997726e+00
7.140000000000014779e+00
5.610000000000013642e+00
5.479999999999961346e+00
6.100000000000022737e+00
7.189999999999997726e+00
6.970000000000027285e+00
5.839999999999974989e+00
5.689999999999997726e+00
6.019999999999981810e+00
6.250000000000000000e+00
5.260000000000047748e+00
6.909999999999968168e+00
5.439999999999997726e+00
6.189999999999997726e+00
5.509999999999990905e+00
6.170000000000015916e+00
6.500000000000000000e+00
6.850000000000022737e+00
5.229999999999961346e+00
6.010000000000047748e+00
5.679999999999949978e+00
5.600000000000022737e+00
6.240000000000009095e+00
5.500000000000000000e+00
6.639999999999986358e+00
5.730000000000018190e+00
6.509999999999990905e+00
6.319999999999993179e+00
6.490000000000009095e+00
6.839999999999974989e+00
6.180000000000006821e+00
6.810000000000002274e+00
7.180000000000006821e+00
6.500000000000000000e+00
6.500000000000000000e+00
6.389999999999986358e+00
6.680000000000006821e+00
6.550000000000011369e+00
5.759999999999990905e+00
5.710000000000036380e+00
6.359999999999956799e+00
6.080000000000040927e+00
5.530000000000029559e+00
5.789999999999963620e+00
6.789999999999963620e+00
5.590000000000031832e+00
6.449999999999931788e+00
5.870000000000004547e+00
5.970000000000027285e+00
5.899999999999977263e+00
6.650000000000090949e+00
7.189999999999940883e+00
6.720000000000027285e+00
5.659999999999968168e+00
6.029999999999972715e+00
6.320000000000050022e+00
5.950000000000045475e+00
6.149999999999977263e+00
6.279999999999972715e+00
6.899999999999977263e+00
6.009999999999990905e+00
6.850000000000022737e+00
6.360000000000013642e+00
5.350000000000022737e+00
5.799999999999954525e+00
6.370000000000004547e+00
6.090000000000031832e+00
6.779999999999972715e+00
5.230000000000018190e+00
7.029999999999972715e+00
6.040000000000077307e+00
6.439999999999940883e+00
6.409999999999968168e+00
6.180000000000063665e+00
5.909999999999968168e+00
6.259999999999990905e+00
5.680000000000063665e+00
5.229999999999904503e+00
5.960000000000036380e+00
6.440000000000054570e+00
5.729999999999904503e+00
5.879999999999995453e+00
5.970000000000027285e+00
4.800000000000068212e+00
5.439999999999940883e+00
5.560000000000059117e+00
5.490000000000009095e+00
5.509999999999990905e+00
7.179999999999949978e+00
5.639999999999986358e+00
5.560000000000059117e+00
7.139999999999986358e+00
5.600000000000022737e+00
5.789999999999963620e+00
6.230000000000018190e+00
5.679999999999949978e+00
5.800000000000068212e+00
5.769999999999981810e+00
6.149999999999977263e+00
4.990000000000009095e+00
5.610000000000013642e+00
6.699999999999931788e+00
6.360000000000013642e+00
5.670000000000072760e+00
7.269999999999981810e+00
5.419999999999959073e+00
5.220000000000027285e+00
5.600000000000022737e+00
7.439999999999940883e+00
6.410000000000081855e+00
5.989999999999895408e+00
6.290000000000077307e+00
6.819999999999936335e+00
6.840000000000031832e+00
6.049999999999954525e+00
5.690000000000054570e+00
6.039999999999963620e+00
6.290000000000077307e+00
6.479999999999904503e+00
5.800000000000068212e+00
5.439999999999940883e+00
4.790000000000077307e+00
5.459999999999922693e+00
5.880000000000000782e+00
6.300000000000000711e+00
5.000000000000000000e+00
6.509999999999998010e+00
7.560000000000002274e+00
7.179999999999999716e+00
5.060000000000002274e+00
6.629999999999995453e+00
5.380000000000002558e+00
5.260000000000005116e+00
7.159999999999996589e+00
6.359999999999999432e+00
5.480000000000003979e+00
5.679999999999992610e+00
5.719999999999998863e+00
6.329999999999998295e+00
6.460000000000007958e+00
6.370000000000004547e+00
6.769999999999996021e+00
7.269999999999996021e+00
5.500000000000000000e+00
6.349999999999994316e+00
6.120000000000004547e+00
5.849999999999994316e+00
7.390000000000014779e+00
6.269999999999981810e+00
6.460000000000007958e+00
6.490000000000009095e+00
6.180000000000006821e+00
5.729999999999989768e+00
7.759999999999990905e+00
6.260000000000019327e+00
5.379999999999995453e+00
5.769999999999981810e+00
7.390000000000014779e+00
7.319999999999993179e+00
7.930000000000006821e+00
6.389999999999986358e+00
5.620000000000004547e+00
6.100000000000022737e+00
5.189999999999997726e+00
5.599999999999965894e+00
7.650000000000034106e+00
7.099999999999965894e+00
6.100000000000022737e+00
5.750000000000000000e+00
6.350000000000022737e+00
7.029999999999972715e+00
6.720000000000027285e+00
7.019999999999981810e+00
6.100000000000022737e+00
5.679999999999949978e+00
7.780000000000029559e+00
6.829999999999984084e+00
6.720000000000027285e+00
5.779999999999972715e+00
5.600000000000022737e+00
6.019999999999981810e+00
6.370000000000004547e+00
5.030000000000029559e+00
6.109999999999956799e+00
5.699999999999988631e+00
6.690000000000054570e+00
5.750000000000000000e+00
4.959999999999979536e+00
5.219999999999970441e+00
5.970000000000027285e+00
6.379999999999995453e+00
7.250000000000000000e+00
6.079999999999984084e+00
5.990000000000009095e+00
6.290000000000020464e+00
5.689999999999997726e+00
5.959999999999979536e+00
7.040000000000020464e+00
6.219999999999970441e+00
6.080000000000040927e+00
5.079999999999984084e+00
5.709999999999979536e+00
5.699999999999988631e+00
5.900000000000034106e+00
5.809999999999945430e+00
5.910000000000081855e+00
6.389999999999986358e+00
6.299999999999954525e+00
5.550000000000068212e+00
6.419999999999959073e+00
6.929999999999949978e+00
6.200000000000045475e+00
7.919999999999959073e+00
5.240000000000009095e+00
7.190000000000054570e+00
6.559999999999945430e+00
6.139999999999986358e+00
6.950000000000045475e+00
6.080000000000040927e+00
6.839999999999918145e+00
5.730000000000018190e+00
4.980000000000018190e+00
5.009999999999990905e+00
5.300000000000068212e+00
6.149999999999977263e+00
6.980000000000018190e+00
6.579999999999927240e+00
6.590000000000031832e+00
6.250000000000000000e+00
6.549999999999954525e+00
6.600000000000022737e+00
6.570000000000050022e+00
6.639999999999986358e+00
5.819999999999936335e+00
6.290000000000077307e+00
6.480000000000018190e+00
6.449999999999931788e+00
5.649999999999977263e+00
5.350000000000022737e+00
5.379999999999995453e+00
5.980000000000018190e+00
7.100000000000022737e+00
6.000000000000000000e+00
7.620000000000004547e+00
5.429999999999949978e+00
6.840000000000031832e+00
6.570000000000050022e+00
6.449999999999931788e+00
7.210000000000036380e+00
6.649999999999977263e+00
5.940000000000054570e+00
6.149999999999977263e+00
6.549999999999954525e+00
5.670000000000072760e+00
7.489999999999895408e+00
7.170000000000072760e+00
6.120000000000004547e+00
6.379999999999995453e+00
7.389999999999986358e+00
6.490000000000009095e+00
5.929999999999949978e+00
5.889999999999986358e+00
6.180000000000063665e+00
6.370000000000004547e+00
6.419999999999959073e+00
6.240000000000009095e+00
5.480000000000018190e+00
6.679999999999949978e+00
7.009999999999990905e+00
4.860000000000013642e+00
6.639999999999986358e+00
6.520000000000095497e+00
5.759999999999990905e+00
5.779999999999972715e+00
7.539999999999963620e+00
6.350000000000022737e+00
6.259999999999990905e+00
6.149999999999977263e+00
7.580000000000040927e+00
6.799999999999954525e+00
4.570000000000050022e+00
5.470000000000000639e+00
5.240000000000000213e+00
5.829999999999998295e+00
6.800000000000000711e+00
6.430000000000003268e+00
6.239999999999994884e+00
6.240000000000001990e+00
6.230000000000003979e+00
7.019999999999996021e+00
6.160000000000003695e+00
5.659999999999996589e+00
6.180000000000006821e+00
5.979999999999989768e+00
6.640000000000000568e+00
7.079999999999998295e+00
5.970000000000013074e+00
6.199999999999988631e+00
6.210000000000007958e+00
5.329999999999998295e+00
5.219999999999984652e+00
5.630000000000023874e+00
5.659999999999996589e+00
6.599999999999994316e+00
5.740000000000009095e+00
4.780000000000001137e+00
6.609999999999985221e+00
5.849999999999994316e+00
5.250000000000000000e+00
7.240000000000009095e+00
6.180000000000006821e+00
5.530000000000001137e+00
5.859999999999985221e+00
6.200000000000017053e+00
7.669999999999987494e+00
5.020000000000010232e+00
7.060000000000002274e+00
6.120000000000004547e+00
7.309999999999973852e+00
6.780000000000001137e+00
6.650000000000005684e+00
5.449999999999988631e+00
5.759999999999990905e+00
6.500000000000000000e+00
4.820000000000050022e+00
5.729999999999961346e+00
5.629999999999995453e+00
6.760000000000047748e+00
6.269999999999981810e+00
6.480000000000018190e+00
5.799999999999954525e+00
5.990000000000009095e+00
6.579999999999984084e+00
5.000000000000000000e+00
5.200000000000045475e+00
6.120000000000004547e+00
6.719999999999970441e+00
6.060000000000002274e+00
6.060000000000002274e+00
4.560000000000002274e+00
5.980000000000018190e+00
6.289999999999963620e+00
5.759999999999990905e+00
6.320000000000050022e+00
6.829999999999984084e+00
6.959999999999979536e+00
5.660000000000025011e+00
6.159999999999968168e+00
6.120000000000004547e+00
6.620000000000004547e+00
5.790000000000020464e+00
7.290000000000020464e+00
7.789999999999963620e+00
6.960000000000036380e+00
6.389999999999986358e+00
6.389999999999986358e+00
6.899999999999977263e+00
6.410000000000025011e+00
6.600000000000022737e+00
6.299999999999954525e+00
6.430000000000006821e+00
6.300000000000011369e+00
6.349999999999965894e+00
6.240000000000009095e+00
5.960000000000036380e+00
6.399999999999977263e+00
6.460000000000036380e+00
6.179999999999949978e+00
6.519999999999981810e+00
5.850000000000022737e+00
6.300000000000068212e+00
6.360000000000013642e+00
5.479999999999904503e+00
6.700000000000045475e+00
6.139999999999986358e+00
5.899999999999977263e+00
7.660000000000081855e+00
6.289999999999963620e+00
6.000000000000000000e+00
6.120000000000004547e+00
6.069999999999936335e+00
5.330000000000040927e+00
6.019999999999981810e+00
6.409999999999968168e+00
6.210000000000036380e+00
6.690000000000054570e+00
6.829999999999927240e+00
6.190000000000054570e+00
6.029999999999972715e+00
5.830000000000040927e+00
6.839999999999918145e+00
6.190000000000054570e+00
6.120000000000004547e+00
7.250000000000000000e+00
4.980000000000018190e+00
5.809999999999945430e+00
6.180000000000063665e+00
6.379999999999995453e+00
6.879999999999995453e+00
6.199999999999931788e+00
7.220000000000027285e+00
6.259999999999990905e+00
5.899999999999977263e+00
6.390000000000100044e+00
6.729999999999904503e+00
6.770000000000095497e+00
6.870000000000004547e+00
5.769999999999981810e+00
5.870000000000004547e+00
6.139999999999986358e+00
5.379999999999995453e+00
6.600000000000022737e+00
6.329999999999927240e+00
5.639999999999986358e+00
7.190000000000054570e+00
7.049999999999954525e+00
5.769999999999981810e+00
7.140000000000100044e+00
5.620000000000004547e+00
6.649999999999977263e+00
6.779999999999972715e+00
5.620000000000004547e+00
5.529999999999972715e+00
7.610000000000013642e+00
6.570000000000050022e+00
6.689999999999940883e+00
7.139999999999986358e+00
6.149999999999977263e+00
6.160000000000081855e+00
5.829999999999927240e+00
5.180000000000063665e+00
5.350000000000022737e+00
6.729999999999904503e+00
6.060000000000059117e+00
6.500000000000000000e+00
6.100000000000022737e+00
6.049999999999954525e+00
6.750000000000000000e+00
7.649999999999977263e+00
6.220000000000027285e+00
6.870000000000000107e+00
6.329999999999998295e+00
5.710000000000000853e+00
6.080000000000001847e+00
6.410000000000000142e+00
6.359999999999999432e+00
6.740000000000001990e+00
7.570000000000000284e+00
6.059999999999995168e+00
5.080000000000005400e+00
6.390000000000000568e+00
8.149999999999991473e+00
6.650000000000005684e+00
6.609999999999999432e+00
6.109999999999999432e+00
5.530000000000001137e+00
6.219999999999998863e+00
5.390000000000000568e+00
5.359999999999999432e+00
7.140000000000000568e+00
5.370000000000004547e+00
6.329999999999984084e+00
5.750000000000000000e+00
6.180000000000006821e+00
5.909999999999996589e+00
4.740000000000009095e+00
5.560000000000002274e+00
5.319999999999993179e+00
6.800000000000011369e+00
6.560000000000002274e+00
6.310000000000002274e+00
7.560000000000002274e+00
6.079999999999984084e+00
5.969999999999998863e+00
7.789999999999992042e+00
6.330000000000012506e+00
5.390000000000014779e+00
6.000000000000000000e+00
6.030000000000001137e+00
5.989999999999980673e+00
6.360000000000013642e+00
6.279999999999972715e+00
5.590000000000031832e+00
6.719999999999970441e+00
7.540000000000020464e+00
6.100000000000022737e+00
5.509999999999990905e+00
5.859999999999956799e+00
6.150000000000034106e+00
5.899999999999977263e+00
6.090000000000031832e+00
6.129999999999995453e+00
7.459999999999979536e+00
7.120000000000004547e+00
6.220000000000027285e+00
5.579999999999984084e+00
6.399999999999977263e+00
5.830000000000040927e+00
6.310000000000002274e+00
5.689999999999997726e+00
5.000000000000000000e+00
7.109999999999956799e+00
5.650000000000034106e+00
6.219999999999970441e+00
5.930000000000006821e+00
5.480000000000018190e+00
5.349999999999965894e+00
7.570000000000050022e+00
6.149999999999977263e+00
6.050000000000011369e+00
6.169999999999959073e+00
5.770000000000038654e+00
5.750000000000000000e+00
5.860000000000013642e+00
6.579999999999984084e+00
5.569999999999993179e+00
8.069999999999993179e+00
5.550000000000011369e+00
5.930000000000006821e+00
5.719999999999970441e+00
5.640000000000043201e+00
6.610000000000013642e+00
6.250000000000000000e+00
7.289999999999963620e+00
6.370000000000004547e+00
4.830000000000040927e+00
6.009999999999990905e+00
5.969999999999913598e+00
6.280000000000086402e+00
6.319999999999936335e+00
6.200000000000045475e+00
7.120000000000004547e+00
5.860000000000013642e+00
6.589999999999918145e+00
5.759999999999990905e+00
7.300000000000068212e+00
6.449999999999931788e+00
6.090000000000031832e+00
6.370000000000004547e+00
6.480000000000018190e+00
6.429999999999949978e+00
5.890000000000100044e+00
6.620000000000004547e+00
6.949999999999931788e+00
7.379999999999995453e+00
6.629999999999995453e+00
6.460000000000036380e+00
6.069999999999936335e+00
6.870000000000004547e+00
6.640000000000100044e+00
5.869999999999890861e+00
5.410000000000081855e+00
6.449999999999931788e+00
5.870000000000004547e+00
4.970000000000027285e+00
6.080000000000040927e+00
5.719999999999913598e+00
6.780000000000086402e+00
5.629999999999995453e+00
5.809999999999945430e+00
6.560000000000059117e+00
6.919999999999959073e+00
6.850000000000022737e+00
5.939999999999940883e+00
6.680000000000063665e+00
5.279999999999972715e+00
6.110000000000013642e+00
8.080000000000040927e+00
6.459999999999922693e+00
6.600000000000022737e+00
7.330000000000040927e+00
6.529999999999972715e+00
7.980000000000018190e+00
5.419999999999959073e+00
5.800000000000068212e+00
6.069999999999936335e+00
5.889999999999986358e+00
6.000000000000000000e+00
5.950000000000045475e+00
6.870000000000004547e+00
6.350000000000022737e+00
5.009999999999990905e+00
5.549999999999954525e+00
6.750000000000000000e+00
5.950000000000045475e+00
6.149999999999977263e+00
5.389999999999986358e+00
5.740000000000009095e+00
5.779999999999972715e+00
7.730000000000018190e+00
5.310000000000059117e+00
7.519999999999981810e+00
7.129999999999995453e+00
6.189999999999940883e+00
6.370000000000004547e+00
6.310000000000059117e+00
5.769999999999981810e+00
6.590000000000031832e+00
7.009999999999990905e+00
5.509999999999999787e+00
5.560000000000000497e+00
6.510000000000001563e+00
5.500000000000000000e+00
6.260000000000001563e+00
7.460000000000000853e+00
6.779999999999994031e+00
6.950000000000002842e+00
6.170000000000001705e+00
6.479999999999996874e+00
6.950000000000002842e+00
6.049999999999997158e+00
5.329999999999998295e+00
7.280000000000001137e+00
6.530000000000001137e+00
6.960000000000007958e+00
5.640000000000000568e+00
7.009999999999990905e+00
5.380000000000009663e+00
5.289999999999992042e+00
5.699999999999988631e+00
6.360000000000013642e+00
6.120000000000004547e+00
8.650000000000005684e+00
5.629999999999995453e+00
5.150000000000005684e+00
6.099999999999994316e+00
7.120000000000004547e+00
5.479999999999989768e+00
6.189999999999997726e+00
5.960000000000007958e+00
6.969999999999998863e+00
6.169999999999987494e+00
5.040000000000020464e+00
6.569999999999993179e+00
5.370000000000004547e+00
6.039999999999992042e+00
5.550000000000011369e+00
7.409999999999996589e+00
6.419999999999987494e+00
7.299999999999982947e+00
6.819999999999993179e+00
7.540000000000020464e+00
6.699999999999988631e+00
6.950000000000045475e+00
6.659999999999968168e+00
6.000000000000000000e+00
7.209999999999979536e+00
6.050000000000011369e+00
5.800000000000011369e+00
4.910000000000025011e+00
6.060000000000002274e+00
6.469999999999970441e+00
4.930000000000006821e+00
6.470000000000027285e+00
6.049999999999954525e+00
5.800000000000011369e+00
6.340000000000031832e+00
5.349999999999965894e+00
5.829999999999984084e+00
5.120000000000004547e+00
5.870000000000004547e+00
5.790000000000020464e+00
6.129999999999995453e+00
7.230000000000018190e+00
5.959999999999979536e+00
5.129999999999995453e+00
6.439999999999997726e+00
7.079999999999984084e+00
6.090000000000031832e+00
5.980000000000018190e+00
5.469999999999970441e+00
5.480000000000018190e+00
4.969999999999970441e+00
6.670000000000015916e+00
6.310000000000002274e+00
6.350000000000022737e+00
6.109999999999956799e+00
5.800000000000011369e+00
6.060000000000002274e+00
6.129999999999995453e+00
6.240000000000065938e+00
5.639999999999986358e+00
6.299999999999954525e+00
6.919999999999959073e+00
7.620000000000004547e+00
5.950000000000045475e+00
5.809999999999945430e+00
5.310000000000059117e+00
6.409999999999968168e+00
5.790000000000077307e+00
6.009999999999990905e+00
5.839999999999918145e+00
6.759999999999990905e+00
7.379999999999995453e+00
6.550000000000068212e+00
5.610000000000013642e+00
5.669999999999959073e+00
6.610000000000013642e+00
5.779999999999972715e+00
6.139999999999986358e+00
5.790000000000077307e+00
5.669999999999959073e+00
6.120000000000004547e+00
5.480000000000018190e+00
6.659999999999968168e+00
5.840000000000031832e+00
5.329999999999927240e+00
6.270000000000095497e+00
8.289999999999963620e+00
6.549999999999954525e+00
5.250000000000000000e+00
6.230000000000018190e+00
6.040000000000077307e+00
5.349999999999909051e+00
4.940000000000054570e+00
5.439999999999940883e+00
5.330000000000040927e+00
6.429999999999949978e+00
6.430000000000063665e+00
6.870000000000004547e+00
7.409999999999968168e+00
5.920000000000072760e+00
6.179999999999949978e+00
6.389999999999986358e+00
5.169999999999959073e+00
6.860000000000013642e+00
6.480000000000018190e+00
6.490000000000009095e+00
5.409999999999968168e+00
6.110000000000013642e+00
6.639999999999986358e+00
5.800000000000068212e+00
6.620000000000004547e+00
5.969999999999913598e+00
6.500000000000000000e+00
5.180000000000063665e+00
7.110000000000013642e+00
7.179999999999949978e+00
6.540000000000077307e+00
6.269999999999981810e+00
6.189999999999940883e+00
5.310000000000059117e+00
7.209999999999922693e+00
5.590000000000031832e+00
5.519999999999981810e+00
6.389999999999986358e+00
7.150000000000090949e+00
6.669999999999959073e+00
6.259999999999990905e+00
6.259999999999990905e+00
5.759999999999990905e+00
7.210000000000036380e+00
6.980000000000018190e+00
7.579999999999927240e+00
6.950000000000045475e+00
6.379999999999995453e+00
6.299999999999954525e+00
5.540000000000077307e+00
5.759999999999990905e+00
6.980000000000001315e+00
5.250000000000000000e+00
6.280000000000001137e+00
7.239999999999998437e+00
5.029999999999997584e+00
5.990000000000001990e+00
6.369999999999997442e+00
6.540000000000006253e+00
5.529999999999994031e+00
7.789999999999999147e+00
5.689999999999997726e+00
5.500000000000000000e+00
6.430000000000006821e+00
6.269999999999996021e+00
5.900000000000005684e+00
5.019999999999996021e+00
5.290000000000006253e+00
5.899999999999991473e+00
5.670000000000001705e+00
6.570000000000007390e+00
7.189999999999983515e+00
6.790000000000020464e+00
5.009999999999990905e+00
5.240000000000009095e+00
6.400000000000005684e+00
5.389999999999986358e+00
6.250000000000000000e+00
7.469999999999998863e+00
6.280000000000001137e+00
6.300000000000011369e+00
6.789999999999992042e+00
7.310000000000002274e+00
6.099999999999994316e+00
6.719999999999998863e+00
5.469999999999998863e+00
6.650000000000005684e+00
5.479999999999989768e+00
6.170000000000015916e+00
5.590000000000003411e+00
5.269999999999981810e+00
5.650000000000005684e+00
6.060000000000002274e+00
5.709999999999979536e+00
7.439999999999997726e+00
6.460000000000036380e+00
5.879999999999995453e+00
6.209999999999979536e+00
5.710000000000036380e+00
5.839999999999974989e+00
6.639999999999986358e+00
5.069999999999993179e+00
6.950000000000045475e+00
5.919999999999959073e+00
5.950000000000045475e+00
5.839999999999974989e+00
6.250000000000000000e+00
5.709999999999979536e+00
7.100000000000022737e+00
5.980000000000018190e+00
6.079999999999984084e+00
6.209999999999979536e+00
6.470000000000027285e+00
7.079999999999984084e+00
5.139999999999986358e+00
5.140000000000043201e+00
5.699999999999988631e+00
6.500000000000000000e+00
6.629999999999995453e+00
6.839999999999974989e+00
6.530000000000029559e+00
6.529999999999972715e+00
5.379999999999995453e+00
5.620000000000004547e+00
5.710000000000036380e+00
7.079999999999984084e+00
5.759999999999990905e+00
6.610000000000013642e+00
5.949999999999988631e+00
6.060000000000002274e+00
6.220000000000027285e+00
5.579999999999984084e+00
5.459999999999979536e+00
6.250000000000056843e+00
6.279999999999972715e+00
6.620000000000004547e+00
5.819999999999936335e+00
6.750000000000000000e+00
7.000000000000000000e+00
5.740000000000009095e+00
7.040000000000077307e+00
8.349999999999909051e+00
6.040000000000077307e+00
6.589999999999918145e+00
6.710000000000036380e+00
6.200000000000045475e+00
5.449999999999931788e+00
5.379999999999995453e+00
5.450000000000045475e+00
5.259999999999990905e+00
6.669999999999959073e+00
5.360000000000013642e+00
6.649999999999977263e+00
6.710000000000036380e+00
6.460000000000036380e+00
6.389999999999986358e+00
6.340000000000031832e+00
5.169999999999959073e+00
5.389999999999986358e+00
6.190000000000054570e+00
6.039999999999963620e+00
6.250000000000000000e+00
6.389999999999986358e+00
5.700000000000045475e+00
6.509999999999990905e+00
7.699999999999931788e+00
6.590000000000031832e+00
5.779999999999972715e+00
6.210000000000036380e+00
6.000000000000000000e+00
6.659999999999968168e+00
6.290000000000077307e+00
5.360000000000013642e+00
5.839999999999918145e+00
6.500000000000000000e+00
6.350000000000022737e+00
6.610000000000013642e+00
6.590000000000031832e+00
6.199999999999931788e+00
5.790000000000077307e+00
6.039999999999963620e+00
6.389999999999986358e+00
5.899999999999977263e+00
6.350000000000022737e+00
6.240000000000009095e+00
5.250000000000000000e+00
6.080000000000040927e+00
5.189999999999940883e+00
5.769999999999981810e+00
6.269999999999981810e+00
6.820000000000050022e+00
6.169999999999959073e+00
6.629999999999995453e+00
7.290000000000077307e+00
6.250000000000000000e+00
5.699999999999931788e+00
5.650000000000090949e+00
6.389999999999986358e+00
7.399999999999977263e+00
5.480000000000018190e+00
5.189999999999940883e+00
6.399999999999977263e+00
6.540000000000077307e+00
6.839999999999918145e+00
7.020000000000095497e+00
5.069999999999936335e+00
6.960000000000036380e+00
5.980000000000018190e+00
5.379999999999995453e+00
6.509999999999990905e+00
5.809999999999945430e+00
5.350000000000022737e+00
6.380000000000000782e+00
7.449999999999999289e+00
7.100000000000001421e+00
6.639999999999997016e+00
6.510000000000005116e+00
5.659999999999996589e+00
6.270000000000003126e+00
5.399999999999998579e+00
7.429999999999992610e+00
5.890000000000000568e+00
5.350000000000008527e+00
5.159999999999996589e+00
5.359999999999999432e+00
6.100000000000008527e+00
7.199999999999988631e+00
6.650000000000005684e+00
5.599999999999994316e+00
5.060000000000002274e+00
5.990000000000009095e+00
5.609999999999985221e+00
6.370000000000004547e+00
7.080000000000012506e+00
7.780000000000001137e+00
6.439999999999997726e+00
6.579999999999984084e+00
6.320000000000021600e+00
7.109999999999985221e+00
7.490000000000009095e+00
6.269999999999981810e+00
5.950000000000017053e+00
6.310000000000002274e+00
6.759999999999990905e+00
6.659999999999996589e+00
6.580000000000012506e+00
5.799999999999982947e+00
7.610000000000013642e+00
6.509999999999990905e+00
6.000000000000000000e+00
6.320000000000021600e+00
6.449999999999960210e+00
5.500000000000000000e+00
8.440000000000054570e+00
5.639999999999986358e+00
6.519999999999981810e+00
5.120000000000004547e+00
6.500000000000000000e+00
6.600000000000022737e+00
5.519999999999981810e+00
5.560000000000002274e+00
6.129999999999995453e+00
7.550000000000011369e+00
5.789999999999963620e+00
6.360000000000013642e+00
7.090000000000031832e+00
6.579999999999984084e+00
6.899999999999977263e+00
6.480000000000018190e+00
7.569999999999993179e+00
5.189999999999997726e+00
6.480000000000018190e+00
6.209999999999979536e+00
6.470000000000027285e+00
6.629999999999995453e+00
6.289999999999963620e+00
5.280000000000029559e+00
6.089999999999974989e+00
6.720000000000027285e+00
5.839999999999974989e+00
6.550000000000011369e+00
6.860000000000013642e+00
6.370000000000004547e+00
6.909999999999968168e+00
5.870000000000004547e+00
5.140000000000043201e+00
6.529999999999972715e+00
7.420000000000015916e+00
6.759999999999990905e+00
6.310000000000002274e+00
5.420000000000015916e+00
6.339999999999974989e+00
6.000000000000000000e+00
7.950000000000045475e+00
6.219999999999913598e+00
5.629999999999995453e+00
6.120000000000004547e+00
5.990000000000009095e+00
5.759999999999990905e+00
6.020000000000095497e+00
6.509999999999990905e+00
5.779999999999972715e+00
6.789999999999963620e+00
6.100000000000022737e+00
7.370000000000004547e+00
6.899999999999977263e+00
7.519999999999981810e+00
5.740000000000009095e+00
5.460000000000036380e+00
5.799999999999954525e+00
5.680000000000063665e+00
6.169999999999959073e+00
5.279999999999972715e+00
5.550000000000068212e+00
6.539999999999963620e+00
6.440000000000054570e+00
7.659999999999968168e+00
5.460000000000036380e+00
4.799999999999954525e+00
6.179999999999949978e+00
5.980000000000018190e+00
6.920000000000072760e+00
5.769999999999981810e+00
5.600000000000022737e+00
5.829999999999927240e+00
6.070000000000050022e+00
6.250000000000000000e+00
6.449999999999931788e+00
5.139999999999986358e+00
5.700000000000045475e+00
6.549999999999954525e+00
7.060000000000059117e+00
5.740000000000009095e+00
8.129999999999995453e+00
6.500000000000000000e+00
6.950000000000045475e+00
6.479999999999904503e+00
6.509999999999990905e+00
6.120000000000004547e+00
5.730000000000018190e+00
5.950000000000045475e+00
5.449999999999931788e+00
4.930000000000063665e+00
5.990000000000009095e+00
6.069999999999936335e+00
5.690000000000054570e+00
5.980000000000018190e+00
5.629999999999995453e+00
6.159999999999968168e+00
6.519999999999981810e+00
5.029999999999972715e+00
5.300000000000068212e+00
6.009999999999990905e+00
6.299999999999954525e+00
7.000000000000000000e+00
5.840000000000031832e+00
6.840000000000031832e+00
6.199999999999931788e+00
7.280000000000086402e+00
6.919999999999959073e+00
7.929999999999949978e+00
7.190000000000054570e+00
6.470000000000027285e+00
6.829999999999927240e+00
6.220000000000027285e+00
6.450000000000045475e+00
6.549999999999954525e+00
6.050000000000068212e+00
6.959999999999922693e+00
5.750000000000000000e+00
6.080000000000001847e+00
5.829999999999998295e+00
5.789999999999999147e+00
5.519999999999999574e+00
6.890000000000000568e+00
6.730000000000003979e+00
6.609999999999999432e+00
6.199999999999995737e+00
5.439999999999997726e+00
5.980000000000003979e+00
6.210000000000007958e+00
7.000000000000000000e+00
6.189999999999997726e+00
5.979999999999989768e+00
6.850000000000008527e+00
6.500000000000000000e+00
6.250000000000000000e+00
7.200000000000002842e+00
5.600000000000008527e+00
7.280000000000001137e+00
5.139999999999986358e+00
5.930000000000006821e+00
5.329999999999984084e+00
5.730000000000018190e+00
5.810000000000002274e+00
5.949999999999988631e+00
7.020000000000010232e+00
5.759999999999990905e+00
7.479999999999989768e+00
4.939999999999997726e+00
6.660000000000025011e+00
5.969999999999998863e+00
6.229999999999989768e+00
6.280000000000001137e+00
5.479999999999989768e+00
5.659999999999996589e+00
6.400000000000005684e+00
6.219999999999998863e+00
6.650000000000005684e+00
7.440000000000026148e+00
6.359999999999956799e+00
7.129999999999995453e+00
7.240000000000009095e+00
7.560000000000002274e+00
7.030000000000029559e+00
6.569999999999993179e+00
5.199999999999988631e+00
5.819999999999993179e+00
6.430000000000006821e+00
6.620000000000004547e+00
5.389999999999986358e+00
6.129999999999995453e+00
5.870000000000004547e+00
6.270000000000038654e+00
4.449999999999988631e+00
6.529999999999972715e+00
6.189999999999997726e+00
5.810000000000002274e+00
5.319999999999993179e+00
7.270000000000038654e+00
6.019999999999981810e+00
5.819999999999993179e+00
7.079999999999984084e+00
6.330000000000040927e+00
7.250000000000000000e+00
7.120000000000004547e+00
5.969999999999970441e+00
6.480000000000018190e+00
5.769999999999981810e+00
7.560000000000002274e+00
6.090000000000031832e+00
7.829999999999984084e+00
7.159999999999968168e+00
5.660000000000025011e+00
6.480000000000018190e+00
6.179999999999949978e+00
5.980000000000018190e+00
6.740000000000009095e+00
6.629999999999995453e+00
5.899999999999977263e+00
5.330000000000040927e+00
5.210000000000036380e+00
6.599999999999909051e+00
6.740000000000009095e+00
7.210000000000036380e+00
5.779999999999972715e+00
6.450000000000045475e+00
6.279999999999972715e+00
6.450000000000045475e+00
5.789999999999963620e+00
6.659999999999968168e+00
5.580000000000040927e+00
6.269999999999981810e+00
6.940000000000054570e+00
5.849999999999909051e+00
7.980000000000018190e+00
6.000000000000000000e+00
7.649999999999977263e+00
5.720000000000027285e+00
6.610000000000013642e+00
6.330000000000040927e+00
5.339999999999918145e+00
6.900000000000090949e+00
7.409999999999968168e+00
5.179999999999949978e+00
5.560000000000059117e+00
5.399999999999977263e+00
6.190000000000054570e+00
7.699999999999931788e+00
5.590000000000031832e+00
7.539999999999963620e+00
6.590000000000031832e+00
5.379999999999995453e+00
6.480000000000018190e+00
6.090000000000031832e+00
6.819999999999936335e+00
6.629999999999995453e+00
6.870000000000004547e+00
6.750000000000000000e+00
7.100000000000022737e+00
6.230000000000018190e+00
6.059999999999945430e+00
7.700000000000045475e+00
6.090000000000031832e+00
6.159999999999968168e+00
6.600000000000022737e+00
7.279999999999972715e+00
6.460000000000036380e+00
5.419999999999959073e+00
5.409999999999968168e+00
5.810000000000059117e+00
6.409999999999968168e+00
5.980000000000018190e+00
4.850000000000022737e+00
5.569999999999936335e+00
5.889999999999986358e+00
5.470000000000027285e+00
7.500000000000000000e+00
6.519999999999981810e+00
5.740000000000009095e+00
5.139999999999986358e+00
6.180000000000063665e+00
6.389999999999986358e+00
6.000000000000000000e+00
5.709999999999922693e+00
6.240000000000009095e+00
5.759999999999990905e+00
5.780000000000086402e+00
7.399999999999977263e+00
6.049999999999954525e+00
6.710000000000036380e+00
7.110000000000013642e+00
6.139999999999986358e+00
5.779999999999972715e+00
6.460000000000036380e+00
6.740000000000009095e+00
6.350000000000022737e+00
5.509999999999999787e+00
6.939999999999999503e+00
7.980000000000000426e+00
7.829999999999998295e+00
7.070000000000000284e+00
6.540000000000006253e+00
6.549999999999997158e+00
8.310000000000002274e+00
6.940000000000004832e+00
5.649999999999991473e+00
6.650000000000005684e+00
6.579999999999998295e+00
5.939999999999997726e+00
6.579999999999998295e+00
6.000000000000000000e+00
7.370000000000004547e+00
6.140000000000000568e+00
6.569999999999993179e+00
6.450000000000002842e+00
6.330000000000012506e+00
7.409999999999996589e+00
6.769999999999981810e+00
6.719999999999998863e+00
6.030000000000001137e+00
6.300000000000011369e+00
6.479999999999989768e+00
6.370000000000004547e+00
4.750000000000000000e+00
7.090000000000003411e+00
5.840000000000003411e+00
5.580000000000012506e+00
5.069999999999993179e+00
5.469999999999998863e+00
6.019999999999981810e+00
5.960000000000007958e+00
6.300000000000011369e+00
6.710000000000007958e+00
6.089999999999974989e+00
7.389999999999986358e+00
6.150000000000034106e+00
6.439999999999997726e+00
5.560000000000002274e+00
6.230000000000018190e+00
5.739999999999952252e+00
5.189999999999997726e+00
5.570000000000050022e+00
6.029999999999972715e+00
6.629999999999995453e+00
5.759999999999990905e+00
6.569999999999993179e+00
6.180000000000006821e+00
7.530000000000029559e+00
6.519999999999981810e+00
6.050000000000011369e+00
6.290000000000020464e+00
5.269999999999981810e+00
6.420000000000015916e+00
6.729999999999961346e+00
5.910000000000025011e+00
7.079999999999984084e+00
5.949999999999988631e+00
6.740000000000009095e+00
6.139999999999986358e+00
5.410000000000025011e+00
6.009999999999990905e+00
5.860000000000013642e+00
7.990000000000009095e+00
7.389999999999986358e+00
7.250000000000000000e+00
7.149999999999977263e+00
6.840000000000031832e+00
5.740000000000009095e+00
5.969999999999970441e+00
4.810000000000002274e+00
5.340000000000031832e+00
6.099999999999965894e+00
6.430000000000006821e+00
6.470000000000027285e+00
6.169999999999959073e+00
6.490000000000065938e+00
5.729999999999904503e+00
7.100000000000022737e+00
6.190000000000054570e+00
5.309999999999945430e+00
6.019999999999981810e+00
5.900000000000090949e+00
7.509999999999990905e+00
5.240000000000009095e+00
5.319999999999936335e+00
6.259999999999990905e+00
5.950000000000045475e+00
5.919999999999959073e+00
5.860000000000013642e+00
5.860000000000013642e+00
5.490000000000009095e+00
7.110000000000013642e+00
6.029999999999972715e+00
6.960000000000036380e+00
6.120000000000004547e+00
6.229999999999904503e+00
6.120000000000004547e+00
6.020000000000095497e+00
7.609999999999899956e+00
6.350000000000022737e+00
6.740000000000009095e+00
5.909999999999968168e+00
7.070000000000050022e+00
6.060000000000059117e+00
6.469999999999913598e+00
5.340000000000031832e+00
6.220000000000027285e+00
6.360000000000013642e+00
6.349999999999909051e+00
6.290000000000077307e+00
6.079999999999927240e+00
6.100000000000022737e+00
5.830000000000040927e+00
5.720000000000027285e+00
6.259999999999990905e+00
6.659999999999968168e+00
7.899999999999977263e+00
5.960000000000036380e+00
5.960000000000036380e+00
5.529999999999972715e+00
5.769999999999981810e+00
6.429999999999949978e+00
6.210000000000036380e+00
6.070000000000050022e+00
5.990000000000009095e+00
6.359999999999899956e+00
8.440000000000054570e+00
5.470000000000027285e+00
6.299999999999954525e+00
6.259999999999990905e+00
6.820000000000050022e+00
6.250000000000000000e+00
6.419999999999959073e+00
6.419999999999959073e+00
6.000000000000000000e+00
5.780000000000086402e+00
6.569999999999936335e+00
7.379999999999995453e+00
5.430000000000063665e+00
5.389999999999986358e+00
6.069999999999936335e+00
6.640000000000100044e+00
6.279999999999972715e+00
6.870000000000004547e+00
7.519999999999981810e+00
6.059999999999945430e+00
6.870000000000004547e+00
6.920000000000072760e+00
5.129999999999995453e+00
5.980000000000018190e+00
6.990000000000009095e+00
5.649999999999977263e+00
6.549999999999954525e+00
5.110000000000000320e+00
5.929999999999997939e+00
6.190000000000001279e+00
7.650000000000002132e+00
6.760000000000001563e+00
5.869999999999997442e+00
5.490000000000001990e+00
4.669999999999994600e+00
5.570000000000000284e+00
6.339999999999996305e+00
6.290000000000006253e+00
7.200000000000002842e+00
7.640000000000000568e+00
6.049999999999997158e+00
5.609999999999999432e+00
6.659999999999996589e+00
4.950000000000002842e+00
5.689999999999997726e+00
5.430000000000006821e+00
5.899999999999991473e+00
5.450000000000002842e+00
5.909999999999996589e+00
6.409999999999996589e+00
6.200000000000017053e+00
5.460000000000007958e+00
6.109999999999985221e+00
6.050000000000011369e+00
5.239999999999980673e+00
6.629999999999995453e+00
5.490000000000009095e+00
5.560000000000002274e+00
6.140000000000014779e+00
5.269999999999981810e+00
5.830000000000012506e+00
5.759999999999990905e+00
5.620000000000004547e+00
5.569999999999993179e+00
5.900000000000005684e+00
5.599999999999994316e+00
6.020000000000010232e+00
5.799999999999982947e+00
6.040000000000020464e+00
7.510000000000019327e+00
5.709999999999979536e+00
5.519999999999981810e+00
6.069999999999993179e+00
7.150000000000034106e+00
6.810000000000002274e+00
7.349999999999965894e+00
5.840000000000031832e+00
6.159999999999968168e+00
6.290000000000020464e+00
5.879999999999995453e+00
7.089999999999974989e+00
5.920000000000015916e+00
5.180000000000006821e+00
6.259999999999990905e+00
6.580000000000040927e+00
5.539999999999963620e+00
5.910000000000025011e+00
5.750000000000000000e+00
7.279999999999972715e+00
7.330000000000040927e+00
5.869999999999947704e+00
7.140000000000043201e+00
6.120000000000004547e+00
5.870000000000004547e+00
6.139999999999986358e+00
5.189999999999997726e+00
5.379999999999995453e+00
6.159999999999968168e+00
5.980000000000018190e+00
7.100000000000022737e+00
7.079999999999984084e+00
5.730000000000018190e+00
7.159999999999968168e+00
6.230000000000018190e+00
6.629999999999995453e+00
6.480000000000018190e+00
6.969999999999970441e+00
7.710000000000036380e+00
6.279999999999972715e+00
5.790000000000020464e+00
6.079999999999927240e+00
6.420000000000072760e+00
6.179999999999949978e+00
5.050000000000068212e+00
5.029999999999972715e+00
8.070000000000050022e+00
6.889999999999986358e+00
7.370000000000004547e+00
6.819999999999936335e+00
6.560000000000059117e+00
5.689999999999940883e+00
7.580000000000040927e+00
6.439999999999940883e+00
5.220000000000027285e+00
6.360000000000013642e+00
6.110000000000013642e+00
6.480000000000018190e+00
6.709999999999922693e+00
5.950000000000045475e+00
6.960000000000036380e+00
5.969999999999913598e+00
6.570000000000050022e+00
6.470000000000027285e+00
6.459999999999922693e+00
5.620000000000004547e+00
6.310000000000059117e+00
6.000000000000000000e+00
6.110000000000013642e+00
5.980000000000018190e+00
5.979999999999904503e+00
5.570000000000050022e+00
5.439999999999940883e+00
6.780000000000086402e+00
5.709999999999922693e+00
6.390000000000100044e+00
6.939999999999940883e+00
5.389999999999986358e+00
6.070000000000050022e+00
7.230000000000018190e+00
6.519999999999981810e+00
6.589999999999918145e+00
6.700000000000045475e+00
6.190000000000054570e+00
5.259999999999990905e+00
6.659999999999968168e+00
6.919999999999959073e+00
7.060000000000059117e+00
6.299999999999954525e+00
5.840000000000031832e+00
6.419999999999959073e+00
5.759999999999990905e+00
7.129999999999995453e+00
6.720000000000027285e+00
6.870000000000004547e+00
5.019999999999981810e+00
6.370000000000004547e+00
6.310000000000059117e+00
6.559999999999945430e+00
6.879999999999995453e+00
7.139999999999986358e+00
6.470000000000027285e+00
5.779999999999972715e+00
5.420000000000072760e+00
6.269999999999981810e+00
6.480000000000018190e+00
6.399999999999977263e+00
5.799999999999954525e+00
6.519999999999981810e+00
6.000000000000000000e+00
6.460000000000036380e+00
6.450000000000045475e+00
6.519999999999981810e+00
5.779999999999972715e+00
6.500000000000000000e+00
6.649999999999977263e+00
5.870000000000004547e+00
5.749999999999999112e+00
6.640000000000002345e+00
5.759999999999998010e+00
6.240000000000001990e+00
7.079999999999998295e+00
6.020000000000003126e+00
6.449999999999995737e+00
5.780000000000001137e+00
5.969999999999998863e+00
5.010000000000005116e+00
6.399999999999991473e+00
6.240000000000009095e+00
6.019999999999996021e+00
6.219999999999998863e+00
6.790000000000006253e+00
5.890000000000000568e+00
6.319999999999993179e+00
6.620000000000004547e+00
5.310000000000002274e+00
6.189999999999983515e+00
6.120000000000004547e+00
5.920000000000015916e+00
6.169999999999987494e+00
5.819999999999993179e+00
5.719999999999998863e+00
6.750000000000000000e+00
4.960000000000007958e+00
6.230000000000018190e+00
7.479999999999989768e+00
6.789999999999992042e+00
5.780000000000001137e+00
6.120000000000004547e+00
5.909999999999996589e+00
5.000000000000000000e+00
5.870000000000004547e+00
5.810000000000002274e+00
6.389999999999986358e+00
6.640000000000014779e+00
5.169999999999987494e+00
5.950000000000017053e+00
5.549999999999982947e+00
5.750000000000000000e+00
5.350000000000022737e+00
6.339999999999974989e+00
7.920000000000015916e+00
6.269999999999981810e+00
5.930000000000006821e+00
5.879999999999995453e+00
6.480000000000018190e+00
6.540000000000020464e+00
5.719999999999970441e+00
5.740000000000009095e+00
5.980000000000018190e+00
6.529999999999972715e+00
5.389999999999986358e+00
6.780000000000029559e+00
6.389999999999986358e+00
5.660000000000025011e+00
6.509999999999990905e+00
5.829999999999984084e+00
6.030000000000029559e+00
7.579999999999984084e+00
5.629999999999995453e+00
6.459999999999979536e+00
6.449999999999988631e+00
6.150000000000034106e+00
5.610000000000013642e+00
5.699999999999988631e+00
4.779999999999972715e+00
6.140000000000043201e+00
6.699999999999988631e+00
6.039999999999963620e+00
6.100000000000022737e+00
5.259999999999990905e+00
5.740000000000009095e+00
6.009999999999990905e+00
6.560000000000002274e+00
6.060000000000002274e+00
6.149999999999977263e+00
7.510000000000047748e+00
6.689999999999997726e+00
5.949999999999988631e+00
5.410000000000025011e+00
6.419999999999959073e+00
5.980000000000018190e+00
5.860000000000013642e+00
6.049999999999954525e+00
5.580000000000040927e+00
4.809999999999945430e+00
6.150000000000090949e+00
7.969999999999913598e+00
5.960000000000036380e+00
6.080000000000040927e+00
5.459999999999922693e+00
5.830000000000040927e+00
7.059999999999945430e+00
6.430000000000063665e+00
6.259999999999990905e+00
6.399999999999977263e+00
5.899999999999977263e+00
5.180000000000063665e+00
6.879999999999995453e+00
6.340000000000031832e+00
6.899999999999977263e+00
5.779999999999972715e+00
5.509999999999990905e+00
5.720000000000027285e+00
5.639999999999986358e+00
7.080000000000040927e+00
5.490000000000009095e+00
6.379999999999995453e+00
5.669999999999959073e+00
7.409999999999968168e+00
6.360000000000013642e+00
5.980000000000018190e+00
7.519999999999981810e+00
7.000000000000000000e+00
6.620000000000004547e+00
7.769999999999981810e+00
6.720000000000027285e+00
5.980000000000018190e+00
6.549999999999954525e+00
6.500000000000000000e+00
6.500000000000000000e+00
6.899999999999977263e+00
6.580000000000040927e+00
7.029999999999972715e+00
5.950000000000045475e+00
5.840000000000031832e+00
6.629999999999995453e+00
5.329999999999927240e+00
6.860000000000013642e+00
5.080000000000040927e+00
6.120000000000004547e+00
6.490000000000009095e+00
6.980000000000018190e+00
5.329999999999927240e+00
5.629999999999995453e+00
7.290000000000077307e+00
5.799999999999954525e+00
5.909999999999968168e+00
5.580000000000040927e+00
5.250000000000000000e+00
6.590000000000031832e+00
5.240000000000009095e+00
6.669999999999959073e+00
6.779999999999972715e+00
5.539999999999963620e+00
6.260000000000104592e+00
6.329999999999927240e+00
5.990000000000009095e+00
5.389999999999986358e+00
6.480000000000018190e+00
5.690000000000054570e+00
6.429999999999949978e+00
5.559999999999945430e+00
6.080000000000040927e+00
6.019999999999981810e+00
5.650000000000090949e+00
6.529999999999972715e+00
5.809999999999945430e+00
6.709999999999999964e+00
7.390000000000000568e+00
6.300000000000000711e+00
5.760000000000001563e+00
6.399999999999998579e+00
5.950000000000002842e+00
7.049999999999997158e+00
6.799999999999997158e+00
6.300000000000004263e+00
5.579999999999998295e+00
6.340000000000003411e+00
5.689999999999997726e+00
7.040000000000006253e+00
5.649999999999991473e+00
6.000000000000000000e+00
7.409999999999996589e+00
5.810000000000002274e+00
6.270000000000010232e+00
6.209999999999993747e+00
6.390000000000000568e+00
5.889999999999986358e+00
6.540000000000020464e+00
5.989999999999980673e+00
6.770000000000010232e+00
5.479999999999989768e+00
6.170000000000015916e+00
6.319999999999993179e+00
6.490000000000009095e+00
6.349999999999994316e+00
6.449999999999988631e+00
6.330000000000012506e+00
6.210000000000007958e+00
6.699999999999988631e+00
6.270000000000010232e+00
6.489999999999980673e+00
5.960000000000007958e+00
7.849999999999994316e+00
6.180000000000006821e+00
6.080000000000012506e+00
7.579999999999984084e+00
6.730000000000018190e+00
5.180000000000006821e+00
6.099999999999965894e+00
6.620000000000004547e+00
6.319999999999993179e+00
6.129999999999995453e+00
5.920000000000015916e+00
5.879999999999995453e+00
6.490000000000009095e+00
5.220000000000027285e+00
7.109999999999956799e+00
6.140000000000043201e+00
6.620000000000004547e+00
6.589999999999974989e+00
7.060000000000002274e+00
5.110000000000013642e+00
5.049999999999954525e+00
6.530000000000029559e+00
6.120000000000004547e+00
5.439999999999997726e+00
6.259999999999990905e+00
5.590000000000031832e+00
7.029999999999972715e+00
7.000000000000000000e+00
7.199999999999988631e+00
5.540000000000020464e+00
5.360000000000013642e+00
7.899999999999977263e+00
7.430000000000006821e+00
5.860000000000013642e+00
6.229999999999961346e+00
6.640000000000043201e+00
5.819999999999993179e+00
6.219999999999970441e+00
7.259999999999990905e+00
6.590000000000031832e+00
5.589999999999974989e+00
7.280000000000029559e+00
5.819999999999993179e+00
7.489999999999952252e+00
6.980000000000018190e+00
5.750000000000000000e+00
5.710000000000036380e+00
6.179999999999949978e+00
7.180000000000063665e+00
5.850000000000022737e+00
5.750000000000000000e+00
5.669999999999959073e+00
7.309999999999945430e+00
6.550000000000068212e+00
5.289999999999963620e+00
6.570000000000050022e+00
6.909999999999968168e+00
7.070000000000050022e+00
6.039999999999963620e+00
7.039999999999963620e+00
6.779999999999972715e+00
6.200000000000045475e+00
6.539999999999963620e+00
5.340000000000031832e+00
6.720000000000027285e+00
7.600000000000022737e+00
5.219999999999913598e+00
7.550000000000068212e+00
5.769999999999981810e+00
5.950000000000045475e+00
6.370000000000004547e+00
6.189999999999940883e+00
7.490000000000009095e+00
5.189999999999940883e+00
5.000000000000000000e+00
6.200000000000045475e+00
6.799999999999954525e+00
5.260000000000104592e+00
6.109999999999899956e+00
6.360000000000013642e+00
4.920000000000072760e+00
5.889999999999986358e+00
6.049999999999954525e+00
5.779999999999972715e+00
5.330000000000040927e+00
6.519999999999981810e+00
6.560000000000059117e+00
6.199999999999931788e+00
6.540000000000077307e+00
6.059999999999945430e+00
6.080000000000040927e+00
5.879999999999995453e+00
6.379999999999995453e+00
7.620000000000004547e+00
6.750000000000000000e+00
6.759999999999990905e+00
7.350000000000022737e+00
6.899999999999977263e+00
6.100000000000022737e+00
6.219999999999913598e+00
5.710000000000036380e+00
6.700000000000045475e+00
6.029999999999972715e+00
6.909999999999968168e+00
5.500000000000000000e+00
7.149999999999977263e+00
6.150000000000090949e+00
6.379999999999995453e+00
7.019999999999981810e+00
5.480000000000018190e+00
6.799999999999954525e+00
6.409999999999968168e+00
6.940000000000054570e+00
5.220000000000027285e+00
5.889999999999986358e+00
5.750000000000000000e+00
6.709999999999922693e+00
6.860000000000013642e+00
5.850000000000022737e+00
6.580000000000040927e+00
6.299999999999954525e+00
4.970000000000000639e+00
5.329999999999998295e+00
6.500000000000000000e+00
6.720000000000002416e+00
6.350000000000001421e+00
5.629999999999995453e+00
6.800000000000004263e+00
5.299999999999997158e+00
7.200000000000002842e+00
6.459999999999993747e+00
7.260000000000005116e+00
6.670000000000001705e+00
6.129999999999995453e+00
5.930000000000006821e+00
6.189999999999997726e+00
6.510000000000005116e+00
6.079999999999998295e+00
5.509999999999990905e+00
6.740000000000009095e+00
6.199999999999988631e+00
5.870000000000004547e+00
6.229999999999989768e+00
6.580000000000012506e+00
6.939999999999997726e+00
7.450000000000017053e+00
6.679999999999978400e+00
6.550000000000011369e+00
6.930000000000006821e+00
5.729999999999989768e+00
5.379999999999995453e+00
5.569999999999993179e+00
6.430000000000006821e+00
5.569999999999993179e+00
5.710000000000007958e+00
7.770000000000010232e+00
6.769999999999981810e+00
5.120000000000004547e+00
6.000000000000000000e+00
7.290000000000020464e+00
5.819999999999964757e+00
6.189999999999997726e+00
6.720000000000027285e+00
6.329999999999984084e+00
5.740000000000009095e+00
5.600000000000022737e+00
6.560000000000002274e+00
5.750000000000000000e+00
6.629999999999995453e+00
5.919999999999959073e+00
7.360000000000013642e+00
6.290000000000020464e+00
5.790000000000020464e+00
6.379999999999995453e+00
5.969999999999970441e+00
5.079999999999984084e+00
6.610000000000013642e+00
5.790000000000020464e+00
6.430000000000006821e+00
6.629999999999995453e+00
5.769999999999981810e+00
6.350000000000022737e+00
6.810000000000002274e+00
6.789999999999963620e+00
5.700000000000045475e+00
5.619999999999947704e+00
6.210000000000036380e+00
7.459999999999979536e+00
5.590000000000031832e+00
6.209999999999979536e+00
5.850000000000022737e+00
7.279999999999972715e+00
7.209999999999979536e+00
6.700000000000045475e+00
6.679999999999949978e+00
5.340000000000031832e+00
5.680000000000006821e+00
7.019999999999981810e+00
6.050000000000011369e+00
5.980000000000018190e+00
6.739999999999952252e+00
5.500000000000056843e+00
4.639999999999986358e+00
5.379999999999995453e+00
6.100000000000022737e+00
6.389999999999986358e+00
5.740000000000009095e+00
6.919999999999959073e+00
6.039999999999963620e+00
6.850000000000022737e+00
6.160000000000081855e+00
5.269999999999981810e+00
5.629999999999995453e+00
7.069999999999936335e+00
6.820000000000050022e+00
6.669999999999959073e+00
5.600000000000022737e+00
6.100000000000022737e+00
6.079999999999927240e+00
5.250000000000000000e+00
6.390000000000100044e+00
7.120000000000004547e+00
6.379999999999995453e+00
6.269999999999981810e+00
7.110000000000013642e+00
6.109999999999899956e+00
5.520000000000095497e+00
6.669999999999959073e+00
6.470000000000027285e+00
6.209999999999922693e+00
8.020000000000095497e+00
6.000000000000000000e+00
7.229999999999904503e+00
7.870000000000004547e+00
6.400000000000090949e+00
7.019999999999981810e+00
5.779999999999972715e+00
6.080000000000040927e+00
6.490000000000009095e+00
6.250000000000000000e+00
6.169999999999959073e+00
6.970000000000027285e+00
6.129999999999995453e+00
6.039999999999963620e+00
7.029999999999972715e+00
5.830000000000040927e+00
6.100000000000022737e+00
6.439999999999940883e+00
5.420000000000072760e+00
5.529999999999972715e+00
6.449999999999931788e+00
6.730000000000018190e+00
6.080000000000040927e+00
6.389999999999986358e+00
5.500000000000000000e+00
6.560000000000059117e+00
6.329999999999927240e+00
5.470000000000027285e+00
7.240000000000009095e+00
5.789999999999963620e+00
5.820000000000050022e+00
6.559999999999945430e+00
5.800000000000068212e+00
5.959999999999922693e+00
6.190000000000054570e+00
5.710000000000036380e+00
6.819999999999936335e+00
7.710000000000036380e+00
5.370000000000004547e+00
6.309999999999945430e+00
6.610000000000013642e+00
5.820000000000050022e+00
6.669999999999959073e+00
6.639999999999986358e+00
6.710000000000036380e+00
6.149999999999977263e+00
6.769999999999981810e+00
5.170000000000072760e+00
5.219999999999913598e+00
6.550000000000000711e+00
6.149999999999998579e+00
6.440000000000001279e+00
6.500000000000000000e+00
6.019999999999999574e+00
6.219999999999998863e+00
7.050000000000004263e+00
6.100000000000001421e+00
6.309999999999995168e+00
5.759999999999998010e+00
7.579999999999998295e+00
7.120000000000004547e+00
5.680000000000006821e+00
6.509999999999990905e+00
7.210000000000007958e+00
6.709999999999993747e+00
5.700000000000002842e+00
6.790000000000006253e+00
5.219999999999998863e+00
5.680000000000006821e+00
5.799999999999982947e+00
7.099999999999994316e+00
5.830000000000012506e+00
6.280000000000001137e+00
6.310000000000002274e+00
6.400000000000005684e+00
6.409999999999996589e+00
7.049999999999982947e+00
5.610000000000013642e+00
6.889999999999986358e+00
5.760000000000019327e+00
6.159999999999996589e+00
6.620000000000004547e+00
6.649999999999977263e+00
6.960000000000007958e+00
6.349999999999994316e+00
6.300000000000011369e+00
6.370000000000004547e+00
6.229999999999989768e+00
6.370000000000032969e+00
6.219999999999970441e+00
6.589999999999974989e+00
6.820000000000050022e+00
5.949999999999988631e+00
6.099999999999965894e+00
5.850000000000022737e+00
6.170000000000015916e+00
5.909999999999968168e+00
6.170000000000015916e+00
5.829999999999984084e+00
5.920000000000015916e+00
6.290000000000020464e+00
6.339999999999974989e+00
6.180000000000006821e+00
6.589999999999974989e+00
7.230000000000018190e+00
6.600000000000022737e+00
7.539999999999963620e+00
6.770000000000038654e+00
7.490000000000009095e+00
6.299999999999954525e+00
6.060000000000002274e+00
6.040000000000020464e+00
4.519999999999981810e+00
5.830000000000040927e+00
4.929999999999949978e+00
6.360000000000013642e+00
5.870000000000004547e+00
7.230000000000018190e+00
6.069999999999993179e+00
6.519999999999981810e+00
6.660000000000025011e+00
5.870000000000004547e+00
6.569999999999993179e+00
6.610000000000013642e+00
5.729999999999961346e+00
5.910000000000025011e+00
6.769999999999981810e+00
4.550000000000011369e+00
4.879999999999995453e+00
6.219999999999970441e+00
5.139999999999986358e+00
5.910000000000081855e+00
7.069999999999936335e+00
6.600000000000022737e+00
6.850000000000022737e+00
6.110000000000013642e+00
5.329999999999927240e+00
5.700000000000045475e+00
7.539999999999963620e+00
6.110000000000013642e+00
6.000000000000000000e+00
5.820000000000050022e+00
7.189999999999940883e+00
4.850000000000022737e+00
5.480000000000018190e+00
7.460000000000036380e+00
6.169999999999959073e+00
7.110000000000013642e+00
5.110000000000013642e+00
4.990000000000009095e+00
5.539999999999963620e+00
5.799999999999954525e+00
5.610000000000013642e+00
6.950000000000045475e+00
5.629999999999995453e+00
5.449999999999931788e+00
6.800000000000068212e+00
6.269999999999981810e+00
7.159999999999968168e+00
5.340000000000031832e+00
5.700000000000045475e+00
5.860000000000013642e+00
4.979999999999904503e+00
5.970000000000027285e+00
8.430000000000063665e+00
6.689999999999940883e+00
5.700000000000045475e+00
4.519999999999981810e+00
5.129999999999995453e+00
5.519999999999981810e+00
6.220000000000027285e+00
5.610000000000013642e+00
6.490000000000009095e+00
6.349999999999909051e+00
6.180000000000063665e+00
6.649999999999977263e+00
6.379999999999995453e+00
6.230000000000018190e+00
7.120000000000004547e+00
6.399999999999977263e+00
5.509999999999990905e+00
5.870000000000004547e+00
6.940000000000054570e+00
6.599999999999909051e+00
5.160000000000081855e+00
7.459999999999922693e+00
5.890000000000100044e+00
6.129999999999995453e+00
5.729999999999904503e+00
6.180000000000063665e+00
6.750000000000000000e+00
6.299999999999954525e+00
6.490000000000009095e+00
5.740000000000009095e+00
6.019999999999981810e+00
5.030000000000086402e+00
7.019999999999981810e+00
5.459999999999922693e+00
5.910000000000081855e+00
6.519999999999981810e+00
6.459999999999922693e+00
5.430000000000063665e+00
7.029999999999972715e+00
5.730000000000018190e+00
7.080000000000040927e+00
6.199999999999931788e+00
7.180000000000063665e+00
6.579999999999927240e+00
5.699999999999999289e+00
6.060000000000002274e+00
6.119999999999997442e+00
5.420000000000001705e+00
5.839999999999996305e+00
6.610000000000006537e+00
7.039999999999999147e+00
5.219999999999998863e+00
5.009999999999998010e+00
6.650000000000005684e+00
5.899999999999991473e+00
6.120000000000004547e+00
6.189999999999997726e+00
6.060000000000002274e+00
6.570000000000007390e+00
5.929999999999992610e+00
5.980000000000003979e+00
6.619999999999990337e+00
5.800000000000011369e+00
7.040000000000006253e+00
7.030000000000001137e+00
5.819999999999993179e+00
6.430000000000006821e+00
6.810000000000002274e+00
6.849999999999994316e+00
5.919999999999987494e+00
7.120000000000004547e+00
5.870000000000004547e+00
5.810000000000002274e+00
5.849999999999994316e+00
6.810000000000002274e+00
6.810000000000002274e+00
6.539999999999992042e+00
6.140000000000014779e+00
6.579999999999984084e+00
5.330000000000012506e+00
6.479999999999989768e+00
6.030000000000001137e+00
6.030000000000001137e+00
6.289999999999992042e+00
7.299999999999982947e+00
6.070000000000050022e+00
6.250000000000000000e+00
6.479999999999961346e+00
6.360000000000013642e+00
6.149999999999977263e+00
6.240000000000009095e+00
5.790000000000020464e+00
5.449999999999988631e+00
6.240000000000009095e+00
6.750000000000000000e+00
6.269999999999981810e+00
5.330000000000040927e+00
5.839999999999974989e+00
5.560000000000002274e+00
6.420000000000015916e+00
6.430000000000006821e+00
6.139999999999986358e+00
6.420000000000015916e+00
8.049999999999954525e+00
5.740000000000009095e+00
5.329999999999984084e+00
4.690000000000054570e+00
5.319999999999993179e+00
6.029999999999972715e+00
5.730000000000018190e+00
5.719999999999970441e+00
5.420000000000015916e+00
6.129999999999995453e+00
6.079999999999984084e+00
6.590000000000031832e+00
7.069999999999993179e+00
7.360000000000013642e+00
5.639999999999986358e+00
6.449999999999988631e+00
6.750000000000000000e+00
7.939999999999997726e+00
6.090000000000031832e+00
6.709999999999979536e+00
6.949999999999988631e+00
5.960000000000036380e+00
5.930000000000006821e+00
6.009999999999990905e+00
7.259999999999990905e+00
6.269999999999981810e+00
6.220000000000027285e+00
6.059999999999945430e+00
6.139999999999986358e+00
6.760000000000104592e+00
4.569999999999936335e+00
5.870000000000004547e+00
6.350000000000022737e+00
6.919999999999959073e+00
5.830000000000040927e+00
7.789999999999963620e+00
6.070000000000050022e+00
5.779999999999972715e+00
6.519999999999981810e+00
6.259999999999990905e+00
5.480000000000018190e+00
5.690000000000054570e+00
6.079999999999927240e+00
5.029999999999972715e+00
5.970000000000027285e+00
7.110000000000013642e+00
6.940000000000054570e+00
7.620000000000004547e+00
7.069999999999936335e+00
6.019999999999981810e+00
6.100000000000022737e+00
6.210000000000036380e+00
5.730000000000018190e+00
5.959999999999922693e+00
6.450000000000045475e+00
6.500000000000000000e+00
5.289999999999963620e+00
5.570000000000050022e+00
7.009999999999990905e+00
6.929999999999949978e+00
6.310000000000059117e+00
5.220000000000027285e+00
5.269999999999981810e+00
6.049999999999954525e+00
5.659999999999968168e+00
5.900000000000090949e+00
5.559999999999945430e+00
6.240000000000009095e+00
6.970000000000027285e+00
7.539999999999963620e+00
7.080000000000040927e+00
5.870000000000004547e+00
5.009999999999990905e+00
5.779999999999972715e+00
5.120000000000004547e+00
5.779999999999972715e+00
6.159999999999968168e+00
6.040000000000077307e+00
6.779999999999972715e+00
7.490000000000009095e+00
5.950000000000045475e+00
7.000000000000000000e+00
5.609999999999899956e+00
5.540000000000077307e+00
4.850000000000022737e+00
5.139999999999986358e+00
6.059999999999945430e+00
5.830000000000040927e+00
7.009999999999990905e+00
5.899999999999977263e+00
6.639999999999986358e+00
6.080000000000040927e+00
7.610000000000013642e+00
5.889999999999986358e+00
5.799999999999954525e+00
5.680000000000063665e+00
6.969999999999913598e+00
7.220000000000027285e+00
5.540000000000077307e+00
6.789999999999963620e+00
6.699999999999931788e+00
6.759999999999999787e+00
5.050000000000002487e+00
5.559999999999998721e+00
7.149999999999998579e+00
5.430000000000003268e+00
5.339999999999996305e+00
5.539999999999999147e+00
5.860000000000006537e+00
6.619999999999997442e+00
5.300000000000004263e+00
6.179999999999992610e+00
5.689999999999997726e+00
6.700000000000002842e+00
6.450000000000002842e+00
6.620000000000004547e+00
4.989999999999994884e+00
5.609999999999999432e+00
6.700000000000002842e+00
6.500000000000000000e+00
5.539999999999992042e+00
5.950000000000002842e+00
7.110000000000013642e+00
6.069999999999993179e+00
5.949999999999988631e+00
5.939999999999997726e+00
7.000000000000000000e+00
5.920000000000015916e+00
5.879999999999995453e+00
6.270000000000010232e+00
5.389999999999986358e+00
4.930000000000006821e+00
6.039999999999992042e+00
7.240000000000009095e+00
6.039999999999992042e+00
5.770000000000010232e+00
7.439999999999997726e+00
6.449999999999988631e+00
6.810000000000002274e+00
6.860000000000013642e+00
6.099999999999994316e+00
5.079999999999984084e+00
5.660000000000025011e+00
6.050000000000011369e+00
5.859999999999956799e+00
5.850000000000022737e+00
7.509999999999990905e+00
5.879999999999995453e+00
6.420000000000015916e+00
7.060000000000002274e+00
5.829999999999984084e+00
5.840000000000031832e+00
6.120000000000004547e+00
6.149999999999977263e+00
6.480000000000018190e+00
5.489999999999952252e+00
5.560000000000002274e+00
5.700000000000045475e+00
6.529999999999972715e+00
5.840000000000031832e+00
6.339999999999974989e+00
5.480000000000018190e+00
5.159999999999968168e+00
6.600000000000022737e+00
5.860000000000013642e+00
5.329999999999984084e+00
5.560000000000002274e+00
7.209999999999979536e+00
5.879999999999995453e+00
6.280000000000029559e+00
5.889999999999986358e+00
6.569999999999993179e+00
5.560000000000002274e+00
5.590000000000031832e+00
7.060000000000002274e+00
5.779999999999972715e+00
5.319999999999993179e+00
5.519999999999981810e+00
6.030000000000029559e+00
6.930000000000006821e+00
6.589999999999974989e+00
7.540000000000020464e+00
6.480000000000018190e+00
6.060000000000002274e+00
5.199999999999931788e+00
6.230000000000018190e+00
6.000000000000000000e+00
5.149999999999977263e+00
6.509999999999990905e+00
5.360000000000013642e+00
5.770000000000095497e+00
6.599999999999909051e+00
5.450000000000045475e+00
5.370000000000004547e+00
5.759999999999990905e+00
6.320000000000050022e+00
5.899999999999977263e+00
6.509999999999990905e+00
4.990000000000009095e+00
5.279999999999972715e+00
4.740000000000009095e+00
6.590000000000031832e+00
7.929999999999949978e+00
5.360000000000013642e+00
6.629999999999995453e+00
6.230000000000018190e+00
5.829999999999927240e+00
7.430000000000063665e+00
6.980000000000018190e+00
6.620000000000004547e+00
6.559999999999945430e+00
6.710000000000036380e+00
6.580000000000040927e+00
6.529999999999972715e+00
7.100000000000022737e+00
6.459999999999922693e+00
7.050000000000068212e+00
7.089999999999918145e+00
5.870000000000004547e+00
6.240000000000009095e+00
7.220000000000027285e+00
6.659999999999968168e+00
5.410000000000081855e+00
5.799999999999954525e+00
7.210000000000036380e+00
5.480000000000018190e+00
5.839999999999918145e+00
7.180000000000063665e+00
7.009999999999990905e+00
6.259999999999990905e+00
7.079999999999927240e+00
6.710000000000036380e+00
7.500000000000000000e+00
5.840000000000031832e+00
6.269999999999981810e+00
6.379999999999995453e+00
6.279999999999972715e+00
5.240000000000009095e+00
5.840000000000031832e+00
5.939999999999940883e+00
5.850000000000022737e+00
5.710000000000036380e+00
7.990000000000009095e+00
5.830000000000040927e+00
6.299999999999954525e+00
5.879999999999995453e+00
5.269999999999981810e+00
6.519999999999981810e+00
6.160000000000081855e+00
5.659999999999968168e+00
7.159999999999968168e+00
7.039999999999963620e+00
6.100000000000022737e+00
5.960000000000036380e+00
6.759999999999990905e+00
6.039999999999963620e+00
6.139999999999986358e+00
6.110000000000013642e+00
6.070000000000050022e+00
6.809999999999945430e+00
6.920000000000072760e+00
5.639999999999999680e+00
6.220000000000000639e+00
6.009999999999998010e+00
5.020000000000003126e+00
6.909999999999996589e+00
6.020000000000003126e+00
5.829999999999998295e+00
5.700000000000002842e+00
6.539999999999999147e+00
6.720000000000005969e+00
6.619999999999990337e+00
6.240000000000009095e+00
6.399999999999991473e+00
5.640000000000000568e+00
6.710000000000007958e+00
6.469999999999998863e+00
5.989999999999994884e+00
6.310000000000002274e+00
5.730000000000003979e+00
5.629999999999981242e+00
6.180000000000006821e+00
5.920000000000015916e+00
6.639999999999986358e+00
5.439999999999997726e+00
7.390000000000014779e+00
5.930000000000006821e+00
7.699999999999988631e+00
6.469999999999998863e+00
5.889999999999986358e+00
7.190000000000026148e+00
5.719999999999998863e+00
5.649999999999977263e+00
6.430000000000006821e+00
5.969999999999998863e+00
6.700000000000017053e+00
6.310000000000002274e+00
5.849999999999994316e+00
6.189999999999997726e+00
5.569999999999993179e+00
7.259999999999990905e+00
6.359999999999985221e+00
6.230000000000018190e+00
5.319999999999993179e+00
6.670000000000015916e+00
6.519999999999981810e+00
5.770000000000038654e+00
6.089999999999974989e+00
5.470000000000027285e+00
6.329999999999984084e+00
5.430000000000006821e+00
5.019999999999981810e+00
5.959999999999979536e+00
7.030000000000029559e+00
5.850000000000022737e+00
6.809999999999945430e+00
6.960000000000036380e+00
6.670000000000015916e+00
6.569999999999993179e+00
7.049999999999954525e+00
7.070000000000050022e+00
6.899999999999977263e+00
6.970000000000027285e+00
6.609999999999956799e+00
5.920000000000015916e+00
6.199999999999988631e+00
6.670000000000015916e+00
6.420000000000015916e+00
5.769999999999981810e+00
6.980000000000018190e+00
6.039999999999963620e+00
6.439999999999997726e+00
6.250000000000000000e+00
5.450000000000045475e+00
6.479999999999961346e+00
5.800000000000011369e+00
7.120000000000004547e+00
6.370000000000004547e+00
5.579999999999984084e+00
6.230000000000018190e+00
6.620000000000004547e+00
5.840000000000031832e+00
6.699999999999931788e+00
6.180000000000063665e+00
7.110000000000013642e+00
6.029999999999972715e+00
6.100000000000022737e+00
7.069999999999936335e+00
6.950000000000045475e+00
6.000000000000000000e+00
6.370000000000004547e+00
6.919999999999959073e+00
5.860000000000013642e+00
5.980000000000018190e+00
5.379999999999995453e+00
6.149999999999977263e+00
6.070000000000050022e+00
5.419999999999959073e+00
6.659999999999968168e+00
5.670000000000072760e+00
5.699999999999931788e+00
5.940000000000054570e+00
6.009999999999990905e+00
6.519999999999981810e+00
6.610000000000013642e+00
6.939999999999940883e+00
6.150000000000090949e+00
5.809999999999945430e+00
5.870000000000004547e+00
6.259999999999990905e+00
5.549999999999954525e+00
6.710000000000036380e+00
6.350000000000022737e+00
5.870000000000004547e+00
7.779999999999972715e+00
6.279999999999972715e+00
5.770000000000095497e+00
6.659999999999968168e+00
6.199999999999931788e+00
6.560000000000059117e+00
5.639999999999986358e+00
7.600000000000022737e+00
7.559999999999945430e+00
6.600000000000022737e+00
6.779999999999972715e+00
5.890000000000100044e+00
7.169999999999959073e+00
7.080000000000040927e+00
6.379999999999995453e+00
7.589999999999918145e+00
6.120000000000004547e+00
6.790000000000077307e+00
6.699999999999931788e+00
6.920000000000072760e+00
5.779999999999972715e+00
6.669999999999959073e+00
5.509999999999990905e+00
5.320000000000050022e+00
5.449999999999931788e+00
5.610000000000013642e+00
6.250000000000000000e+00
5.210000000000036380e+00
5.799999999999954525e+00
5.000000000000000000e+00
6.670000000000072760e+00
6.019999999999981810e+00
6.970000000000027285e+00
5.959999999999922693e+00
6.430000000000063665e+00
6.769999999999981810e+00
7.429999999999949978e+00
7.509999999999990905e+00
6.060000000000059117e+00
5.419999999999959073e+00
6.910000000000081855e+00
6.599999999999909051e+00
5.430000000000063665e+00
6.669999999999959073e+00
6.519999999999999574e+00
7.680000000000001492e+00
5.579999999999998295e+00
5.950000000000002842e+00
6.629999999999995453e+00
5.950000000000002842e+00
5.060000000000002274e+00
5.759999999999998010e+00
5.910000000000003695e+00
6.799999999999990052e+00
6.870000000000004547e+00
5.180000000000006821e+00
6.339999999999989200e+00
6.060000000000002274e+00
6.410000000000010800e+00
6.019999999999996021e+00
6.709999999999993747e+00
5.960000000000007958e+00
7.009999999999990905e+00
6.770000000000010232e+00
6.009999999999990905e+00
7.000000000000000000e+00
6.670000000000015916e+00
6.369999999999976126e+00
6.360000000000013642e+00
5.800000000000011369e+00
7.139999999999986358e+00
5.750000000000000000e+00
6.080000000000012506e+00
5.719999999999998863e+00
6.459999999999979536e+00
6.280000000000001137e+00
5.710000000000007958e+00
5.240000000000009095e+00
6.049999999999982947e+00
6.110000000000013642e+00
5.969999999999998863e+00
5.699999999999988631e+00
5.790000000000020464e+00
5.849999999999994316e+00
5.459999999999979536e+00
5.500000000000000000e+00
5.410000000000025011e+00
5.349999999999965894e+00
6.050000000000011369e+00
6.300000000000011369e+00
5.810000000000002274e+00
5.530000000000029559e+00
5.629999999999995453e+00
5.959999999999979536e+00
6.819999999999993179e+00
5.990000000000009095e+00
6.069999999999993179e+00
5.899999999999977263e+00
6.220000000000027285e+00
5.160000000000025011e+00
5.959999999999979536e+00
5.899999999999977263e+00
5.810000000000002274e+00
6.220000000000027285e+00
6.680000000000006821e+00
4.620000000000004547e+00
5.969999999999970441e+00
5.600000000000022737e+00
5.680000000000006821e+00
7.589999999999974989e+00
6.569999999999993179e+00
6.730000000000018190e+00
6.589999999999974989e+00
5.330000000000040927e+00
6.509999999999990905e+00
5.939999999999997726e+00
6.039999999999963620e+00
5.600000000000022737e+00
7.990000000000009095e+00
5.569999999999993179e+00
6.930000000000006821e+00
6.050000000000011369e+00
5.969999999999970441e+00
7.170000000000015916e+00
6.870000000000004547e+00
5.279999999999972715e+00
5.640000000000043201e+00
6.509999999999990905e+00
4.500000000000000000e+00
5.840000000000031832e+00
7.659999999999968168e+00
6.460000000000036380e+00
6.959999999999922693e+00
6.490000000000009095e+00
5.800000000000068212e+00
6.889999999999986358e+00
6.759999999999990905e+00
6.779999999999972715e+00
7.159999999999968168e+00
7.180000000000063665e+00
6.779999999999972715e+00
6.149999999999977263e+00
9.350000000000022737e+00
6.970000000000027285e+00
5.919999999999959073e+00
5.320000000000050022e+00
6.479999999999904503e+00
5.550000000000068212e+00
6.299999999999954525e+00
6.230000000000018190e+00
5.570000000000050022e+00
5.769999999999981810e+00
5.679999999999949978e+00
5.759999999999990905e+00
6.280000000000086402e+00
4.990000000000009095e+00
6.489999999999895408e+00
7.340000000000031832e+00
6.420000000000072760e+00
7.199999999999931788e+00
6.200000000000045475e+00
6.129999999999995453e+00
6.600000000000022737e+00
5.569999999999936335e+00
6.409999999999968168e+00
5.870000000000004547e+00
6.430000000000063665e+00
6.970000000000027285e+00
6.569999999999936335e+00
6.680000000000063665e+00
7.259999999999990905e+00
5.449999999999931788e+00
5.250000000000000000e+00
5.610000000000013642e+00
6.080000000000040927e+00
6.340000000000031832e+00
6.139999999999986358e+00
6.039999999999963620e+00
5.429999999999949978e+00
7.850000000000022737e+00
5.970000000000027285e+00
6.159999999999968168e+00
6.060000000000059117e+00
6.329999999999927240e+00
6.320000000000050022e+00
6.299999999999954525e+00
7.070000000000050022e+00
7.169999999999959073e+00
6.000000000000000000e+00
6.850000000000022737e+00
6.490000000000009095e+00
6.240000000000009095e+00
6.750000000000000000e+00
6.029999999999972715e+00
5.680000000000063665e+00
6.469999999999913598e+00
6.330000000000040927e+00
5.580000000000040927e+00
6.219999999999913598e+00
5.680000000000063665e+00
6.079999999999927240e+00
5.300000000000068212e+00
4.360000000000013642e+00
5.100000000000022737e+00
5.959999999999999964e+00
6.160000000000000142e+00
7.019999999999999574e+00
8.089999999999999858e+00
7.230000000000003979e+00
6.000000000000000000e+00
7.079999999999998295e+00
5.570000000000000284e+00
5.869999999999997442e+00
5.730000000000003979e+00
6.649999999999991473e+00
5.770000000000010232e+00
5.750000000000000000e+00
6.369999999999990337e+00
5.560000000000002274e+00
6.390000000000000568e+00
7.310000000000002274e+00
6.960000000000007958e+00
5.919999999999987494e+00
5.179999999999992610e+00
7.110000000000013642e+00
4.939999999999997726e+00
5.520000000000010232e+00
6.189999999999997726e+00
6.840000000000003411e+00
5.949999999999988631e+00
7.080000000000012506e+00
6.310000000000002274e+00
7.139999999999986358e+00
5.450000000000017053e+00
5.929999999999978400e+00
5.930000000000006821e+00
5.640000000000014779e+00
5.969999999999998863e+00
5.229999999999989768e+00
7.569999999999993179e+00
6.330000000000012506e+00
7.229999999999989768e+00
5.450000000000017053e+00
5.250000000000000000e+00
5.210000000000007958e+00
5.739999999999952252e+00
6.450000000000045475e+00
7.079999999999984084e+00
6.199999999999988631e+00
5.759999999999990905e+00
6.860000000000013642e+00
5.800000000000011369e+00
6.620000000000004547e+00
5.389999999999986358e+00
5.889999999999986358e+00
6.810000000000002274e+00
6.970000000000027285e+00
6.579999999999984084e+00
6.180000000000006821e+00
6.939999999999997726e+00
5.500000000000000000e+00
5.680000000000006821e+00
5.349999999999965894e+00
5.980000000000018190e+00
6.100000000000022737e+00
6.050000000000011369e+00
7.339999999999974989e+00
6.639999999999986358e+00
4.740000000000009095e+00
6.379999999999995453e+00
6.090000000000031832e+00
5.649999999999977263e+00
5.699999999999988631e+00
6.879999999999995453e+00
5.920000000000015916e+00
6.350000000000022737e+00
6.379999999999995453e+00
6.759999999999990905e+00
6.870000000000004547e+00
5.209999999999979536e+00
6.579999999999984084e+00
6.370000000000004547e+00
6.230000000000018190e+00
6.060000000000002274e+00
5.629999999999995453e+00
6.989999999999952252e+00
6.400000000000090949e+00
6.709999999999922693e+00
5.720000000000027285e+00
5.740000000000009095e+00
6.039999999999963620e+00
5.530000000000086402e+00
6.199999999999931788e+00
5.930000000000063665e+00
6.740000000000009095e+00
7.259999999999990905e+00
6.000000000000000000e+00
6.519999999999981810e+00
6.169999999999959073e+00
5.399999999999977263e+00
6.950000000000045475e+00
5.539999999999963620e+00
6.540000000000077307e+00
6.629999999999995453e+00
7.169999999999959073e+00
7.200000000000045475e+00
7.169999999999959073e+00
5.950000000000045475e+00
6.129999999999995453e+00
5.519999999999981810e+00
6.669999999999959073e+00
6.139999999999986358e+00
6.629999999999995453e+00
5.950000000000045475e+00
5.740000000000009095e+00
4.980000000000018190e+00
6.659999999999968168e+00
6.720000000000027285e+00
6.549999999999954525e+00
6.240000000000009095e+00
7.539999999999963620e+00
6.170000000000072760e+00
5.289999999999963620e+00
6.190000000000054570e+00
5.789999999999963620e+00
5.439999999999940883e+00
6.320000000000050022e+00
6.649999999999977263e+00
5.230000000000018190e+00
5.039999999999963620e+00
6.560000000000059117e+00
4.970000000000027285e+00
6.659999999999968168e+00
6.779999999999972715e+00
6.019999999999981810e+00
5.690000000000054570e+00
6.389999999999986358e+00
7.490000000000009095e+00
5.750000000000000000e+00
7.059999999999945430e+00
6.649999999999977263e+00
6.610000000000013642e+00
5.980000000000018190e+00
5.700000000000045475e+00
7.449999999999931788e+00
5.710000000000036380e+00
5.190000000000054570e+00
5.129999999999995453e+00
6.349999999999909051e+00
5.840000000000031832e+00
5.730000000000018190e+00
6.610000000000013642e+00
6.470000000000027285e+00
6.129999999999995453e+00
7.379999999999995453e+00
6.819999999999936335e+00
6.269999999999981810e+00
6.280000000000086402e+00
7.019999999999981810e+00
5.710000000000036380e+00
6.870000000000004547e+00
6.139999999999986358e+00
7.839999999999918145e+00
5.680000000000000604e+00
5.550000000000000711e+00
5.949999999999999289e+00
6.239999999999998437e+00
5.820000000000003837e+00
5.350000000000001421e+00
6.659999999999996589e+00
6.780000000000001137e+00
8.579999999999998295e+00
5.809999999999995168e+00
7.870000000000004547e+00
6.109999999999999432e+00
6.850000000000008527e+00
8.149999999999991473e+00
6.070000000000007390e+00
6.939999999999997726e+00
6.109999999999999432e+00
5.969999999999998863e+00
5.940000000000011937e+00
5.750000000000000000e+00
6.599999999999994316e+00
6.939999999999997726e+00
7.030000000000001137e+00
7.370000000000004547e+00
5.469999999999998863e+00
6.280000000000001137e+00
6.549999999999982947e+00
5.920000000000015916e+00
5.389999999999986358e+00
5.300000000000011369e+00
5.460000000000007958e+00
6.579999999999984084e+00
7.330000000000012506e+00
5.969999999999998863e+00
5.479999999999989768e+00
6.810000000000002274e+00
6.379999999999995453e+00
6.640000000000014779e+00
5.449999999999988631e+00
5.049999999999982947e+00
5.650000000000034106e+00
5.620000000000004547e+00
6.019999999999981810e+00
6.290000000000020464e+00
7.139999999999986358e+00
6.930000000000006821e+00
5.639999999999986358e+00
6.290000000000020464e+00
6.109999999999956799e+00
7.180000000000006821e+00
5.530000000000029559e+00
6.519999999999981810e+00
5.590000000000031832e+00
5.899999999999977263e+00
6.959999999999979536e+00
6.020000000000038654e+00
7.729999999999961346e+00
7.199999999999988631e+00
5.110000000000013642e+00
6.520000000000038654e+00
5.929999999999949978e+00
5.210000000000036380e+00
6.449999999999988631e+00
6.569999999999993179e+00
6.620000000000004547e+00
5.970000000000027285e+00
5.219999999999970441e+00
6.069999999999993179e+00
6.150000000000034106e+00
5.969999999999970441e+00
6.050000000000011369e+00
5.969999999999970441e+00
5.750000000000000000e+00
5.600000000000022737e+00
6.230000000000018190e+00
7.099999999999965894e+00
5.470000000000027285e+00
6.699999999999988631e+00
7.750000000000000000e+00
6.290000000000020464e+00
5.819999999999993179e+00
6.740000000000009095e+00
5.889999999999986358e+00
7.230000000000018190e+00
6.959999999999922693e+00
5.830000000000040927e+00
7.330000000000040927e+00
6.120000000000004547e+00
5.699999999999931788e+00
7.240000000000009095e+00
6.310000000000059117e+00
6.370000000000004547e+00
6.500000000000000000e+00
6.490000000000009095e+00
6.370000000000004547e+00
5.899999999999977263e+00
5.329999999999927240e+00
5.690000000000054570e+00
6.330000000000040927e+00
6.899999999999977263e+00
5.519999999999981810e+00
6.370000000000004547e+00
4.669999999999959073e+00
6.290000000000077307e+00
6.449999999999931788e+00
6.409999999999968168e+00
6.870000000000004547e+00
6.700000000000045475e+00
6.169999999999959073e+00
5.670000000000072760e+00
6.269999999999981810e+00
5.669999999999959073e+00
6.139999999999986358e+00
5.640000000000100044e+00
6.269999999999981810e+00
6.699999999999931788e+00
7.430000000000063665e+00
5.509999999999990905e+00
6.639999999999986358e+00
5.889999999999986358e+00
6.720000000000027285e+00
6.279999999999972715e+00
5.909999999999968168e+00
5.850000000000022737e+00
5.360000000000013642e+00
6.700000000000045475e+00
7.149999999999977263e+00
4.889999999999986358e+00
5.389999999999986358e+00
6.100000000000022737e+00
6.580000000000040927e+00
6.229999999999904503e+00
6.900000000000090949e+00
6.329999999999927240e+00
6.810000000000059117e+00
7.019999999999981810e+00
6.169999999999959073e+00
4.990000000000009095e+00
7.269999999999981810e+00
7.490000000000009095e+00
7.060000000000059117e+00
6.110000000000013642e+00
6.120000000000004547e+00
5.709999999999922693e+00
6.820000000000050022e+00
6.819999999999936335e+00
5.639999999999986358e+00
6.040000000000077307e+00
6.419999999999959073e+00
6.590000000000031832e+00
7.139999999999986358e+00
6.820000000000050022e+00
6.549999999999954525e+00
6.100000000000022737e+00
5.939999999999940883e+00
8.940000000000054570e+00
6.689999999999940883e+00
5.839999999999999858e+00
6.849999999999999645e+00
5.949999999999999289e+00
6.290000000000002700e+00
5.909999999999996589e+00
5.710000000000000853e+00
5.620000000000004547e+00
6.839999999999996305e+00
6.539999999999999147e+00
5.960000000000000853e+00
6.790000000000006253e+00
6.019999999999996021e+00
5.170000000000001705e+00
6.379999999999995453e+00
6.810000000000002274e+00
6.709999999999993747e+00
6.370000000000004547e+00
5.920000000000001705e+00
6.950000000000002842e+00
6.060000000000002274e+00
6.389999999999986358e+00
5.180000000000006821e+00
5.620000000000004547e+00
6.159999999999996589e+00
6.390000000000014779e+00
6.809999999999973852e+00
7.240000000000009095e+00
6.430000000000006821e+00
6.870000000000004547e+00
6.509999999999990905e+00
6.390000000000014779e+00
6.810000000000002274e+00
6.089999999999974989e+00
6.450000000000017053e+00
6.689999999999997726e+00
6.389999999999986358e+00
6.659999999999996589e+00
4.920000000000015916e+00
5.530000000000001137e+00
6.830000000000012506e+00
7.419999999999959073e+00
5.740000000000009095e+00
6.379999999999995453e+00
6.960000000000036380e+00
6.459999999999979536e+00
6.139999999999986358e+00
6.310000000000002274e+00
5.900000000000034106e+00
7.589999999999974989e+00
6.340000000000031832e+00
6.039999999999963620e+00
7.020000000000038654e+00
5.089999999999974989e+00
5.970000000000027285e+00
6.059999999999945430e+00
6.020000000000038654e+00
6.209999999999979536e+00
6.430000000000006821e+00
6.100000000000022737e+00
6.949999999999988631e+00
5.259999999999990905e+00
6.540000000000020464e+00
6.269999999999981810e+00
6.259999999999990905e+00
6.980000000000018190e+00
6.000000000000000000e+00
7.560000000000002274e+00
6.519999999999981810e+00
6.199999999999988631e+00
5.210000000000036380e+00
5.939999999999997726e+00
7.389999999999986358e+00
5.920000000000015916e+00
5.969999999999970441e+00
7.000000000000000000e+00
5.720000000000027285e+00
5.939999999999997726e+00
5.810000000000002274e+00
5.860000000000013642e+00
7.089999999999974989e+00
6.689999999999940883e+00
5.370000000000004547e+00
5.370000000000004547e+00
6.020000000000095497e+00
5.639999999999986358e+00
5.669999999999959073e+00
5.049999999999954525e+00
6.430000000000063665e+00
5.799999999999954525e+00
8.040000000000077307e+00
6.429999999999949978e+00
6.740000000000009095e+00
4.980000000000018190e+00
5.860000000000013642e+00
5.990000000000009095e+00
5.429999999999949978e+00
6.789999999999963620e+00
6.800000000000068212e+00
6.009999999999990905e+00
6.129999999999995453e+00
5.850000000000022737e+00
6.829999999999927240e+00
7.540000000000077307e+00
5.759999999999990905e+00
5.819999999999936335e+00
6.600000000000022737e+00
6.379999999999995453e+00
5.740000000000009095e+00
6.669999999999959073e+00
6.590000000000031832e+00
5.710000000000036380e+00
6.039999999999963620e+00
7.470000000000027285e+00
6.120000000000004547e+00
7.199999999999931788e+00
6.030000000000086402e+00
6.459999999999922693e+00
6.800000000000068212e+00
6.289999999999963620e+00
7.300000000000068212e+00
6.719999999999913598e+00
6.250000000000000000e+00
6.030000000000086402e+00
6.259999999999990905e+00
5.049999999999954525e+00
5.509999999999990905e+00
5.019999999999981810e+00
5.230000000000018190e+00
5.519999999999981810e+00
6.970000000000027285e+00
6.070000000000050022e+00
5.709999999999922693e+00
6.440000000000054570e+00
6.230000000000018190e+00
6.799999999999954525e+00
4.919999999999959073e+00
5.840000000000031832e+00
5.779999999999972715e+00
5.800000000000068212e+00
6.759999999999990905e+00
6.889999999999986358e+00
6.159999999999968168e+00
6.340000000000031832e+00
6.389999999999986358e+00
5.580000000000040927e+00
7.559999999999945430e+00
6.409999999999968168e+00
6.340000000000031832e+00
6.019999999999981810e+00
6.509999999999990905e+00
8.040000000000077307e+00
5.939999999999940883e+00
5.450000000000045475e+00
6.519999999999981810e+00
5.679999999999949978e+00
6.760000000000104592e+00
6.359999999999899956e+00
5.630000000000109139e+00
5.509999999999990905e+00
5.869999999999999218e+00
6.970000000000002416e+00
5.979999999999996874e+00
5.520000000000003126e+00
6.210000000000000853e+00
6.949999999999995737e+00
7.030000000000001137e+00
6.380000000000002558e+00
6.530000000000001137e+00
5.760000000000005116e+00
5.099999999999994316e+00
5.739999999999994884e+00
6.020000000000010232e+00
7.839999999999989200e+00
6.940000000000011937e+00
6.599999999999994316e+00
6.969999999999998863e+00
6.269999999999996021e+00
6.340000000000003411e+00
7.019999999999996021e+00
5.760000000000019327e+00
6.679999999999978400e+00
5.860000000000013642e+00
6.810000000000002274e+00
7.150000000000005684e+00
5.809999999999973852e+00
5.430000000000006821e+00
6.620000000000004547e+00
6.900000000000005684e+00
6.069999999999993179e+00
7.170000000000015916e+00
6.209999999999979536e+00
7.070000000000021600e+00
5.219999999999998863e+00
6.099999999999994316e+00
5.759999999999990905e+00
6.000000000000000000e+00
6.219999999999998863e+00
5.849999999999994316e+00
5.079999999999984084e+00
6.150000000000034106e+00
6.909999999999968168e+00
5.920000000000015916e+00
5.810000000000002274e+00
6.050000000000011369e+00
5.829999999999984084e+00
6.379999999999995453e+00
6.240000000000009095e+00
6.550000000000011369e+00
5.550000000000011369e+00
5.819999999999993179e+00
6.199999999999988631e+00
6.329999999999984084e+00
6.180000000000006821e+00
6.389999999999986358e+00
5.640000000000043201e+00
5.639999999999986358e+00
6.240000000000009095e+00
5.089999999999974989e+00
5.689999999999997726e+00
5.120000000000004547e+00
5.129999999999995453e+00
6.020000000000038654e+00
5.459999999999979536e+00
6.139999999999986358e+00
6.020000000000038654e+00
6.829999999999984084e+00
6.089999999999974989e+00
5.610000000000013642e+00
6.290000000000020464e+00
5.839999999999974989e+00
6.930000000000006821e+00
5.540000000000020464e+00
5.899999999999977263e+00
6.069999999999993179e+00
6.430000000000006821e+00
6.779999999999972715e+00
6.670000000000015916e+00
6.430000000000006821e+00
5.850000000000022737e+00
6.490000000000009095e+00
5.600000000000022737e+00
6.219999999999913598e+00
6.310000000000059117e+00
5.669999999999959073e+00
6.029999999999972715e+00
6.730000000000018190e+00
6.970000000000027285e+00
6.159999999999968168e+00
5.759999999999990905e+00
6.240000000000009095e+00
5.350000000000022737e+00
6.440000000000054570e+00
5.409999999999968168e+00
5.750000000000000000e+00
6.899999999999977263e+00
6.580000000000040927e+00
5.870000000000004547e+00
6.100000000000022737e+00
6.649999999999977263e+00
7.299999999999954525e+00
5.340000000000031832e+00
7.679999999999949978e+00
4.780000000000086402e+00
6.069999999999936335e+00
6.500000000000000000e+00
6.480000000000018190e+00
6.710000000000036380e+00
5.979999999999904503e+00
6.480000000000018190e+00
6.259999999999990905e+00
5.230000000000018190e+00
6.259999999999990905e+00
6.050000000000068212e+00
5.870000000000004547e+00
5.449999999999931788e+00
6.560000000000059117e+00
6.969999999999913598e+00
6.060000000000059117e+00
6.919999999999959073e+00
6.950000000000045475e+00
6.850000000000022737e+00
5.980000000000018190e+00
5.319999999999936335e+00
7.240000000000009095e+00
6.690000000000054570e+00
6.029999999999972715e+00
6.559999999999945430e+00
6.810000000000059117e+00
8.269999999999981810e+00
7.169999999999959073e+00
7.139999999999986358e+00
5.990000000000009095e+00
5.500000000000000000e+00
6.070000000000050022e+00
5.850000000000022737e+00
6.089999999999918145e+00
6.350000000000022737e+00
6.040000000000077307e+00
6.099999999999909051e+00
6.150000000000090949e+00
6.789999999999963620e+00
5.649999999999977263e+00
5.909999999999968168e+00
5.240000000000009095e+00
6.720000000000027285e+00
5.899999999999977263e+00
5.639999999999986358e+00
5.550000000000068212e+00
6.769999999999981810e+00
6.679999999999949978e+00
6.590000000000031832e+00
6.139999999999986358e+00
5.830000000000040927e+00
5.639999999999986358e+00
7.409999999999968168e+00
5.810000000000059117e+00
5.449999999999931788e+00
7.370000000000004547e+00
6.009999999999999787e+00
6.410000000000001918e+00
5.739999999999998437e+00
6.089999999999999858e+00
5.560000000000002274e+00
6.850000000000001421e+00
6.049999999999997158e+00
6.500000000000000000e+00
7.030000000000001137e+00
5.829999999999998295e+00
4.989999999999994884e+00
6.859999999999999432e+00
6.230000000000003979e+00
6.340000000000003411e+00
6.689999999999997726e+00
6.390000000000000568e+00
6.739999999999994884e+00
5.360000000000013642e+00
4.739999999999994884e+00
5.679999999999992610e+00
6.909999999999996589e+00
5.170000000000015916e+00
5.280000000000001137e+00
6.299999999999982947e+00
5.689999999999997726e+00
7.920000000000015916e+00
7.349999999999994316e+00
6.210000000000007958e+00
5.549999999999982947e+00
5.490000000000009095e+00
5.870000000000004547e+00
6.060000000000002274e+00
5.270000000000010232e+00
5.799999999999982947e+00
6.789999999999992042e+00
6.550000000000011369e+00
6.650000000000005684e+00
5.449999999999988631e+00
5.530000000000001137e+00
6.080000000000012506e+00
6.460000000000007958e+00
5.449999999999988631e+00
6.389999999999986358e+00
6.009999999999990905e+00
5.580000000000040927e+00
5.989999999999952252e+00
5.460000000000036380e+00
5.969999999999970441e+00
5.750000000000000000e+00
7.220000000000027285e+00
6.670000000000015916e+00
6.000000000000000000e+00
6.729999999999961346e+00
6.350000000000022737e+00
6.180000000000006821e+00
8.129999999999995453e+00
6.539999999999963620e+00
5.890000000000043201e+00
5.839999999999974989e+00
6.350000000000022737e+00
5.930000000000006821e+00
6.229999999999961346e+00
7.290000000000020464e+00
6.300000000000011369e+00
6.289999999999963620e+00
6.350000000000022737e+00
6.230000000000018190e+00
7.019999999999981810e+00
5.360000000000013642e+00
5.509999999999990905e+00
5.769999999999981810e+00
6.129999999999995453e+00
6.450000000000045475e+00
7.029999999999972715e+00
6.360000000000013642e+00
5.279999999999972715e+00
5.449999999999988631e+00
4.530000000000029559e+00
6.500000000000000000e+00
7.069999999999993179e+00
6.620000000000004547e+00
6.889999999999986358e+00
5.919999999999959073e+00
5.990000000000009095e+00
5.610000000000013642e+00
5.889999999999986358e+00
6.030000000000086402e+00
5.990000000000009095e+00
5.909999999999968168e+00
6.009999999999990905e+00
7.429999999999949978e+00
6.070000000000050022e+00
5.740000000000009095e+00
6.279999999999972715e+00
6.060000000000059117e+00
5.870000000000004547e+00
6.189999999999940883e+00
5.649999999999977263e+00
6.009999999999990905e+00
6.090000000000031832e+00
5.810000000000059117e+00
6.209999999999922693e+00
5.330000000000040927e+00
6.789999999999963620e+00
6.629999999999995453e+00
6.629999999999995453e+00
6.480000000000018190e+00
5.289999999999963620e+00
5.660000000000081855e+00
6.250000000000000000e+00
6.439999999999940883e+00
6.879999999999995453e+00
6.500000000000000000e+00
6.110000000000013642e+00
5.639999999999986358e+00
5.100000000000022737e+00
6.180000000000063665e+00
6.750000000000000000e+00
5.829999999999927240e+00
5.980000000000018190e+00
6.500000000000000000e+00
6.350000000000022737e+00
6.149999999999977263e+00
6.779999999999972715e+00
6.129999999999995453e+00
6.060000000000059117e+00
6.149999999999977263e+00
6.179999999999949978e+00
6.150000000000090949e+00
6.159999999999968168e+00
7.379999999999995453e+00
5.439999999999940883e+00
5.610000000000013642e+00
7.460000000000036380e+00
7.200000000000045475e+00
8.699999999999931788e+00
7.080000000000040927e+00
6.009999999999990905e+00
6.419999999999959073e+00
6.509999999999990905e+00
5.730000000000018190e+00
5.100000000000022737e+00
6.549999999999954525e+00
6.220000000000027285e+00
8.159999999999968168e+00
6.180000000000063665e+00
6.340000000000031832e+00
7.409999999999968168e+00
6.019999999999981810e+00
5.990000000000009095e+00
6.230000000000018190e+00
7.139999999999986358e+00
5.470000000000027285e+00
6.379999999999995453e+00
7.360000000000013642e+00
6.750000000000000000e+00
6.519999999999981810e+00
6.439999999999940883e+00
6.100000000000022737e+00
5.560000000000000497e+00
5.739999999999998437e+00
6.350000000000001421e+00
6.830000000000001847e+00
5.679999999999999716e+00
6.479999999999996874e+00
6.200000000000002842e+00
5.509999999999998010e+00
7.270000000000003126e+00
5.740000000000001990e+00
6.289999999999992042e+00
6.020000000000010232e+00
6.890000000000000568e+00
5.589999999999989200e+00
7.680000000000006821e+00
5.819999999999993179e+00
7.900000000000005684e+00
6.920000000000001705e+00
5.640000000000000568e+00
6.520000000000010232e+00
5.310000000000002274e+00
5.689999999999997726e+00
6.299999999999982947e+00
6.740000000000009095e+00
7.199999999999988631e+00
7.240000000000009095e+00
5.520000000000010232e+00
6.339999999999974989e+00
5.800000000000011369e+00
6.379999999999995453e+00
6.530000000000001137e+00
6.450000000000017053e+00
6.099999999999994316e+00
6.740000000000009095e+00
7.729999999999989768e+00
6.109999999999985221e+00
6.110000000000013642e+00
6.199999999999988631e+00
6.780000000000001137e+00
4.810000000000030695e+00
7.060000000000002274e+00
5.560000000000002274e+00
5.459999999999979536e+00
5.509999999999990905e+00
5.910000000000025011e+00
5.089999999999974989e+00
7.100000000000022737e+00
6.459999999999979536e+00
6.269999999999981810e+00
6.470000000000027285e+00
6.899999999999977263e+00
5.790000000000020464e+00
5.329999999999984084e+00
5.610000000000013642e+00
6.819999999999993179e+00
4.860000000000013642e+00
6.000000000000000000e+00
6.839999999999974989e+00
5.720000000000027285e+00
6.849999999999965894e+00
6.590000000000031832e+00
6.519999999999981810e+00
6.319999999999993179e+00
4.700000000000045475e+00
5.929999999999949978e+00
6.950000000000045475e+00
5.859999999999956799e+00
5.870000000000004547e+00
5.490000000000009095e+00
5.259999999999990905e+00
7.689999999999997726e+00
6.379999999999995453e+00
5.379999999999995453e+00
5.150000000000034106e+00
7.769999999999981810e+00
6.930000000000006821e+00
6.240000000000009095e+00
6.480000000000018190e+00
6.049999999999954525e+00
6.180000000000006821e+00
6.640000000000043201e+00
6.529999999999972715e+00
5.789999999999963620e+00
5.470000000000027285e+00
5.180000000000063665e+00
6.929999999999949978e+00
5.799999999999954525e+00
7.610000000000013642e+00
6.960000000000036380e+00
5.340000000000031832e+00
7.230000000000018190e+00
5.639999999999986358e+00
6.509999999999990905e+00
6.120000000000004547e+00
6.899999999999977263e+00
5.429999999999949978e+00
5.259999999999990905e+00
6.800000000000068212e+00
5.959999999999922693e+00
7.050000000000068212e+00
4.779999999999972715e+00
6.840000000000031832e+00
5.629999999999995453e+00
7.110000000000013642e+00
6.799999999999954525e+00
5.960000000000036380e+00
6.220000000000027285e+00
4.969999999999913598e+00
7.470000000000027285e+00
6.759999999999990905e+00
6.480000000000018190e+00
5.299999999999954525e+00
5.990000000000009095e+00
7.650000000000090949e+00
7.649999999999977263e+00
5.779999999999972715e+00
6.980000000000018190e+00
7.220000000000027285e+00
5.899999999999977263e+00
6.929999999999949978e+00
6.460000000000036380e+00
6.759999999999990905e+00
5.519999999999981810e+00
5.779999999999972715e+00
6.670000000000072760e+00
6.549999999999954525e+00
7.460000000000036380e+00
5.740000000000009095e+00
6.720000000000027285e+00
6.659999999999968168e+00
6.220000000000027285e+00
5.909999999999968168e+00
5.169999999999959073e+00
6.990000000000009095e+00
6.539999999999963620e+00
5.250000000000000000e+00
5.950000000000045475e+00
6.649999999999977263e+00
5.000000000000000000e+00
5.070000000000050022e+00
5.669999999999959073e+00
6.590000000000031832e+00
6.200000000000045475e+00
6.939999999999940883e+00
6.629999999999995453e+00
7.039999999999963620e+00
5.350000000000022737e+00
6.730000000000018190e+00
6.919999999999959073e+00
6.490000000000009095e+00
6.230000000000018190e+00
5.500000000000000000e+00
8.000000000000000000e+00
5.870000000000004547e+00
6.120000000000004547e+00
5.299999999999954525e+00
6.700000000000045475e+00
6.879999999999995453e+00
5.729999999999999538e+00
6.769999999999999574e+00
5.500000000000000000e+00
6.320000000000000284e+00
7.040000000000002700e+00
6.469999999999998863e+00
5.840000000000003411e+00
6.449999999999995737e+00
5.219999999999998863e+00
6.280000000000008242e+00
5.059999999999988063e+00
5.060000000000002274e+00
6.320000000000007390e+00
6.079999999999998295e+00
6.489999999999994884e+00
6.609999999999999432e+00
6.010000000000005116e+00
5.900000000000005684e+00
6.019999999999996021e+00
7.149999999999991473e+00
5.810000000000016485e+00
5.319999999999993179e+00
5.969999999999998863e+00
5.250000000000000000e+00
7.030000000000001137e+00
7.520000000000010232e+00
5.769999999999981810e+00
6.629999999999995453e+00
6.460000000000007958e+00
7.009999999999990905e+00
6.280000000000001137e+00
5.820000000000021600e+00
5.769999999999981810e+00
6.830000000000012506e+00
7.609999999999985221e+00
6.640000000000014779e+00
7.799999999999982947e+00
5.760000000000019327e+00
6.340000000000003411e+00
5.639999999999986358e+00
6.640000000000014779e+00
6.819999999999993179e+00
6.500000000000000000e+00
5.829999999999984084e+00
6.000000000000000000e+00
6.680000000000006821e+00
6.430000000000006821e+00
6.509999999999990905e+00
6.220000000000027285e+00
6.399999999999977263e+00
5.040000000000020464e+00
5.810000000000002274e+00
5.639999999999986358e+00
5.069999999999993179e+00
5.910000000000025011e+00
5.500000000000000000e+00
5.839999999999974989e+00
6.490000000000009095e+00
5.709999999999979536e+00
5.740000000000009095e+00
6.220000000000027285e+00
5.609999999999956799e+00
5.970000000000027285e+00
6.480000000000018190e+00
5.779999999999972715e+00
5.360000000000013642e+00
6.509999999999990905e+00
6.470000000000027285e+00
6.039999999999963620e+00
5.280000000000029559e+00
6.539999999999963620e+00
7.460000000000036380e+00
7.349999999999965894e+00
4.770000000000038654e+00
6.869999999999947704e+00
6.450000000000045475e+00
6.349999999999965894e+00
5.030000000000029559e+00
6.139999999999986358e+00
5.639999999999986358e+00
5.890000000000043201e+00
6.099999999999965894e+00
5.889999999999986358e+00
6.220000000000027285e+00
7.850000000000022737e+00
6.199999999999931788e+00
5.860000000000013642e+00
6.680000000000063665e+00
5.539999999999963620e+00
5.669999999999959073e+00
6.840000000000031832e+00
6.399999999999977263e+00
6.730000000000018190e+00
6.810000000000059117e+00
5.569999999999936335e+00
5.990000000000009095e+00
6.799999999999954525e+00
5.840000000000031832e+00
6.060000000000059117e+00
6.029999999999972715e+00
6.330000000000040927e+00
6.179999999999949978e+00
4.690000000000054570e+00
6.709999999999922693e+00
6.960000000000036380e+00
6.159999999999968168e+00
6.200000000000045475e+00
6.629999999999995453e+00
6.299999999999954525e+00
6.570000000000050022e+00
6.809999999999945430e+00
7.120000000000004547e+00
7.019999999999981810e+00
6.460000000000036380e+00
6.500000000000000000e+00
7.060000000000059117e+00
5.369999999999890861e+00
6.680000000000063665e+00
6.090000000000031832e+00
5.899999999999977263e+00
5.460000000000036380e+00
6.759999999999990905e+00
6.669999999999959073e+00
5.470000000000027285e+00
6.689999999999940883e+00
7.660000000000081855e+00
5.319999999999936335e+00
6.810000000000059117e+00
5.529999999999972715e+00
5.689999999999940883e+00
6.650000000000090949e+00
6.250000000000000000e+00
6.409999999999968168e+00
6.169999999999959073e+00
7.019999999999981810e+00
7.080000000000040927e+00
5.399999999999977263e+00
5.950000000000045475e+00
7.889999999999986358e+00
6.029999999999972715e+00
6.450000000000045475e+00
6.579999999999927240e+00
6.020000000000095497e+00
6.809999999999945430e+00
6.600000000000022737e+00
6.590000000000031832e+00
6.069999999999936335e+00
5.610000000000013642e+00
5.179999999999949978e+00
5.100000000000022737e+00
5.420000000000072760e+00
6.769999999999981810e+00
5.629999999999995453e+00
6.799999999999954525e+00
7.970000000000027285e+00
6.490000000000009095e+00
5.419999999999959073e+00
6.519999999999981810e+00
5.490000000000009095e+00
5.890000000000000568e+00
5.199999999999999289e+00
5.690000000000001279e+00
6.489999999999998437e+00
6.850000000000001421e+00
6.090000000000003411e+00
6.889999999999993463e+00
5.760000000000005116e+00
6.890000000000000568e+00
7.189999999999997726e+00
6.810000000000002274e+00
6.530000000000001137e+00
5.739999999999994884e+00
6.430000000000006821e+00
6.450000000000002842e+00
4.369999999999990337e+00
5.840000000000003411e+00
7.209999999999993747e+00
5.390000000000000568e+00
6.130000000000009663e+00
6.150000000000005684e+00
5.599999999999994316e+00
5.620000000000004547e+00
6.179999999999978400e+00
6.020000000000010232e+00
8.039999999999992042e+00
6.510000000000019327e+00
7.419999999999987494e+00
6.569999999999993179e+00
5.520000000000010232e+00
5.409999999999996589e+00
6.400000000000005684e+00
6.280000000000001137e+00
6.509999999999990905e+00
5.760000000000019327e+00
7.419999999999987494e+00
7.659999999999996589e+00
5.700000000000017053e+00
6.289999999999992042e+00
6.920000000000015916e+00
5.659999999999968168e+00
5.840000000000031832e+00
8.349999999999965894e+00
7.550000000000011369e+00
6.360000000000013642e+00
5.740000000000009095e+00
5.599999999999965894e+00
5.939999999999997726e+00
5.460000000000036380e+00
6.310000000000002274e+00
7.149999999999977263e+00
6.360000000000013642e+00
5.870000000000004547e+00
6.829999999999984084e+00
7.050000000000011369e+00
6.719999999999970441e+00
5.860000000000013642e+00
5.550000000000011369e+00
5.339999999999974989e+00
6.500000000000000000e+00
5.670000000000015916e+00
6.959999999999979536e+00
5.450000000000045475e+00
5.819999999999993179e+00
6.490000000000009095e+00
6.279999999999972715e+00
5.829999999999984084e+00
7.170000000000015916e+00
4.490000000000009095e+00
5.740000000000009095e+00
6.399999999999977263e+00
6.430000000000006821e+00
4.949999999999988631e+00
5.650000000000034106e+00
7.029999999999972715e+00
6.430000000000006821e+00
5.959999999999979536e+00
6.020000000000038654e+00
7.079999999999984084e+00
6.990000000000009095e+00
6.489999999999952252e+00
6.840000000000031832e+00
6.289999999999963620e+00
5.960000000000036380e+00
5.950000000000045475e+00
6.659999999999968168e+00
6.340000000000031832e+00
7.819999999999936335e+00
6.970000000000027285e+00
6.450000000000045475e+00
6.500000000000000000e+00
7.039999999999963620e+00
5.980000000000018190e+00
5.929999999999949978e+00
5.300000000000068212e+00
5.219999999999913598e+00
6.860000000000013642e+00
5.750000000000000000e+00
6.470000000000027285e+00
6.940000000000054570e+00
6.139999999999986358e+00
6.620000000000004547e+00
6.099999999999909051e+00
6.320000000000050022e+00
5.759999999999990905e+00
6.240000000000009095e+00
6.789999999999963620e+00
7.420000000000072760e+00
5.959999999999922693e+00
6.280000000000086402e+00
6.109999999999899956e+00
6.350000000000022737e+00
8.100000000000022737e+00
5.600000000000022737e+00
5.659999999999968168e+00
6.440000000000054570e+00
6.610000000000013642e+00
7.079999999999927240e+00
6.129999999999995453e+00
6.509999999999990905e+00
6.600000000000022737e+00
5.399999999999977263e+00
6.210000000000036380e+00
6.519999999999981810e+00
7.399999999999977263e+00
7.920000000000072760e+00
5.769999999999981810e+00
6.129999999999995453e+00
7.370000000000004547e+00
7.629999999999995453e+00
5.939999999999940883e+00
5.520000000000095497e+00
7.769999999999981810e+00
6.319999999999936335e+00
7.440000000000054570e+00
6.669999999999959073e+00
6.450000000000045475e+00
5.590000000000031832e+00
4.609999999999899956e+00
5.580000000000040927e+00
7.490000000000009095e+00
7.899999999999977263e+00
6.710000000000036380e+00
6.889999999999986358e+00
5.879999999999995453e+00
7.809999999999945430e+00
5.740000000000009095e+00
6.620000000000004547e+00
7.180000000000063665e+00
6.379999999999995453e+00
7.519999999999981810e+00
5.320000000000050022e+00
5.309999999999945430e+00
5.700000000000045475e+00
7.370000000000004547e+00
6.219999999999913598e+00
5.410000000000001030e+00
7.280000000000001137e+00
7.779999999999997584e+00
5.849999999999997868e+00
6.400000000000005684e+00
7.049999999999997158e+00
8.380000000000002558e+00
6.280000000000001137e+00
6.909999999999996589e+00
6.659999999999996589e+00
7.370000000000004547e+00
6.609999999999999432e+00
5.510000000000005116e+00
5.829999999999998295e+00
5.060000000000002274e+00
5.890000000000000568e+00
6.750000000000000000e+00
6.149999999999991473e+00
5.479999999999989768e+00
6.100000000000022737e+00
5.879999999999995453e+00
7.109999999999985221e+00
6.160000000000025011e+00
5.279999999999972715e+00
6.190000000000026148e+00
5.479999999999989768e+00
6.740000000000009095e+00
6.609999999999985221e+00
5.670000000000015916e+00
5.609999999999985221e+00
6.909999999999996589e+00
6.650000000000005684e+00
6.699999999999988631e+00
5.890000000000014779e+00
5.530000000000001137e+00
7.150000000000005684e+00
6.679999999999978400e+00
7.720000000000027285e+00
6.500000000000000000e+00
5.659999999999996589e+00
6.099999999999965894e+00
5.640000000000043201e+00
6.659999999999968168e+00
6.730000000000018190e+00
5.159999999999968168e+00
5.260000000000047748e+00
5.689999999999997726e+00
7.789999999999963620e+00
5.509999999999990905e+00
6.290000000000020464e+00
6.930000000000006821e+00
6.170000000000015916e+00
6.159999999999968168e+00
6.020000000000038654e+00
5.449999999999988631e+00
5.300000000000011369e+00
7.439999999999997726e+00
5.719999999999970441e+00
6.449999999999988631e+00
7.060000000000002274e+00
4.860000000000013642e+00
6.180000000000006821e+00
6.529999999999972715e+00
7.270000000000038654e+00
5.939999999999997726e+00
6.420000000000015916e+00
6.250000000000000000e+00
7.779999999999972715e+00
5.860000000000013642e+00
6.789999999999963620e+00
6.430000000000006821e+00
5.780000000000029559e+00
6.129999999999995453e+00
5.219999999999970441e+00
5.400000000000034106e+00
5.729999999999961346e+00
5.970000000000027285e+00
6.160000000000025011e+00
5.929999999999949978e+00
6.450000000000045475e+00
6.160000000000025011e+00
6.139999999999986358e+00
5.329999999999927240e+00
5.280000000000086402e+00
6.849999999999909051e+00
5.600000000000022737e+00
5.810000000000059117e+00
5.240000000000009095e+00
5.929999999999949978e+00
7.090000000000031832e+00
5.529999999999972715e+00
6.389999999999986358e+00
7.330000000000040927e+00
6.110000000000013642e+00
6.949999999999931788e+00
5.990000000000009095e+00
5.950000000000045475e+00
5.990000000000009095e+00
6.539999999999963620e+00
5.980000000000018190e+00
5.740000000000009095e+00
5.579999999999927240e+00
7.540000000000077307e+00
6.860000000000013642e+00
7.019999999999981810e+00
5.730000000000018190e+00
6.689999999999940883e+00
6.269999999999981810e+00
6.509999999999990905e+00
6.090000000000031832e+00
6.529999999999972715e+00
6.690000000000054570e+00
5.059999999999945430e+00
4.960000000000036380e+00
5.129999999999995453e+00
5.940000000000054570e+00
5.740000000000009095e+00
8.419999999999959073e+00
6.220000000000027285e+00
6.479999999999904503e+00
6.800000000000068212e+00
5.779999999999972715e+00
5.300000000000068212e+00
5.919999999999959073e+00
6.569999999999936335e+00
7.360000000000013642e+00
6.240000000000009095e+00
5.940000000000054570e+00
6.240000000000009095e+00
4.799999999999954525e+00
5.509999999999990905e+00
5.420000000000072760e+00
6.819999999999936335e+00
6.070000000000050022e+00
6.299999999999954525e+00
6.629999999999995453e+00
7.019999999999981810e+00
6.750000000000000000e+00
6.240000000000009095e+00
4.700000000000045475e+00
6.769999999999981810e+00
6.820000000000050022e+00
6.589999999999918145e+00
7.040000000000077307e+00
5.809999999999945430e+00
6.419999999999959073e+00
6.740000000000009095e+00
6.560000000000059117e+00
7.659999999999968168e+00
5.639999999999986358e+00
5.840000000000031832e+00
6.970000000000027285e+00
6.169999999999959073e+00
6.190000000000054570e+00
6.259999999999990905e+00
6.379999999999995453e+00
7.709999999999922693e+00
6.910000000000081855e+00
7.010000000000000675e+00
7.389999999999998792e+00
6.570000000000000284e+00
6.570000000000003837e+00
6.589999999999996305e+00
6.210000000000000853e+00
6.450000000000002842e+00
6.199999999999995737e+00
5.850000000000008527e+00
5.519999999999996021e+00
6.469999999999998863e+00
7.929999999999992610e+00
6.600000000000008527e+00
6.349999999999994316e+00
7.219999999999998863e+00
5.670000000000001705e+00
5.020000000000010232e+00
5.029999999999986926e+00
6.690000000000011937e+00
5.469999999999998863e+00
6.520000000000010232e+00
5.279999999999972715e+00
5.900000000000005684e+00
6.840000000000003411e+00
7.319999999999993179e+00
6.660000000000025011e+00
6.019999999999981810e+00
6.129999999999995453e+00
5.420000000000015916e+00
7.009999999999990905e+00
6.050000000000011369e+00
5.759999999999990905e+00
6.830000000000012506e+00
6.019999999999981810e+00
6.060000000000002274e+00
5.659999999999996589e+00
5.590000000000003411e+00
5.240000000000009095e+00
5.859999999999985221e+00
6.359999999999985221e+00
4.910000000000025011e+00
6.009999999999990905e+00
6.850000000000022737e+00
6.430000000000006821e+00
5.529999999999972715e+00
6.329999999999984084e+00
6.670000000000015916e+00
6.850000000000022737e+00
6.079999999999984084e+00
6.259999999999990905e+00
5.990000000000009095e+00
6.790000000000020464e+00
6.399999999999977263e+00
6.350000000000022737e+00
6.449999999999988631e+00
6.420000000000015916e+00
6.339999999999974989e+00
6.170000000000015916e+00
5.009999999999990905e+00
7.339999999999974989e+00
6.580000000000040927e+00
5.519999999999981810e+00
5.459999999999979536e+00
5.939999999999997726e+00
6.150000000000034106e+00
5.339999999999974989e+00
6.270000000000038654e+00
5.919999999999959073e+00
6.120000000000004547e+00
5.650000000000034106e+00
6.620000000000004547e+00
6.069999999999993179e+00
7.459999999999979536e+00
7.089999999999974989e+00
6.000000000000000000e+00
5.570000000000050022e+00
5.389999999999986358e+00
6.819999999999993179e+00
7.029999999999972715e+00
6.050000000000011369e+00
5.230000000000018190e+00
5.689999999999997726e+00
5.549999999999954525e+00
5.820000000000050022e+00
6.799999999999954525e+00
6.560000000000059117e+00
7.120000000000004547e+00
6.029999999999972715e+00
5.840000000000031832e+00
6.159999999999968168e+00
6.440000000000054570e+00
5.620000000000004547e+00
5.709999999999922693e+00
7.090000000000031832e+00
5.830000000000040927e+00
5.829999999999927240e+00
7.300000000000068212e+00
7.589999999999918145e+00
5.360000000000013642e+00
5.300000000000068212e+00
6.169999999999959073e+00
6.240000000000009095e+00
7.100000000000022737e+00
6.809999999999945430e+00
6.039999999999963620e+00
6.080000000000040927e+00
5.810000000000059117e+00
5.329999999999927240e+00
5.440000000000054570e+00
6.839999999999918145e+00
5.640000000000100044e+00
5.129999999999995453e+00
5.959999999999922693e+00
6.160000000000081855e+00
6.769999999999981810e+00
7.529999999999972715e+00
6.710000000000036380e+00
6.000000000000000000e+00
5.439999999999940883e+00
7.240000000000009095e+00
6.340000000000031832e+00
6.699999999999931788e+00
7.100000000000022737e+00
5.129999999999995453e+00
5.580000000000040927e+00
7.220000000000027285e+00
6.689999999999940883e+00
6.850000000000022737e+00
7.429999999999949978e+00
4.790000000000077307e+00
6.850000000000022737e+00
5.669999999999959073e+00
7.299999999999954525e+00
6.389999999999986358e+00
6.170000000000072760e+00
6.610000000000013642e+00
6.600000000000022737e+00
6.019999999999981810e+00
6.309999999999945430e+00
6.610000000000013642e+00
8.070000000000050022e+00
6.559999999999945430e+00
6.029999999999972715e+00
4.950000000000045475e+00
5.830000000000040927e+00
6.169999999999959073e+00
6.819999999999936335e+00
6.150000000000090949e+00
6.360000000000013642e+00
6.219999999999913598e+00
6.500000000000000000e+00
6.060000000000059117e+00
7.740000000000009095e+00
5.259999999999990905e+00
5.850000000000022737e+00
6.599999999999909051e+00
5.920000000000072760e+00
7.789999999999963620e+00
5.500000000000000000e+00
5.519999999999999574e+00
6.530000000000001137e+00
5.500000000000000000e+00
5.679999999999999716e+00
6.250000000000000000e+00
6.079999999999998295e+00
7.310000000000002274e+00
7.910000000000003695e+00
6.020000000000003126e+00
6.009999999999990905e+00
7.930000000000006821e+00
5.250000000000000000e+00
6.810000000000002274e+00
5.589999999999989200e+00
6.620000000000004547e+00
6.629999999999995453e+00
6.040000000000006253e+00
6.909999999999996589e+00
6.319999999999993179e+00
5.270000000000010232e+00
6.580000000000012506e+00
4.750000000000000000e+00
7.019999999999981810e+00
6.849999999999994316e+00
5.930000000000006821e+00
6.520000000000010232e+00
6.879999999999995453e+00
6.490000000000009095e+00
5.310000000000002274e+00
5.859999999999985221e+00
6.520000000000010232e+00
6.239999999999980673e+00
6.240000000000009095e+00
7.300000000000011369e+00
6.329999999999984084e+00
6.700000000000017053e+00
6.299999999999982947e+00
5.200000000000017053e+00
6.889999999999986358e+00
5.720000000000027285e+00
6.120000000000004547e+00
6.839999999999974989e+00
6.279999999999972715e+00
6.190000000000054570e+00
7.199999999999988631e+00
4.969999999999970441e+00
6.379999999999995453e+00
6.800000000000011369e+00
5.569999999999993179e+00
5.520000000000038654e+00
6.169999999999959073e+00
7.020000000000038654e+00
7.799999999999954525e+00
6.360000000000013642e+00
6.860000000000013642e+00
5.439999999999997726e+00
6.040000000000020464e+00
6.599999999999965894e+00
6.840000000000031832e+00
5.500000000000000000e+00
5.269999999999981810e+00
6.879999999999995453e+00
6.850000000000022737e+00
5.810000000000002274e+00
6.989999999999952252e+00
6.090000000000031832e+00
6.310000000000002274e+00
5.339999999999974989e+00
6.000000000000000000e+00
6.060000000000002274e+00
6.379999999999995453e+00
6.040000000000020464e+00
5.250000000000000000e+00
6.199999999999988631e+00
6.590000000000031832e+00
6.500000000000000000e+00
6.810000000000002274e+00
6.180000000000006821e+00
5.569999999999993179e+00
5.610000000000013642e+00
5.389999999999986358e+00
5.829999999999927240e+00
6.350000000000022737e+00
6.110000000000013642e+00
8.259999999999990905e+00
7.470000000000027285e+00
6.929999999999949978e+00
5.780000000000086402e+00
5.839999999999918145e+00
4.920000000000072760e+00
6.519999999999981810e+00
4.860000000000013642e+00
5.939999999999940883e+00
5.960000000000036380e+00
6.789999999999963620e+00
6.340000000000031832e+00
6.750000000000000000e+00
5.310000000000059117e+00
5.549999999999954525e+00
5.870000000000004547e+00
6.199999999999931788e+00
6.090000000000031832e+00
6.310000000000059117e+00
6.939999999999940883e+00
6.110000000000013642e+00
6.629999999999995453e+00
5.840000000000031832e+00
6.990000000000009095e+00
6.159999999999968168e+00
7.539999999999963620e+00
6.770000000000095497e+00
7.399999999999977263e+00
6.639999999999986358e+00
6.429999999999949978e+00
6.620000000000004547e+00
6.420000000000072760e+00
5.559999999999945430e+00
6.580000000000040927e+00
7.769999999999981810e+00
6.819999999999936335e+00
5.830000000000040927e+00
6.669999999999959073e+00
5.890000000000100044e+00
5.909999999999968168e+00
6.439999999999940883e+00
6.900000000000090949e+00
6.279999999999972715e+00
7.870000000000004547e+00
6.480000000000018190e+00
5.659999999999968168e+00
6.269999999999981810e+00
7.070000000000050022e+00
6.679999999999949978e+00
5.519999999999981810e+00
5.790000000000077307e+00
5.889999999999986358e+00
5.319999999999936335e+00
6.830000000000040927e+00
5.370000000000004547e+00
5.500000000000000000e+00
5.679999999999949978e+00
5.980000000000018190e+00
5.919999999999959073e+00
6.590000000000031832e+00
6.440000000000054570e+00
5.230000000000018190e+00
6.559999999999945430e+00
7.049999999999954525e+00
5.910000000000081855e+00
5.829999999999927240e+00
6.259999999999990905e+00
6.680000000000063665e+00
5.710000000000036380e+00
5.509999999999990905e+00
5.589999999999918145e+00
5.800000000000068212e+00
6.970000000000027285e+00
6.580000000000000071e+00
6.460000000000000853e+00
7.530000000000001137e+00
6.469999999999998863e+00
6.780000000000001137e+00
7.089999999999996305e+00
7.980000000000003979e+00
6.269999999999996021e+00
5.869999999999997442e+00
5.540000000000006253e+00
5.519999999999996021e+00
5.980000000000003979e+00
6.519999999999996021e+00
6.590000000000003411e+00
6.609999999999999432e+00
5.700000000000002842e+00
6.810000000000002274e+00
5.799999999999997158e+00
6.250000000000000000e+00
5.639999999999986358e+00
5.200000000000017053e+00
5.520000000000010232e+00
6.519999999999981810e+00
6.689999999999997726e+00
5.770000000000010232e+00
6.770000000000010232e+00
7.759999999999990905e+00
6.210000000000007958e+00
6.139999999999986358e+00
5.890000000000014779e+00
6.000000000000000000e+00
6.179999999999978400e+00
6.890000000000014779e+00
5.719999999999998863e+00
5.729999999999989768e+00
7.060000000000002274e+00
6.370000000000004547e+00
6.250000000000000000e+00
6.689999999999997726e+00
6.520000000000010232e+00
6.139999999999986358e+00
6.560000000000002274e+00
6.340000000000031832e+00
6.359999999999956799e+00
6.160000000000025011e+00
5.599999999999965894e+00
6.160000000000025011e+00
6.230000000000018190e+00
6.379999999999995453e+00
5.699999999999988631e+00
6.660000000000025011e+00
6.109999999999956799e+00
6.610000000000013642e+00
7.100000000000022737e+00
5.769999999999981810e+00
5.360000000000013642e+00
6.199999999999988631e+00
5.310000000000002274e+00
6.139999999999986358e+00
7.180000000000006821e+00
7.089999999999974989e+00
6.890000000000043201e+00
7.109999999999956799e+00
6.050000000000011369e+00
6.020000000000038654e+00
8.579999999999984084e+00
6.089999999999974989e+00
6.220000000000027285e+00
7.029999999999972715e+00
5.689999999999997726e+00
6.319999999999993179e+00
5.590000000000031832e+00
6.730000000000018190e+00
5.019999999999981810e+00
6.399999999999977263e+00
4.980000000000018190e+00
7.329999999999984084e+00
6.689999999999997726e+00
5.650000000000034106e+00
7.099999999999965894e+00
5.550000000000068212e+00
6.839999999999918145e+00
6.490000000000009095e+00
5.750000000000000000e+00
6.070000000000050022e+00
6.850000000000022737e+00
5.589999999999918145e+00
4.990000000000009095e+00
6.750000000000000000e+00
5.970000000000027285e+00
5.360000000000013642e+00
6.370000000000004547e+00
6.199999999999931788e+00
5.850000000000022737e+00
6.629999999999995453e+00
5.899999999999977263e+00
5.550000000000068212e+00
6.139999999999986358e+00
6.419999999999959073e+00
6.940000000000054570e+00
6.649999999999977263e+00
6.539999999999963620e+00
5.379999999999995453e+00
6.110000000000013642e+00
4.950000000000045475e+00
6.049999999999954525e+00
6.470000000000027285e+00
6.639999999999986358e+00
6.080000000000040927e+00
6.269999999999981810e+00
6.620000000000004547e+00
5.559999999999945430e+00
6.010000000000104592e+00
6.059999999999945430e+00
6.250000000000000000e+00
5.889999999999986358e+00
6.500000000000000000e+00
5.460000000000036380e+00
5.579999999999927240e+00
6.200000000000045475e+00
5.669999999999959073e+00
6.090000000000031832e+00
5.300000000000068212e+00
5.889999999999986358e+00
5.949999999999931788e+00
6.870000000000004547e+00
6.009999999999990905e+00
5.210000000000036380e+00
7.950000000000045475e+00
6.599999999999909051e+00
6.820000000000050022e+00
5.429999999999949978e+00
5.890000000000100044e+00
5.779999999999972715e+00
4.319999999999936335e+00
5.730000000000018190e+00
4.930000000000063665e+00
5.659999999999968168e+00
5.230000000000018190e+00
8.549999999999954525e+00
6.060000000000059117e+00
6.049999999999954525e+00
6.789999999999963620e+00
5.790000000000077307e+00
7.129999999999995453e+00
6.149999999999977263e+00
5.600000000000022737e+00
7.159999999999968168e+00
5.450000000000045475e+00
6.649999999999977263e+00
5.459999999999922693e+00
4.910000000000081855e+00
6.120000000000004547e+00
6.240000000000009095e+00
6.719999999999913598e+00
5.430000000000063665e+00
4.769999999999981810e+00
6.669999999999959073e+00
6.810000000000059117e+00
5.600000000000022737e+00
5.869999999999999218e+00
6.420000000000001705e+00
5.769999999999999574e+00
5.399999999999998579e+00
5.970000000000002416e+00
6.039999999999999147e+00
6.979999999999996874e+00
5.920000000000001705e+00
5.170000000000001705e+00
7.139999999999993463e+00
5.850000000000008527e+00
6.079999999999998295e+00
6.590000000000003411e+00
6.119999999999990337e+00
5.460000000000007958e+00
5.799999999999997158e+00
6.320000000000007390e+00
6.549999999999997158e+00
6.640000000000000568e+00
5.780000000000001137e+00
6.939999999999997726e+00
6.330000000000012506e+00
5.529999999999972715e+00
5.770000000000010232e+00
5.979999999999989768e+00
5.430000000000006821e+00
5.460000000000007958e+00
6.530000000000001137e+00
5.919999999999987494e+00
6.150000000000005684e+00
6.129999999999995453e+00
6.000000000000000000e+00
6.439999999999997726e+00
5.110000000000013642e+00
6.520000000000010232e+00
5.669999999999987494e+00
5.900000000000005684e+00
5.699999999999988631e+00
5.659999999999996589e+00
5.520000000000010232e+00
5.750000000000000000e+00
6.519999999999981810e+00
6.170000000000015916e+00
5.699999999999988631e+00
5.430000000000006821e+00
6.550000000000011369e+00
6.410000000000025011e+00
5.739999999999952252e+00
5.660000000000025011e+00
7.110000000000013642e+00
6.430000000000006821e+00
5.819999999999993179e+00
6.789999999999963620e+00
7.220000000000027285e+00
5.019999999999981810e+00
6.360000000000013642e+00
7.149999999999977263e+00
6.080000000000040927e+00
5.560000000000002274e+00
5.799999999999954525e+00
5.310000000000002274e+00
5.180000000000006821e+00
6.379999999999995453e+00
7.680000000000006821e+00
7.319999999999993179e+00
6.160000000000025011e+00
6.170000000000015916e+00
8.259999999999990905e+00
7.079999999999984084e+00
6.620000000000004547e+00
6.959999999999979536e+00
6.259999999999990905e+00
6.580000000000040927e+00
5.019999999999981810e+00
5.530000000000029559e+00
7.829999999999984084e+00
8.920000000000015916e+00
5.789999999999963620e+00
5.490000000000009095e+00
5.620000000000004547e+00
6.189999999999997726e+00
8.080000000000040927e+00
5.479999999999904503e+00
6.860000000000013642e+00
6.550000000000068212e+00
5.740000000000009095e+00
6.139999999999986358e+00
6.179999999999949978e+00
6.509999999999990905e+00
6.759999999999990905e+00
6.070000000000050022e+00
6.470000000000027285e+00
6.439999999999940883e+00
6.360000000000013642e+00
7.440000000000054570e+00
5.839999999999918145e+00
6.810000000000059117e+00
6.769999999999981810e+00
6.720000000000027285e+00
6.740000000000009095e+00
5.439999999999940883e+00
6.480000000000018190e+00
6.799999999999954525e+00
5.720000000000027285e+00
5.639999999999986358e+00
7.250000000000000000e+00
6.780000000000086402e+00
5.219999999999913598e+00
6.020000000000095497e+00
5.719999999999913598e+00
6.720000000000027285e+00
6.070000000000050022e+00
5.549999999999954525e+00
5.830000000000040927e+00
6.189999999999940883e+00
7.730000000000018190e+00
6.289999999999963620e+00
6.780000000000086402e+00
6.019999999999981810e+00
6.500000000000000000e+00
5.279999999999972715e+00
6.320000000000050022e+00
6.239999999999895408e+00
6.210000000000036380e+00
8.659999999999968168e+00
4.810000000000059117e+00
5.000000000000000000e+00
6.159999999999968168e+00
7.570000000000050022e+00
6.289999999999963620e+00
5.379999999999995453e+00
6.379999999999995453e+00
6.629999999999995453e+00
5.800000000000068212e+00
6.399999999999977263e+00
6.939999999999940883e+00
5.720000000000027285e+00
7.389999999999986358e+00
6.009999999999990905e+00
6.610000000000013642e+00
6.159999999999968168e+00
5.810000000000059117e+00
5.679999999999949978e+00
6.300000000000068212e+00
5.909999999999968168e+00
7.429999999999949978e+00
6.510000000000104592e+00
5.759999999999990905e+00
7.769999999999981810e+00
6.829999999999927240e+00
6.510000000000104592e+00
5.049999999999954525e+00
5.289999999999963620e+00
7.600000000000022737e+00
6.690000000000054570e+00
6.939999999999940883e+00
6.480000000000018190e+00
6.340000000000031832e+00
5.089999999999999858e+00
5.470000000000000639e+00
6.599999999999999645e+00
6.980000000000000426e+00
5.909999999999996589e+00
6.240000000000001990e+00
5.910000000000003695e+00
6.049999999999997158e+00
5.700000000000002842e+00
5.729999999999996874e+00
5.840000000000003411e+00
6.769999999999996021e+00
6.500000000000000000e+00
6.510000000000005116e+00
5.879999999999995453e+00
6.109999999999999432e+00
6.750000000000000000e+00
6.219999999999998863e+00
7.469999999999998863e+00
6.130000000000009663e+00
5.409999999999996589e+00
6.590000000000003411e+00
6.139999999999986358e+00
5.830000000000012506e+00
5.729999999999989768e+00
5.920000000000015916e+00
6.689999999999997726e+00
6.210000000000007958e+00
7.129999999999995453e+00
6.199999999999988631e+00
5.950000000000017053e+00
6.619999999999976126e+00
5.890000000000014779e+00
5.810000000000002274e+00
6.039999999999992042e+00
5.590000000000003411e+00
6.469999999999998863e+00
5.849999999999994316e+00
6.210000000000007958e+00
6.079999999999984084e+00
6.909999999999996589e+00
6.379999999999995453e+00
6.340000000000031832e+00
6.089999999999974989e+00
5.699999999999988631e+00
5.230000000000018190e+00
5.370000000000004547e+00
6.329999999999984084e+00
5.450000000000045475e+00
6.299999999999954525e+00
6.580000000000040927e+00
6.259999999999990905e+00
5.819999999999993179e+00
5.709999999999979536e+00
5.340000000000031832e+00
4.219999999999970441e+00
6.240000000000009095e+00
6.250000000000000000e+00
6.430000000000006821e+00
6.360000000000013642e+00
6.609999999999956799e+00
6.140000000000043201e+00
5.800000000000011369e+00
5.359999999999956799e+00
7.140000000000043201e+00
6.069999999999993179e+00
7.839999999999974989e+00
7.310000000000002274e+00
4.879999999999995453e+00
5.879999999999995453e+00
5.360000000000013642e+00
6.490000000000009095e+00
5.849999999999965894e+00
5.280000000000029559e+00
6.219999999999970441e+00
5.950000000000045475e+00
5.399999999999977263e+00
4.870000000000004547e+00
6.490000000000009095e+00
7.310000000000002274e+00
8.039999999999963620e+00
7.110000000000013642e+00
6.620000000000004547e+00
5.590000000000031832e+00
6.120000000000004547e+00
5.059999999999945430e+00
5.460000000000036380e+00
6.009999999999990905e+00
5.940000000000054570e+00
6.959999999999922693e+00
6.610000000000013642e+00
6.029999999999972715e+00
5.490000000000009095e+00
5.690000000000054570e+00
5.539999999999963620e+00
5.659999999999968168e+00
7.050000000000068212e+00
5.579999999999927240e+00
5.759999999999990905e+00
5.950000000000045475e+00
6.310000000000059117e+00
6.569999999999936335e+00
5.340000000000031832e+00
7.110000000000013642e+00
5.959999999999922693e+00
6.500000000000000000e+00
6.590000000000031832e+00
6.550000000000068212e+00
6.159999999999968168e+00
6.309999999999945430e+00
5.830000000000040927e+00
6.970000000000027285e+00
5.579999999999927240e+00
5.610000000000013642e+00
5.970000000000027285e+00
6.669999999999959073e+00
6.320000000000050022e+00
5.870000000000004547e+00
5.860000000000013642e+00
6.469999999999913598e+00
6.040000000000077307e+00
6.569999999999936335e+00
5.400000000000090949e+00
5.589999999999918145e+00
8.330000000000040927e+00
5.939999999999940883e+00
6.960000000000036380e+00
6.000000000000000000e+00
5.190000000000054570e+00
7.319999999999936335e+00
8.269999999999981810e+00
7.070000000000050022e+00
6.240000000000009095e+00
6.279999999999972715e+00
5.320000000000050022e+00
5.419999999999959073e+00
6.590000000000031832e+00
5.899999999999977263e+00
6.850000000000022737e+00
6.480000000000018190e+00
5.269999999999981810e+00
5.490000000000009095e+00
6.019999999999981810e+00
5.879999999999995453e+00
5.919999999999959073e+00
6.639999999999986358e+00
5.990000000000009095e+00
5.460000000000036380e+00
5.909999999999968168e+00
6.019999999999981810e+00
6.350000000000022737e+00
7.019999999999981810e+00
6.290000000000077307e+00
6.219999999999913598e+00
6.640000000000100044e+00
6.769999999999981810e+00
6.569999999999936335e+00
6.810000000000059117e+00
5.939999999999940883e+00
7.820000000000050022e+00
5.899999999999977263e+00
4.630000000000000782e+00
5.849999999999999645e+00
7.160000000000000142e+00
6.010000000000001563e+00
6.439999999999997726e+00
5.770000000000003126e+00
6.419999999999994600e+00
7.310000000000002274e+00
6.719999999999998863e+00
6.030000000000001137e+00
5.189999999999997726e+00
5.310000000000002274e+00
6.109999999999999432e+00
5.909999999999996589e+00
5.200000000000002842e+00
5.600000000000008527e+00
5.809999999999988063e+00
6.050000000000011369e+00
6.189999999999997726e+00
6.390000000000000568e+00
6.149999999999991473e+00
6.030000000000001137e+00
6.099999999999994316e+00
6.090000000000003411e+00
6.219999999999998863e+00
7.370000000000004547e+00
7.539999999999992042e+00
6.210000000000007958e+00
5.520000000000010232e+00
6.669999999999987494e+00
5.700000000000017053e+00
5.349999999999994316e+00
5.759999999999990905e+00
5.719999999999998863e+00
6.290000000000020464e+00
6.139999999999986358e+00
6.039999999999992042e+00
6.030000000000001137e+00
6.599999999999994316e+00
6.510000000000019327e+00
7.269999999999981810e+00
6.870000000000004547e+00
6.889999999999986358e+00
5.890000000000043201e+00
6.939999999999997726e+00
7.109999999999956799e+00
6.939999999999997726e+00
5.300000000000011369e+00
6.090000000000031832e+00
5.490000000000009095e+00
5.269999999999981810e+00
7.050000000000011369e+00
7.069999999999993179e+00
6.389999999999986358e+00
6.430000000000006821e+00
6.860000000000013642e+00
7.229999999999961346e+00
6.470000000000027285e+00
6.639999999999986358e+00
6.790000000000020464e+00
5.750000000000000000e+00
5.079999999999984084e+00
5.720000000000027285e+00
6.919999999999959073e+00
6.080000000000040927e+00
6.539999999999963620e+00
5.580000000000040927e+00
6.119999999999947704e+00
5.820000000000050022e+00
7.819999999999993179e+00
7.589999999999974989e+00
6.350000000000022737e+00
6.789999999999963620e+00
5.800000000000011369e+00
7.009999999999990905e+00
5.819999999999993179e+00
6.180000000000006821e+00
5.569999999999993179e+00
6.510000000000047748e+00
5.699999999999988631e+00
7.520000000000038654e+00
6.979999999999904503e+00
5.960000000000036380e+00
5.730000000000018190e+00
4.220000000000027285e+00
6.039999999999963620e+00
6.149999999999977263e+00
5.830000000000040927e+00
6.000000000000000000e+00
7.519999999999981810e+00
6.970000000000027285e+00
5.039999999999963620e+00
6.399999999999977263e+00
5.910000000000081855e+00
7.629999999999995453e+00
6.539999999999963620e+00
5.240000000000009095e+00
6.460000000000036380e+00
5.000000000000000000e+00
6.079999999999927240e+00
5.659999999999968168e+00
6.320000000000050022e+00
6.370000000000004547e+00
6.289999999999963620e+00
5.600000000000022737e+00
6.889999999999986358e+00
6.879999999999995453e+00
5.639999999999986358e+00
7.280000000000086402e+00
5.979999999999904503e+00
5.250000000000000000e+00
6.230000000000018190e+00
5.519999999999981810e+00
7.070000000000050022e+00
6.889999999999986358e+00
5.029999999999972715e+00
5.850000000000022737e+00
5.790000000000077307e+00
7.079999999999927240e+00
5.610000000000013642e+00
5.659999999999968168e+00
5.660000000000081855e+00
5.569999999999936335e+00
7.700000000000045475e+00
5.649999999999977263e+00
5.610000000000013642e+00
5.740000000000009095e+00
5.100000000000022737e+00
6.769999999999981810e+00
6.199999999999931788e+00
6.470000000000027285e+00
5.909999999999968168e+00
5.650000000000090949e+00
4.740000000000009095e+00
7.919999999999959073e+00
8.330000000000040927e+00
5.889999999999986358e+00
5.329999999999927240e+00
5.850000000000022737e+00
6.750000000000000000e+00
6.659999999999968168e+00
6.009999999999990905e+00
5.810000000000059117e+00
6.549999999999954525e+00
6.040000000000077307e+00
6.969999999999913598e+00
6.320000000000050022e+00
6.590000000000031832e+00
6.899999999999977263e+00
6.779999999999972715e+00
6.120000000000004547e+00
5.990000000000009095e+00
7.309999999999945430e+00
7.340000000000031832e+00
6.259999999999990905e+00
6.920000000000072760e+00
6.990000000000009095e+00
8.129999999999995453e+00
